# This file uses centimeters as units for non-parametric coordinates.

mtllib GrateWalkway.mtl
g default
v 11.226029 2.480891 -116.564168
v 10.947261 2.338851 -116.564168
v 10.726029 2.117619 -116.564168
v 10.583989 1.838851 -116.564168
v 10.535046 1.529833 -116.564168
v 10.583990 1.220816 -116.564168
v 10.726029 0.942048 -116.564168
v 10.947261 0.720816 -116.564168
v 11.226029 0.578777 -116.564168
v 11.535047 0.529833 -116.564168
v 11.844064 0.578777 -116.564168
v 12.122832 0.720816 -116.564168
v 12.344064 0.942048 -116.564168
v 12.486103 1.220816 -116.564168
v 12.535047 1.529833 -116.564168
v 12.486103 1.838850 -116.564168
v 12.344064 2.117619 -116.564168
v 12.122832 2.338850 -116.564168
v 11.844064 2.480890 -116.564168
v 11.535047 2.529833 -116.564168
v 11.226029 2.480891 -54.603921
v 10.947261 2.338851 -54.603921
v 10.726029 2.117619 -54.603921
v 10.583989 1.838851 -54.603921
v 10.535046 1.529833 -54.603921
v 10.583990 1.220816 -54.603921
v 10.726029 0.942048 -54.603921
v 10.947261 0.720816 -54.603921
v 11.226029 0.578777 -54.603921
v 11.535047 0.529833 -54.603921
v 11.844064 0.578777 -54.603921
v 12.122832 0.720816 -54.603921
v 12.344064 0.942048 -54.603921
v 12.486103 1.220816 -54.603921
v 12.535047 1.529833 -54.603921
v 12.486103 1.838850 -54.603921
v 12.344064 2.117619 -54.603921
v 12.122832 2.338850 -54.603921
v 11.844064 2.480890 -54.603921
v 11.535047 2.529833 -54.603921
v 11.535047 1.529833 -116.564168
v 11.535047 1.529833 -54.603921
v 69.355743 2.480891 -116.564168
v 69.076981 2.338851 -116.564168
v 68.855743 2.117619 -116.564168
v 68.713707 1.838851 -116.564168
v 68.664764 1.529833 -116.564168
v 68.713707 1.220816 -116.564168
v 68.855743 0.942048 -116.564168
v 69.076981 0.720816 -116.564168
v 69.355751 0.578777 -116.564168
v 69.664764 0.529833 -116.564168
v 69.973778 0.578777 -116.564168
v 70.252548 0.720816 -116.564168
v 70.473778 0.942048 -116.564168
v 70.615822 1.220816 -116.564168
v 70.664764 1.529833 -116.564168
v 70.615822 1.838850 -116.564168
v 70.473778 2.117619 -116.564168
v 70.252548 2.338850 -116.564168
v 69.973778 2.480890 -116.564168
v 69.664764 2.529833 -116.564168
v 69.355743 2.480891 -54.603921
v 69.076981 2.338851 -54.603921
v 68.855743 2.117619 -54.603921
v 68.713707 1.838851 -54.603921
v 68.664764 1.529833 -54.603921
v 68.713707 1.220816 -54.603921
v 68.855743 0.942048 -54.603921
v 69.076981 0.720816 -54.603921
v 69.355751 0.578777 -54.603921
v 69.664764 0.529833 -54.603921
v 69.973778 0.578777 -54.603921
v 70.252548 0.720816 -54.603921
v 70.473778 0.942048 -54.603921
v 70.615822 1.220816 -54.603921
v 70.664764 1.529833 -54.603921
v 70.615822 1.838850 -54.603921
v 70.473778 2.117619 -54.603921
v 70.252548 2.338850 -54.603921
v 69.973778 2.480890 -54.603921
v 69.664764 2.529833 -54.603921
v 69.664764 1.529833 -116.564168
v 69.664764 1.529833 -54.603921
v -11.801365 2.480891 -116.564168
v -12.080133 2.338851 -116.564168
v -12.301365 2.117619 -116.564168
v -12.443405 1.838851 -116.564168
v -12.492348 1.529833 -116.564168
v -12.443405 1.220816 -116.564168
v -12.301365 0.942048 -116.564168
v -12.080133 0.720816 -116.564168
v -11.801365 0.578777 -116.564168
v -11.492348 0.529833 -116.564168
v -11.183331 0.578777 -116.564168
v -10.904562 0.720816 -116.564168
v -10.683331 0.942048 -116.564168
v -10.541291 1.220816 -116.564168
v -10.492348 1.529833 -116.564168
v -10.541291 1.838850 -116.564168
v -10.683331 2.117619 -116.564168
v -10.904562 2.338850 -116.564168
v -11.183331 2.480890 -116.564168
v -11.492348 2.529833 -116.564168
v -11.801365 2.480891 -54.603921
v -12.080133 2.338851 -54.603921
v -12.301365 2.117619 -54.603921
v -12.443405 1.838851 -54.603921
v -12.492348 1.529833 -54.603921
v -12.443405 1.220816 -54.603921
v -12.301365 0.942048 -54.603921
v -12.080133 0.720816 -54.603921
v -11.801365 0.578777 -54.603921
v -11.492348 0.529833 -54.603921
v -11.183331 0.578777 -54.603921
v -10.904562 0.720816 -54.603921
v -10.683331 0.942048 -54.603921
v -10.541291 1.220816 -54.603921
v -10.492348 1.529833 -54.603921
v -10.541291 1.838850 -54.603921
v -10.683331 2.117619 -54.603921
v -10.904562 2.338850 -54.603921
v -11.183331 2.480890 -54.603921
v -11.492348 2.529833 -54.603921
v -11.492348 1.529833 -116.564168
v -11.492348 1.529833 -54.603921
v 45.747688 2.480891 -116.564168
v 45.468922 2.338851 -116.564168
v 45.247688 2.117619 -116.564168
v 45.105648 1.838851 -116.564168
v 45.056705 1.529833 -116.564168
v 45.105648 1.220816 -116.564168
v 45.247688 0.942048 -116.564168
v 45.468922 0.720816 -116.564168
v 45.747688 0.578777 -116.564168
v 46.056705 0.529833 -116.564168
v 46.365723 0.578777 -116.564168
v 46.644489 0.720816 -116.564168
v 46.865723 0.942048 -116.564168
v 47.007763 1.220816 -116.564168
v 47.056705 1.529833 -116.564168
v 47.007763 1.838850 -116.564168
v 46.865723 2.117619 -116.564168
v 46.644489 2.338850 -116.564168
v 46.365723 2.480890 -116.564168
v 46.056705 2.529833 -116.564168
v 45.747688 2.480891 -54.603921
v 45.468922 2.338851 -54.603921
v 45.247688 2.117619 -54.603921
v 45.105648 1.838851 -54.603921
v 45.056705 1.529833 -54.603921
v 45.105648 1.220816 -54.603921
v 45.247688 0.942048 -54.603921
v 45.468922 0.720816 -54.603921
v 45.747688 0.578777 -54.603921
v 46.056705 0.529833 -54.603921
v 46.365723 0.578777 -54.603921
v 46.644489 0.720816 -54.603921
v 46.865723 0.942048 -54.603921
v 47.007763 1.220816 -54.603921
v 47.056705 1.529833 -54.603921
v 47.007763 1.838850 -54.603921
v 46.865723 2.117619 -54.603921
v 46.644489 2.338850 -54.603921
v 46.365723 2.480890 -54.603921
v 46.056705 2.529833 -54.603921
v 46.056705 1.529833 -116.564168
v 46.056705 1.529833 -54.603921
v 22.720293 2.480891 -116.564168
v 22.441525 2.338851 -116.564168
v 22.220293 2.117619 -116.564168
v 22.078253 1.838851 -116.564168
v 22.029310 1.529833 -116.564168
v 22.078253 1.220816 -116.564168
v 22.220293 0.942048 -116.564168
v 22.441525 0.720816 -116.564168
v 22.720293 0.578777 -116.564168
v 23.029310 0.529833 -116.564168
v 23.338327 0.578777 -116.564168
v 23.617096 0.720816 -116.564168
v 23.838327 0.942048 -116.564168
v 23.980368 1.220816 -116.564168
v 24.029310 1.529833 -116.564168
v 23.980368 1.838850 -116.564168
v 23.838327 2.117619 -116.564168
v 23.617096 2.338850 -116.564168
v 23.338327 2.480890 -116.564168
v 23.029310 2.529833 -116.564168
v 22.720293 2.480891 -54.603921
v 22.441525 2.338851 -54.603921
v 22.220293 2.117619 -54.603921
v 22.078253 1.838851 -54.603921
v 22.029310 1.529833 -54.603921
v 22.078253 1.220816 -54.603921
v 22.220293 0.942048 -54.603921
v 22.441525 0.720816 -54.603921
v 22.720293 0.578777 -54.603921
v 23.029310 0.529833 -54.603921
v 23.338327 0.578777 -54.603921
v 23.617096 0.720816 -54.603921
v 23.838327 0.942048 -54.603921
v 23.980368 1.220816 -54.603921
v 24.029310 1.529833 -54.603921
v 23.980368 1.838850 -54.603921
v 23.838327 2.117619 -54.603921
v 23.617096 2.338850 -54.603921
v 23.338327 2.480890 -54.603921
v 23.029310 2.529833 -54.603921
v 23.029310 1.529833 -116.564168
v 23.029310 1.529833 -54.603921
v -0.479243 2.480891 -116.564168
v -0.758012 2.338851 -116.564168
v -0.979244 2.117619 -116.564168
v -1.121283 1.838851 -116.564168
v -1.170227 1.529833 -116.564168
v -1.121283 1.220816 -116.564168
v -0.979243 0.942048 -116.564168
v -0.758012 0.720816 -116.564168
v -0.479243 0.578777 -116.564168
v -0.170226 0.529833 -116.564168
v 0.138791 0.578777 -116.564168
v 0.417559 0.720816 -116.564168
v 0.638791 0.942048 -116.564168
v 0.780831 1.220816 -116.564168
v 0.829774 1.529833 -116.564168
v 0.780830 1.838850 -116.564168
v 0.638791 2.117619 -116.564168
v 0.417559 2.338850 -116.564168
v 0.138791 2.480890 -116.564168
v -0.170226 2.529833 -116.564168
v -0.479243 2.480891 -54.603921
v -0.758012 2.338851 -54.603921
v -0.979244 2.117619 -54.603921
v -1.121283 1.838851 -54.603921
v -1.170227 1.529833 -54.603921
v -1.121283 1.220816 -54.603921
v -0.979243 0.942048 -54.603921
v -0.758012 0.720816 -54.603921
v -0.479243 0.578777 -54.603921
v -0.170226 0.529833 -54.603921
v 0.138791 0.578777 -54.603921
v 0.417559 0.720816 -54.603921
v 0.638791 0.942048 -54.603921
v 0.780831 1.220816 -54.603921
v 0.829774 1.529833 -54.603921
v 0.780830 1.838850 -54.603921
v 0.638791 2.117619 -54.603921
v 0.417559 2.338850 -54.603921
v 0.138791 2.480890 -54.603921
v -0.170226 2.529833 -54.603921
v -0.170226 1.529833 -116.564168
v -0.170226 1.529833 -54.603921
v 57.452961 2.480891 -116.564168
v 57.174194 2.338851 -116.564168
v 56.952961 2.117619 -116.564168
v 56.810921 1.838851 -116.564168
v 56.761978 1.529833 -116.564168
v 56.810921 1.220816 -116.564168
v 56.952961 0.942048 -116.564168
v 57.174194 0.720816 -116.564168
v 57.452961 0.578777 -116.564168
v 57.761978 0.529833 -116.564168
v 58.070995 0.578777 -116.564168
v 58.349762 0.720816 -116.564168
v 58.570995 0.942048 -116.564168
v 58.713036 1.220816 -116.564168
v 58.761978 1.529833 -116.564168
v 58.713036 1.838850 -116.564168
v 58.570995 2.117619 -116.564168
v 58.349762 2.338850 -116.564168
v 58.070995 2.480890 -116.564168
v 57.761978 2.529833 -116.564168
v 57.452961 2.480891 -54.603921
v 57.174194 2.338851 -54.603921
v 56.952961 2.117619 -54.603921
v 56.810921 1.838851 -54.603921
v 56.761978 1.529833 -54.603921
v 56.810921 1.220816 -54.603921
v 56.952961 0.942048 -54.603921
v 57.174194 0.720816 -54.603921
v 57.452961 0.578777 -54.603921
v 57.761978 0.529833 -54.603921
v 58.070995 0.578777 -54.603921
v 58.349762 0.720816 -54.603921
v 58.570995 0.942048 -54.603921
v 58.713036 1.220816 -54.603921
v 58.761978 1.529833 -54.603921
v 58.713036 1.838850 -54.603921
v 58.570995 2.117619 -54.603921
v 58.349762 2.338850 -54.603921
v 58.070995 2.480890 -54.603921
v 57.761978 2.529833 -54.603921
v 57.761978 1.529833 -116.564168
v 57.761978 1.529833 -54.603921
v 34.425568 2.480891 -116.564168
v 34.146801 2.338851 -116.564168
v 33.925568 2.117619 -116.564168
v 33.783527 1.838851 -116.564168
v 33.734585 1.529833 -116.564168
v 33.783527 1.220816 -116.564168
v 33.925568 0.942048 -116.564168
v 34.146801 0.720816 -116.564168
v 34.425568 0.578777 -116.564168
v 34.734585 0.529833 -116.564168
v 35.043602 0.578777 -116.564168
v 35.322369 0.720816 -116.564168
v 35.543602 0.942048 -116.564168
v 35.685642 1.220816 -116.564168
v 35.734585 1.529833 -116.564168
v 35.685642 1.838850 -116.564168
v 35.543602 2.117619 -116.564168
v 35.322369 2.338850 -116.564168
v 35.043602 2.480890 -116.564168
v 34.734585 2.529833 -116.564168
v 34.425568 2.480891 -54.603921
v 34.146801 2.338851 -54.603921
v 33.925568 2.117619 -54.603921
v 33.783527 1.838851 -54.603921
v 33.734585 1.529833 -54.603921
v 33.783527 1.220816 -54.603921
v 33.925568 0.942048 -54.603921
v 34.146801 0.720816 -54.603921
v 34.425568 0.578777 -54.603921
v 34.734585 0.529833 -54.603921
v 35.043602 0.578777 -54.603921
v 35.322369 0.720816 -54.603921
v 35.543602 0.942048 -54.603921
v 35.685642 1.220816 -54.603921
v 35.734585 1.529833 -54.603921
v 35.685642 1.838850 -54.603921
v 35.543602 2.117619 -54.603921
v 35.322369 2.338850 -54.603921
v 35.043602 2.480890 -54.603921
v 34.734585 2.529833 -54.603921
v 34.734585 1.529833 -116.564168
v 34.734585 1.529833 -54.603921
v -23.506638 2.480891 -116.564168
v -23.785406 2.338851 -116.564168
v -24.006638 2.117619 -116.564168
v -24.148678 1.838851 -116.564168
v -24.197620 1.529833 -116.564168
v -24.148678 1.220816 -116.564168
v -24.006638 0.942048 -116.564168
v -23.785406 0.720816 -116.564168
v -23.506638 0.578777 -116.564168
v -23.197620 0.529833 -116.564168
v -22.888603 0.578777 -116.564168
v -22.609835 0.720816 -116.564168
v -22.388603 0.942048 -116.564168
v -22.246563 1.220816 -116.564168
v -22.197620 1.529833 -116.564168
v -22.246563 1.838850 -116.564168
v -22.388603 2.117619 -116.564168
v -22.609835 2.338850 -116.564168
v -22.888603 2.480890 -116.564168
v -23.197620 2.529833 -116.564168
v -23.506638 2.480891 -54.603921
v -23.785406 2.338851 -54.603921
v -24.006638 2.117619 -54.603921
v -24.148678 1.838851 -54.603921
v -24.197620 1.529833 -54.603921
v -24.148678 1.220816 -54.603921
v -24.006638 0.942048 -54.603921
v -23.785406 0.720816 -54.603921
v -23.506638 0.578777 -54.603921
v -23.197620 0.529833 -54.603921
v -22.888603 0.578777 -54.603921
v -22.609835 0.720816 -54.603921
v -22.388603 0.942048 -54.603921
v -22.246563 1.220816 -54.603921
v -22.197620 1.529833 -54.603921
v -22.246563 1.838850 -54.603921
v -22.388603 2.117619 -54.603921
v -22.609835 2.338850 -54.603921
v -22.888603 2.480890 -54.603921
v -23.197620 2.529833 -54.603921
v -23.197620 1.529833 -116.564168
v -23.197620 1.529833 -54.603921
v 80.308662 2.480891 -72.770238
v 80.308662 2.338851 -73.049005
v 80.308662 2.117619 -73.270238
v 80.308662 1.838851 -73.412278
v 80.308662 1.529833 -73.461221
v 80.308662 1.220816 -73.412278
v 80.308662 0.942048 -73.270238
v 80.308662 0.720816 -73.049005
v 80.308662 0.578777 -72.770238
v 80.308662 0.529833 -72.461221
v 80.308662 0.578777 -72.152204
v 80.308662 0.720816 -71.873437
v 80.308662 0.942048 -71.652204
v 80.308662 1.220816 -71.510164
v 80.308662 1.529833 -71.461221
v 80.308662 1.838850 -71.510164
v 80.308662 2.117619 -71.652204
v 80.308662 2.338850 -71.873437
v 80.308662 2.480890 -72.152204
v 80.308662 2.529833 -72.461221
v -80.308662 2.480891 -72.770238
v -80.308662 2.338851 -73.049005
v -80.308662 2.117619 -73.270238
v -80.308662 1.838851 -73.412278
v -80.308662 1.529833 -73.461221
v -80.308662 1.220816 -73.412278
v -80.308662 0.942048 -73.270238
v -80.308662 0.720816 -73.049005
v -80.308662 0.578777 -72.770238
v -80.308662 0.529833 -72.461221
v -80.308662 0.578777 -72.152204
v -80.308662 0.720816 -71.873437
v -80.308662 0.942048 -71.652204
v -80.308662 1.220816 -71.510164
v -80.308662 1.529833 -71.461221
v -80.308662 1.838850 -71.510164
v -80.308662 2.117619 -71.652204
v -80.308662 2.338850 -71.873437
v -80.308662 2.480890 -72.152204
v -80.308662 2.529833 -72.461221
v 80.308662 1.529833 -72.461221
v -80.308662 1.529833 -72.461221
v 80.308662 2.480891 -81.553579
v 80.308662 2.338851 -81.832345
v 80.308662 2.117619 -82.053579
v 80.308662 1.838851 -82.195619
v 80.308662 1.529833 -82.244561
v 80.308662 1.220816 -82.195619
v 80.308662 0.942048 -82.053579
v 80.308662 0.720816 -81.832345
v 80.308662 0.578777 -81.553579
v 80.308662 0.529833 -81.244561
v 80.308662 0.578777 -80.935544
v 80.308662 0.720816 -80.656778
v 80.308662 0.942048 -80.435544
v 80.308662 1.220816 -80.293504
v 80.308662 1.529833 -80.244561
v 80.308662 1.838850 -80.293504
v 80.308662 2.117619 -80.435544
v 80.308662 2.338850 -80.656778
v 80.308662 2.480890 -80.935544
v 80.308662 2.529833 -81.244561
v -80.308662 2.480891 -81.553579
v -80.308662 2.338851 -81.832345
v -80.308662 2.117619 -82.053579
v -80.308662 1.838851 -82.195619
v -80.308662 1.529833 -82.244561
v -80.308662 1.220816 -82.195619
v -80.308662 0.942048 -82.053579
v -80.308662 0.720816 -81.832345
v -80.308662 0.578777 -81.553579
v -80.308662 0.529833 -81.244561
v -80.308662 0.578777 -80.935544
v -80.308662 0.720816 -80.656778
v -80.308662 0.942048 -80.435544
v -80.308662 1.220816 -80.293504
v -80.308662 1.529833 -80.244561
v -80.308662 1.838850 -80.293504
v -80.308662 2.117619 -80.435544
v -80.308662 2.338850 -80.656778
v -80.308662 2.480890 -80.935544
v -80.308662 2.529833 -81.244561
v 80.308662 1.529833 -81.244561
v -80.308662 1.529833 -81.244561
v -34.737484 2.480891 -116.564168
v -35.016251 2.338851 -116.564168
v -35.237484 2.117619 -116.564168
v -35.379524 1.838851 -116.564168
v -35.428467 1.529833 -116.564168
v -35.379524 1.220816 -116.564168
v -35.237484 0.942048 -116.564168
v -35.016251 0.720816 -116.564168
v -34.737484 0.578777 -116.564168
v -34.428467 0.529833 -116.564168
v -34.119450 0.578777 -116.564168
v -33.840683 0.720816 -116.564168
v -33.619450 0.942048 -116.564168
v -33.477409 1.220816 -116.564168
v -33.428467 1.529833 -116.564168
v -33.477409 1.838850 -116.564168
v -33.619450 2.117619 -116.564168
v -33.840683 2.338850 -116.564168
v -34.119450 2.480890 -116.564168
v -34.428467 2.529833 -116.564168
v -34.737484 2.480891 -54.603921
v -35.016251 2.338851 -54.603921
v -35.237484 2.117619 -54.603921
v -35.379524 1.838851 -54.603921
v -35.428467 1.529833 -54.603921
v -35.379524 1.220816 -54.603921
v -35.237484 0.942048 -54.603921
v -35.016251 0.720816 -54.603921
v -34.737484 0.578777 -54.603921
v -34.428467 0.529833 -54.603921
v -34.119450 0.578777 -54.603921
v -33.840683 0.720816 -54.603921
v -33.619450 0.942048 -54.603921
v -33.477409 1.220816 -54.603921
v -33.428467 1.529833 -54.603921
v -33.477409 1.838850 -54.603921
v -33.619450 2.117619 -54.603921
v -33.840683 2.338850 -54.603921
v -34.119450 2.480890 -54.603921
v -34.428467 2.529833 -54.603921
v -34.428467 1.529833 -116.564168
v -34.428467 1.529833 -54.603921
v 80.308662 2.480891 -98.908208
v 80.308662 2.338851 -99.186971
v 80.308662 2.117619 -99.408208
v 80.308662 1.838851 -99.550245
v 80.308662 1.529833 -99.599187
v 80.308662 1.220816 -99.550245
v 80.308662 0.942048 -99.408208
v 80.308662 0.720816 -99.186971
v 80.308662 0.578777 -98.908201
v 80.308662 0.529833 -98.599187
v 80.308662 0.578777 -98.290174
v 80.308662 0.720816 -98.011403
v 80.308662 0.942048 -97.790174
v 80.308662 1.220816 -97.648130
v 80.308662 1.529833 -97.599187
v 80.308662 1.838850 -97.648130
v 80.308662 2.117619 -97.790174
v 80.308662 2.338850 -98.011403
v 80.308662 2.480890 -98.290174
v 80.308662 2.529833 -98.599187
v -80.308662 2.480891 -98.908208
v -80.308662 2.338851 -99.186971
v -80.308662 2.117619 -99.408208
v -80.308662 1.838851 -99.550245
v -80.308662 1.529833 -99.599187
v -80.308662 1.220816 -99.550245
v -80.308662 0.942048 -99.408208
v -80.308662 0.720816 -99.186971
v -80.308662 0.578777 -98.908201
v -80.308662 0.529833 -98.599187
v -80.308662 0.578777 -98.290174
v -80.308662 0.720816 -98.011403
v -80.308662 0.942048 -97.790174
v -80.308662 1.220816 -97.648130
v -80.308662 1.529833 -97.599187
v -80.308662 1.838850 -97.648130
v -80.308662 2.117619 -97.790174
v -80.308662 2.338850 -98.011403
v -80.308662 2.480890 -98.290174
v -80.308662 2.529833 -98.599187
v 80.308662 1.529833 -98.599187
v -80.308662 1.529833 -98.599187
v -69.470154 2.480891 -116.564168
v -69.748917 2.338851 -116.564168
v -69.970154 2.117619 -116.564168
v -70.112190 1.838851 -116.564168
v -70.161133 1.529833 -116.564168
v -70.112190 1.220816 -116.564168
v -69.970154 0.942048 -116.564168
v -69.748917 0.720816 -116.564168
v -69.470146 0.578777 -116.564168
v -69.161133 0.529833 -116.564168
v -68.852119 0.578777 -116.564168
v -68.573349 0.720816 -116.564168
v -68.352119 0.942048 -116.564168
v -68.210075 1.220816 -116.564168
v -68.161133 1.529833 -116.564168
v -68.210075 1.838850 -116.564168
v -68.352119 2.117619 -116.564168
v -68.573349 2.338850 -116.564168
v -68.852119 2.480890 -116.564168
v -69.161133 2.529833 -116.564168
v -69.470154 2.480891 -54.603921
v -69.748917 2.338851 -54.603921
v -69.970154 2.117619 -54.603921
v -70.112190 1.838851 -54.603921
v -70.161133 1.529833 -54.603921
v -70.112190 1.220816 -54.603921
v -69.970154 0.942048 -54.603921
v -69.748917 0.720816 -54.603921
v -69.470146 0.578777 -54.603921
v -69.161133 0.529833 -54.603921
v -68.852119 0.578777 -54.603921
v -68.573349 0.720816 -54.603921
v -68.352119 0.942048 -54.603921
v -68.210075 1.220816 -54.603921
v -68.161133 1.529833 -54.603921
v -68.210075 1.838850 -54.603921
v -68.352119 2.117619 -54.603921
v -68.573349 2.338850 -54.603921
v -68.852119 2.480890 -54.603921
v -69.161133 2.529833 -54.603921
v -69.161133 1.529833 -116.564168
v -69.161133 1.529833 -54.603921
v 80.308662 2.480891 -90.124864
v 80.308662 2.338851 -90.403631
v 80.308662 2.117619 -90.624864
v 80.308662 1.838851 -90.766904
v 80.308662 1.529833 -90.815847
v 80.308662 1.220816 -90.766904
v 80.308662 0.942048 -90.624864
v 80.308662 0.720816 -90.403631
v 80.308662 0.578777 -90.124864
v 80.308662 0.529833 -89.815847
v 80.308662 0.578777 -89.506830
v 80.308662 0.720816 -89.228063
v 80.308662 0.942048 -89.006830
v 80.308662 1.220816 -88.864789
v 80.308662 1.529833 -88.815847
v 80.308662 1.838850 -88.864789
v 80.308662 2.117619 -89.006830
v 80.308662 2.338850 -89.228063
v 80.308662 2.480890 -89.506830
v 80.308662 2.529833 -89.815847
v -80.308662 2.480891 -90.124864
v -80.308662 2.338851 -90.403631
v -80.308662 2.117619 -90.624864
v -80.308662 1.838851 -90.766904
v -80.308662 1.529833 -90.815847
v -80.308662 1.220816 -90.766904
v -80.308662 0.942048 -90.624864
v -80.308662 0.720816 -90.403631
v -80.308662 0.578777 -90.124864
v -80.308662 0.529833 -89.815847
v -80.308662 0.578777 -89.506830
v -80.308662 0.720816 -89.228063
v -80.308662 0.942048 -89.006830
v -80.308662 1.220816 -88.864789
v -80.308662 1.529833 -88.815847
v -80.308662 1.838850 -88.864789
v -80.308662 2.117619 -89.006830
v -80.308662 2.338850 -89.228063
v -80.308662 2.480890 -89.506830
v -80.308662 2.529833 -89.815847
v 80.308662 1.529833 -89.815847
v -80.308662 1.529833 -89.815847
v 80.308662 2.480891 -55.087005
v 80.308662 2.338851 -55.365773
v 80.308662 2.117619 -55.587005
v 80.308662 1.838851 -55.729045
v 80.308662 1.529833 -55.777988
v 80.308662 1.220816 -55.729045
v 80.308662 0.942048 -55.587005
v 80.308662 0.720816 -55.365773
v 80.308662 0.578777 -55.087005
v 80.308662 0.529833 -54.777988
v 80.308662 0.578777 -54.468971
v 80.308662 0.720816 -54.190202
v 80.308662 0.942048 -53.968971
v 80.308662 1.220816 -53.826930
v 80.308662 1.529833 -53.777988
v 80.308662 1.838850 -53.826930
v 80.308662 2.117619 -53.968971
v 80.308662 2.338850 -54.190202
v 80.308662 2.480890 -54.468971
v 80.308662 2.529833 -54.777988
v -80.308662 2.480891 -55.087005
v -80.308662 2.338851 -55.365773
v -80.308662 2.117619 -55.587005
v -80.308662 1.838851 -55.729045
v -80.308662 1.529833 -55.777988
v -80.308662 1.220816 -55.729045
v -80.308662 0.942048 -55.587005
v -80.308662 0.720816 -55.365773
v -80.308662 0.578777 -55.087005
v -80.308662 0.529833 -54.777988
v -80.308662 0.578777 -54.468971
v -80.308662 0.720816 -54.190202
v -80.308662 0.942048 -53.968971
v -80.308662 1.220816 -53.826930
v -80.308662 1.529833 -53.777988
v -80.308662 1.838850 -53.826930
v -80.308662 2.117619 -53.968971
v -80.308662 2.338850 -54.190202
v -80.308662 2.480890 -54.468971
v -80.308662 2.529833 -54.777988
v 80.308662 1.529833 -54.777988
v -80.308662 1.529833 -54.777988
v 80.308662 2.480891 -116.591436
v 80.308662 2.338851 -116.870206
v 80.308662 2.117619 -117.091443
v 80.308662 1.838851 -117.233480
v 80.308662 1.529833 -117.282422
v 80.308662 1.220816 -117.233480
v 80.308662 0.942048 -117.091443
v 80.308662 0.720816 -116.870206
v 80.308662 0.578777 -116.591436
v 80.308662 0.529833 -116.282422
v 80.308662 0.578777 -115.973409
v 80.308662 0.720816 -115.694639
v 80.308662 0.942048 -115.473409
v 80.308662 1.220816 -115.331365
v 80.308662 1.529833 -115.282422
v 80.308662 1.838850 -115.331365
v 80.308662 2.117619 -115.473409
v 80.308662 2.338850 -115.694639
v 80.308662 2.480890 -115.973409
v 80.308662 2.529833 -116.282422
v -80.308662 2.480891 -116.591436
v -80.308662 2.338851 -116.870206
v -80.308662 2.117619 -117.091443
v -80.308662 1.838851 -117.233480
v -80.308662 1.529833 -117.282422
v -80.308662 1.220816 -117.233480
v -80.308662 0.942048 -117.091443
v -80.308662 0.720816 -116.870206
v -80.308662 0.578777 -116.591436
v -80.308662 0.529833 -116.282422
v -80.308662 0.578777 -115.973409
v -80.308662 0.720816 -115.694639
v -80.308662 0.942048 -115.473409
v -80.308662 1.220816 -115.331365
v -80.308662 1.529833 -115.282422
v -80.308662 1.838850 -115.331365
v -80.308662 2.117619 -115.473409
v -80.308662 2.338850 -115.694639
v -80.308662 2.480890 -115.973409
v -80.308662 2.529833 -116.282422
v 80.308662 1.529833 -116.282422
v -80.308662 1.529833 -116.282422
v 80.308662 2.480891 -107.808095
v 80.308662 2.338851 -108.086866
v 80.308662 2.117619 -108.308103
v 80.308662 1.838851 -108.450139
v 80.308662 1.529833 -108.499082
v 80.308662 1.220816 -108.450139
v 80.308662 0.942048 -108.308103
v 80.308662 0.720816 -108.086866
v 80.308662 0.578777 -107.808095
v 80.308662 0.529833 -107.499082
v 80.308662 0.578777 -107.190069
v 80.308662 0.720816 -106.911298
v 80.308662 0.942048 -106.690069
v 80.308662 1.220816 -106.548024
v 80.308662 1.529833 -106.499082
v 80.308662 1.838850 -106.548024
v 80.308662 2.117619 -106.690069
v 80.308662 2.338850 -106.911298
v 80.308662 2.480890 -107.190069
v 80.308662 2.529833 -107.499082
v -80.308662 2.480891 -107.808095
v -80.308662 2.338851 -108.086866
v -80.308662 2.117619 -108.308103
v -80.308662 1.838851 -108.450139
v -80.308662 1.529833 -108.499082
v -80.308662 1.220816 -108.450139
v -80.308662 0.942048 -108.308103
v -80.308662 0.720816 -108.086866
v -80.308662 0.578777 -107.808095
v -80.308662 0.529833 -107.499082
v -80.308662 0.578777 -107.190069
v -80.308662 0.720816 -106.911298
v -80.308662 0.942048 -106.690069
v -80.308662 1.220816 -106.548024
v -80.308662 1.529833 -106.499082
v -80.308662 1.838850 -106.548024
v -80.308662 2.117619 -106.690069
v -80.308662 2.338850 -106.911298
v -80.308662 2.480890 -107.190069
v -80.308662 2.529833 -107.499082
v 80.308662 1.529833 -107.499082
v -80.308662 1.529833 -107.499082
v -57.764877 2.480891 -116.564168
v -58.043644 2.338851 -116.564168
v -58.264877 2.117619 -116.564168
v -58.406918 1.838851 -116.564168
v -58.455860 1.529833 -116.564168
v -58.406918 1.220816 -116.564168
v -58.264877 0.942048 -116.564168
v -58.043644 0.720816 -116.564168
v -57.764877 0.578777 -116.564168
v -57.455860 0.529833 -116.564168
v -57.146843 0.578777 -116.564168
v -56.868076 0.720816 -116.564168
v -56.646843 0.942048 -116.564168
v -56.504803 1.220816 -116.564168
v -56.455860 1.529833 -116.564168
v -56.504803 1.838850 -116.564168
v -56.646843 2.117619 -116.564168
v -56.868076 2.338850 -116.564168
v -57.146843 2.480890 -116.564168
v -57.455860 2.529833 -116.564168
v -57.764877 2.480891 -54.603921
v -58.043644 2.338851 -54.603921
v -58.264877 2.117619 -54.603921
v -58.406918 1.838851 -54.603921
v -58.455860 1.529833 -54.603921
v -58.406918 1.220816 -54.603921
v -58.264877 0.942048 -54.603921
v -58.043644 0.720816 -54.603921
v -57.764877 0.578777 -54.603921
v -57.455860 0.529833 -54.603921
v -57.146843 0.578777 -54.603921
v -56.868076 0.720816 -54.603921
v -56.646843 0.942048 -54.603921
v -56.504803 1.220816 -54.603921
v -56.455860 1.529833 -54.603921
v -56.504803 1.838850 -54.603921
v -56.646843 2.117619 -54.603921
v -56.868076 2.338850 -54.603921
v -57.146843 2.480890 -54.603921
v -57.455860 2.529833 -54.603921
v -57.455860 1.529833 -116.564168
v -57.455860 1.529833 -54.603921
v -46.442757 2.480891 -116.564168
v -46.721523 2.338851 -116.564168
v -46.942757 2.117619 -116.564168
v -47.084797 1.838851 -116.564168
v -47.133739 1.529833 -116.564168
v -47.084797 1.220816 -116.564168
v -46.942757 0.942048 -116.564168
v -46.721523 0.720816 -116.564168
v -46.442757 0.578777 -116.564168
v -46.133739 0.529833 -116.564168
v -45.824722 0.578777 -116.564168
v -45.545956 0.720816 -116.564168
v -45.324722 0.942048 -116.564168
v -45.182682 1.220816 -116.564168
v -45.133739 1.529833 -116.564168
v -45.182682 1.838850 -116.564168
v -45.324722 2.117619 -116.564168
v -45.545956 2.338850 -116.564168
v -45.824722 2.480890 -116.564168
v -46.133739 2.529833 -116.564168
v -46.442757 2.480891 -54.603921
v -46.721523 2.338851 -54.603921
v -46.942757 2.117619 -54.603921
v -47.084797 1.838851 -54.603921
v -47.133739 1.529833 -54.603921
v -47.084797 1.220816 -54.603921
v -46.942757 0.942048 -54.603921
v -46.721523 0.720816 -54.603921
v -46.442757 0.578777 -54.603921
v -46.133739 0.529833 -54.603921
v -45.824722 0.578777 -54.603921
v -45.545956 0.720816 -54.603921
v -45.324722 0.942048 -54.603921
v -45.182682 1.220816 -54.603921
v -45.133739 1.529833 -54.603921
v -45.182682 1.838850 -54.603921
v -45.324722 2.117619 -54.603921
v -45.545956 2.338850 -54.603921
v -45.824722 2.480890 -54.603921
v -46.133739 2.529833 -54.603921
v -46.133739 1.529833 -116.564168
v -46.133739 1.529833 -54.603921
v 80.308662 2.480891 -63.870343
v 80.308662 2.338851 -64.149110
v 80.308662 2.117619 -64.370343
v 80.308662 1.838851 -64.512384
v 80.308662 1.529833 -64.561326
v 80.308662 1.220816 -64.512384
v 80.308662 0.942048 -64.370343
v 80.308662 0.720816 -64.149110
v 80.308662 0.578777 -63.870343
v 80.308662 0.529833 -63.561326
v 80.308662 0.578777 -63.252309
v 80.308662 0.720816 -62.973542
v 80.308662 0.942048 -62.752309
v 80.308662 1.220816 -62.610269
v 80.308662 1.529833 -62.561326
v 80.308662 1.838850 -62.610269
v 80.308662 2.117619 -62.752309
v 80.308662 2.338850 -62.973542
v 80.308662 2.480890 -63.252309
v 80.308662 2.529833 -63.561326
v -80.308662 2.480891 -63.870343
v -80.308662 2.338851 -64.149110
v -80.308662 2.117619 -64.370343
v -80.308662 1.838851 -64.512384
v -80.308662 1.529833 -64.561326
v -80.308662 1.220816 -64.512384
v -80.308662 0.942048 -64.370343
v -80.308662 0.720816 -64.149110
v -80.308662 0.578777 -63.870343
v -80.308662 0.529833 -63.561326
v -80.308662 0.578777 -63.252309
v -80.308662 0.720816 -62.973542
v -80.308662 0.942048 -62.752309
v -80.308662 1.220816 -62.610269
v -80.308662 1.529833 -62.561326
v -80.308662 1.838850 -62.610269
v -80.308662 2.117619 -62.752309
v -80.308662 2.338850 -62.973542
v -80.308662 2.480890 -63.252309
v -80.308662 2.529833 -63.561326
v 80.308662 1.529833 -63.561326
v -80.308662 1.529833 -63.561326
vt 0.648603 0.107966
vt 0.626409 0.064408
vt 0.591842 0.029841
vt 0.548284 0.007647
vt 0.500000 -0.000000
vt 0.451716 0.007647
vt 0.408159 0.029841
vt 0.373591 0.064409
vt 0.351397 0.107966
vt 0.343750 0.156250
vt 0.351397 0.204534
vt 0.373591 0.248091
vt 0.408159 0.282659
vt 0.451716 0.304853
vt 0.500000 0.312500
vt 0.548284 0.304853
vt 0.591841 0.282659
vt 0.626409 0.248091
vt 0.648603 0.204534
vt 0.656250 0.156250
vt 0.375000 0.312500
vt 0.387500 0.312500
vt 0.400000 0.312500
vt 0.412500 0.312500
vt 0.425000 0.312500
vt 0.437500 0.312500
vt 0.450000 0.312500
vt 0.462500 0.312500
vt 0.475000 0.312500
vt 0.487500 0.312500
vt 0.500000 0.312500
vt 0.512500 0.312500
vt 0.525000 0.312500
vt 0.537500 0.312500
vt 0.550000 0.312500
vt 0.562500 0.312500
vt 0.575000 0.312500
vt 0.587500 0.312500
vt 0.600000 0.312500
vt 0.612500 0.312500
vt 0.625000 0.312500
vt 0.375000 0.687500
vt 0.387500 0.687500
vt 0.400000 0.687500
vt 0.412500 0.687500
vt 0.425000 0.687500
vt 0.437500 0.687500
vt 0.450000 0.687500
vt 0.462500 0.687500
vt 0.475000 0.687500
vt 0.487500 0.687500
vt 0.500000 0.687500
vt 0.512500 0.687500
vt 0.525000 0.687500
vt 0.537500 0.687500
vt 0.550000 0.687500
vt 0.562500 0.687500
vt 0.575000 0.687500
vt 0.587500 0.687500
vt 0.600000 0.687500
vt 0.612500 0.687500
vt 0.625000 0.687500
vt 0.648603 0.795466
vt 0.626409 0.751908
vt 0.591842 0.717341
vt 0.548284 0.695147
vt 0.500000 0.687500
vt 0.451716 0.695147
vt 0.408159 0.717341
vt 0.373591 0.751909
vt 0.351397 0.795466
vt 0.343750 0.843750
vt 0.351397 0.892034
vt 0.373591 0.935591
vt 0.408159 0.970159
vt 0.451716 0.992353
vt 0.500000 1.000000
vt 0.548284 0.992353
vt 0.591841 0.970159
vt 0.626409 0.935591
vt 0.648603 0.892034
vt 0.656250 0.843750
vt 0.500000 0.156250
vt 0.500000 0.843750
vt 0.375000 0.312500
vt 0.387500 0.312500
vt 0.387500 0.687500
vt 0.375000 0.687500
vt 0.400000 0.312500
vt 0.400000 0.687500
vt 0.412500 0.312500
vt 0.412500 0.687500
vt 0.425000 0.312500
vt 0.425000 0.687500
vt 0.437500 0.312500
vt 0.437500 0.687500
vt 0.450000 0.312500
vt 0.450000 0.687500
vt 0.462500 0.312500
vt 0.462500 0.687500
vt 0.475000 0.312500
vt 0.475000 0.687500
vt 0.487500 0.312500
vt 0.487500 0.687500
vt 0.500000 0.312500
vt 0.500000 0.687500
vt 0.512500 0.312500
vt 0.512500 0.687500
vt 0.525000 0.312500
vt 0.525000 0.687500
vt 0.537500 0.312500
vt 0.537500 0.687500
vt 0.550000 0.312500
vt 0.550000 0.687500
vt 0.562500 0.312500
vt 0.562500 0.687500
vt 0.575000 0.312500
vt 0.575000 0.687500
vt 0.587500 0.312500
vt 0.587500 0.687500
vt 0.600000 0.312500
vt 0.600000 0.687500
vt 0.612500 0.312500
vt 0.612500 0.687500
vt 0.625000 0.312500
vt 0.625000 0.687500
vt 0.626409 0.064408
vt 0.648603 0.107966
vt 0.500000 0.156250
vt 0.591842 0.029841
vt 0.548284 0.007647
vt 0.500000 -0.000000
vt 0.451716 0.007647
vt 0.408159 0.029841
vt 0.373591 0.064409
vt 0.351397 0.107966
vt 0.343750 0.156250
vt 0.351397 0.204534
vt 0.373591 0.248091
vt 0.408159 0.282659
vt 0.451716 0.304853
vt 0.500000 0.312500
vt 0.548284 0.304853
vt 0.591841 0.282659
vt 0.626409 0.248091
vt 0.648603 0.204534
vt 0.656250 0.156250
vt 0.648603 0.892034
vt 0.626409 0.935591
vt 0.500000 0.843750
vt 0.591841 0.970159
vt 0.548284 0.992353
vt 0.500000 1.000000
vt 0.451716 0.992353
vt 0.408159 0.970159
vt 0.373591 0.935591
vt 0.351397 0.892034
vt 0.343750 0.843750
vt 0.351397 0.795466
vt 0.373591 0.751909
vt 0.408159 0.717341
vt 0.451716 0.695147
vt 0.500000 0.687500
vt 0.548284 0.695147
vt 0.591842 0.717341
vt 0.626409 0.751908
vt 0.648603 0.795466
vt 0.656250 0.843750
vt 0.375000 0.312500
vt 0.387500 0.312500
vt 0.387500 0.687500
vt 0.375000 0.687500
vt 0.400000 0.312500
vt 0.400000 0.687500
vt 0.412500 0.312500
vt 0.412500 0.687500
vt 0.425000 0.312500
vt 0.425000 0.687500
vt 0.437500 0.312500
vt 0.437500 0.687500
vt 0.450000 0.312500
vt 0.450000 0.687500
vt 0.462500 0.312500
vt 0.462500 0.687500
vt 0.475000 0.312500
vt 0.475000 0.687500
vt 0.487500 0.312500
vt 0.487500 0.687500
vt 0.500000 0.312500
vt 0.500000 0.687500
vt 0.512500 0.312500
vt 0.512500 0.687500
vt 0.525000 0.312500
vt 0.525000 0.687500
vt 0.537500 0.312500
vt 0.537500 0.687500
vt 0.550000 0.312500
vt 0.550000 0.687500
vt 0.562500 0.312500
vt 0.562500 0.687500
vt 0.575000 0.312500
vt 0.575000 0.687500
vt 0.587500 0.312500
vt 0.587500 0.687500
vt 0.600000 0.312500
vt 0.600000 0.687500
vt 0.612500 0.312500
vt 0.612500 0.687500
vt 0.625000 0.312500
vt 0.625000 0.687500
vt 0.626409 0.064408
vt 0.648603 0.107966
vt 0.500000 0.156250
vt 0.591842 0.029841
vt 0.548284 0.007647
vt 0.500000 -0.000000
vt 0.451716 0.007647
vt 0.408159 0.029841
vt 0.373591 0.064409
vt 0.351397 0.107966
vt 0.343750 0.156250
vt 0.351397 0.204534
vt 0.373591 0.248091
vt 0.408159 0.282659
vt 0.451716 0.304853
vt 0.500000 0.312500
vt 0.548284 0.304853
vt 0.591841 0.282659
vt 0.626409 0.248091
vt 0.648603 0.204534
vt 0.656250 0.156250
vt 0.648603 0.892034
vt 0.626409 0.935591
vt 0.500000 0.843750
vt 0.591841 0.970159
vt 0.548284 0.992353
vt 0.500000 1.000000
vt 0.451716 0.992353
vt 0.408159 0.970159
vt 0.373591 0.935591
vt 0.351397 0.892034
vt 0.343750 0.843750
vt 0.351397 0.795466
vt 0.373591 0.751909
vt 0.408159 0.717341
vt 0.451716 0.695147
vt 0.500000 0.687500
vt 0.548284 0.695147
vt 0.591842 0.717341
vt 0.626409 0.751908
vt 0.648603 0.795466
vt 0.656250 0.843750
vt 0.375000 0.312500
vt 0.387500 0.312500
vt 0.387500 0.687500
vt 0.375000 0.687500
vt 0.400000 0.312500
vt 0.400000 0.687500
vt 0.412500 0.312500
vt 0.412500 0.687500
vt 0.425000 0.312500
vt 0.425000 0.687500
vt 0.437500 0.312500
vt 0.437500 0.687500
vt 0.450000 0.312500
vt 0.450000 0.687500
vt 0.462500 0.312500
vt 0.462500 0.687500
vt 0.475000 0.312500
vt 0.475000 0.687500
vt 0.487500 0.312500
vt 0.487500 0.687500
vt 0.500000 0.312500
vt 0.500000 0.687500
vt 0.512500 0.312500
vt 0.512500 0.687500
vt 0.525000 0.312500
vt 0.525000 0.687500
vt 0.537500 0.312500
vt 0.537500 0.687500
vt 0.550000 0.312500
vt 0.550000 0.687500
vt 0.562500 0.312500
vt 0.562500 0.687500
vt 0.575000 0.312500
vt 0.575000 0.687500
vt 0.587500 0.312500
vt 0.587500 0.687500
vt 0.600000 0.312500
vt 0.600000 0.687500
vt 0.612500 0.312500
vt 0.612500 0.687500
vt 0.625000 0.312500
vt 0.625000 0.687500
vt 0.626409 0.064408
vt 0.648603 0.107966
vt 0.500000 0.156250
vt 0.591842 0.029841
vt 0.548284 0.007647
vt 0.500000 -0.000000
vt 0.451716 0.007647
vt 0.408159 0.029841
vt 0.373591 0.064409
vt 0.351397 0.107966
vt 0.343750 0.156250
vt 0.351397 0.204534
vt 0.373591 0.248091
vt 0.408159 0.282659
vt 0.451716 0.304853
vt 0.500000 0.312500
vt 0.548284 0.304853
vt 0.591841 0.282659
vt 0.626409 0.248091
vt 0.648603 0.204534
vt 0.656250 0.156250
vt 0.648603 0.892034
vt 0.626409 0.935591
vt 0.500000 0.843750
vt 0.591841 0.970159
vt 0.548284 0.992353
vt 0.500000 1.000000
vt 0.451716 0.992353
vt 0.408159 0.970159
vt 0.373591 0.935591
vt 0.351397 0.892034
vt 0.343750 0.843750
vt 0.351397 0.795466
vt 0.373591 0.751909
vt 0.408159 0.717341
vt 0.451716 0.695147
vt 0.500000 0.687500
vt 0.548284 0.695147
vt 0.591842 0.717341
vt 0.626409 0.751908
vt 0.648603 0.795466
vt 0.656250 0.843750
vt 0.375000 0.312500
vt 0.387500 0.312500
vt 0.387500 0.687500
vt 0.375000 0.687500
vt 0.400000 0.312500
vt 0.400000 0.687500
vt 0.412500 0.312500
vt 0.412500 0.687500
vt 0.425000 0.312500
vt 0.425000 0.687500
vt 0.437500 0.312500
vt 0.437500 0.687500
vt 0.450000 0.312500
vt 0.450000 0.687500
vt 0.462500 0.312500
vt 0.462500 0.687500
vt 0.475000 0.312500
vt 0.475000 0.687500
vt 0.487500 0.312500
vt 0.487500 0.687500
vt 0.500000 0.312500
vt 0.500000 0.687500
vt 0.512500 0.312500
vt 0.512500 0.687500
vt 0.525000 0.312500
vt 0.525000 0.687500
vt 0.537500 0.312500
vt 0.537500 0.687500
vt 0.550000 0.312500
vt 0.550000 0.687500
vt 0.562500 0.312500
vt 0.562500 0.687500
vt 0.575000 0.312500
vt 0.575000 0.687500
vt 0.587500 0.312500
vt 0.587500 0.687500
vt 0.600000 0.312500
vt 0.600000 0.687500
vt 0.612500 0.312500
vt 0.612500 0.687500
vt 0.625000 0.312500
vt 0.625000 0.687500
vt 0.626409 0.064408
vt 0.648603 0.107966
vt 0.500000 0.156250
vt 0.591842 0.029841
vt 0.548284 0.007647
vt 0.500000 -0.000000
vt 0.451716 0.007647
vt 0.408159 0.029841
vt 0.373591 0.064409
vt 0.351397 0.107966
vt 0.343750 0.156250
vt 0.351397 0.204534
vt 0.373591 0.248091
vt 0.408159 0.282659
vt 0.451716 0.304853
vt 0.500000 0.312500
vt 0.548284 0.304853
vt 0.591841 0.282659
vt 0.626409 0.248091
vt 0.648603 0.204534
vt 0.656250 0.156250
vt 0.648603 0.892034
vt 0.626409 0.935591
vt 0.500000 0.843750
vt 0.591841 0.970159
vt 0.548284 0.992353
vt 0.500000 1.000000
vt 0.451716 0.992353
vt 0.408159 0.970159
vt 0.373591 0.935591
vt 0.351397 0.892034
vt 0.343750 0.843750
vt 0.351397 0.795466
vt 0.373591 0.751909
vt 0.408159 0.717341
vt 0.451716 0.695147
vt 0.500000 0.687500
vt 0.548284 0.695147
vt 0.591842 0.717341
vt 0.626409 0.751908
vt 0.648603 0.795466
vt 0.656250 0.843750
vt 0.375000 0.312500
vt 0.387500 0.312500
vt 0.387500 0.687500
vt 0.375000 0.687500
vt 0.400000 0.312500
vt 0.400000 0.687500
vt 0.412500 0.312500
vt 0.412500 0.687500
vt 0.425000 0.312500
vt 0.425000 0.687500
vt 0.437500 0.312500
vt 0.437500 0.687500
vt 0.450000 0.312500
vt 0.450000 0.687500
vt 0.462500 0.312500
vt 0.462500 0.687500
vt 0.475000 0.312500
vt 0.475000 0.687500
vt 0.487500 0.312500
vt 0.487500 0.687500
vt 0.500000 0.312500
vt 0.500000 0.687500
vt 0.512500 0.312500
vt 0.512500 0.687500
vt 0.525000 0.312500
vt 0.525000 0.687500
vt 0.537500 0.312500
vt 0.537500 0.687500
vt 0.550000 0.312500
vt 0.550000 0.687500
vt 0.562500 0.312500
vt 0.562500 0.687500
vt 0.575000 0.312500
vt 0.575000 0.687500
vt 0.587500 0.312500
vt 0.587500 0.687500
vt 0.600000 0.312500
vt 0.600000 0.687500
vt 0.612500 0.312500
vt 0.612500 0.687500
vt 0.625000 0.312500
vt 0.625000 0.687500
vt 0.626409 0.064408
vt 0.648603 0.107966
vt 0.500000 0.156250
vt 0.591842 0.029841
vt 0.548284 0.007647
vt 0.500000 -0.000000
vt 0.451716 0.007647
vt 0.408159 0.029841
vt 0.373591 0.064409
vt 0.351397 0.107966
vt 0.343750 0.156250
vt 0.351397 0.204534
vt 0.373591 0.248091
vt 0.408159 0.282659
vt 0.451716 0.304853
vt 0.500000 0.312500
vt 0.548284 0.304853
vt 0.591841 0.282659
vt 0.626409 0.248091
vt 0.648603 0.204534
vt 0.656250 0.156250
vt 0.648603 0.892034
vt 0.626409 0.935591
vt 0.500000 0.843750
vt 0.591841 0.970159
vt 0.548284 0.992353
vt 0.500000 1.000000
vt 0.451716 0.992353
vt 0.408159 0.970159
vt 0.373591 0.935591
vt 0.351397 0.892034
vt 0.343750 0.843750
vt 0.351397 0.795466
vt 0.373591 0.751909
vt 0.408159 0.717341
vt 0.451716 0.695147
vt 0.500000 0.687500
vt 0.548284 0.695147
vt 0.591842 0.717341
vt 0.626409 0.751908
vt 0.648603 0.795466
vt 0.656250 0.843750
vt 0.375000 0.312500
vt 0.387500 0.312500
vt 0.387500 0.687500
vt 0.375000 0.687500
vt 0.400000 0.312500
vt 0.400000 0.687500
vt 0.412500 0.312500
vt 0.412500 0.687500
vt 0.425000 0.312500
vt 0.425000 0.687500
vt 0.437500 0.312500
vt 0.437500 0.687500
vt 0.450000 0.312500
vt 0.450000 0.687500
vt 0.462500 0.312500
vt 0.462500 0.687500
vt 0.475000 0.312500
vt 0.475000 0.687500
vt 0.487500 0.312500
vt 0.487500 0.687500
vt 0.500000 0.312500
vt 0.500000 0.687500
vt 0.512500 0.312500
vt 0.512500 0.687500
vt 0.525000 0.312500
vt 0.525000 0.687500
vt 0.537500 0.312500
vt 0.537500 0.687500
vt 0.550000 0.312500
vt 0.550000 0.687500
vt 0.562500 0.312500
vt 0.562500 0.687500
vt 0.575000 0.312500
vt 0.575000 0.687500
vt 0.587500 0.312500
vt 0.587500 0.687500
vt 0.600000 0.312500
vt 0.600000 0.687500
vt 0.612500 0.312500
vt 0.612500 0.687500
vt 0.625000 0.312500
vt 0.625000 0.687500
vt 0.626409 0.064408
vt 0.648603 0.107966
vt 0.500000 0.156250
vt 0.591842 0.029841
vt 0.548284 0.007647
vt 0.500000 -0.000000
vt 0.451716 0.007647
vt 0.408159 0.029841
vt 0.373591 0.064409
vt 0.351397 0.107966
vt 0.343750 0.156250
vt 0.351397 0.204534
vt 0.373591 0.248091
vt 0.408159 0.282659
vt 0.451716 0.304853
vt 0.500000 0.312500
vt 0.548284 0.304853
vt 0.591841 0.282659
vt 0.626409 0.248091
vt 0.648603 0.204534
vt 0.656250 0.156250
vt 0.648603 0.892034
vt 0.626409 0.935591
vt 0.500000 0.843750
vt 0.591841 0.970159
vt 0.548284 0.992353
vt 0.500000 1.000000
vt 0.451716 0.992353
vt 0.408159 0.970159
vt 0.373591 0.935591
vt 0.351397 0.892034
vt 0.343750 0.843750
vt 0.351397 0.795466
vt 0.373591 0.751909
vt 0.408159 0.717341
vt 0.451716 0.695147
vt 0.500000 0.687500
vt 0.548284 0.695147
vt 0.591842 0.717341
vt 0.626409 0.751908
vt 0.648603 0.795466
vt 0.656250 0.843750
vt 0.375000 0.312500
vt 0.387500 0.312500
vt 0.387500 0.687500
vt 0.375000 0.687500
vt 0.400000 0.312500
vt 0.400000 0.687500
vt 0.412500 0.312500
vt 0.412500 0.687500
vt 0.425000 0.312500
vt 0.425000 0.687500
vt 0.437500 0.312500
vt 0.437500 0.687500
vt 0.450000 0.312500
vt 0.450000 0.687500
vt 0.462500 0.312500
vt 0.462500 0.687500
vt 0.475000 0.312500
vt 0.475000 0.687500
vt 0.487500 0.312500
vt 0.487500 0.687500
vt 0.500000 0.312500
vt 0.500000 0.687500
vt 0.512500 0.312500
vt 0.512500 0.687500
vt 0.525000 0.312500
vt 0.525000 0.687500
vt 0.537500 0.312500
vt 0.537500 0.687500
vt 0.550000 0.312500
vt 0.550000 0.687500
vt 0.562500 0.312500
vt 0.562500 0.687500
vt 0.575000 0.312500
vt 0.575000 0.687500
vt 0.587500 0.312500
vt 0.587500 0.687500
vt 0.600000 0.312500
vt 0.600000 0.687500
vt 0.612500 0.312500
vt 0.612500 0.687500
vt 0.625000 0.312500
vt 0.625000 0.687500
vt 0.626409 0.064408
vt 0.648603 0.107966
vt 0.500000 0.156250
vt 0.591842 0.029841
vt 0.548284 0.007647
vt 0.500000 -0.000000
vt 0.451716 0.007647
vt 0.408159 0.029841
vt 0.373591 0.064409
vt 0.351397 0.107966
vt 0.343750 0.156250
vt 0.351397 0.204534
vt 0.373591 0.248091
vt 0.408159 0.282659
vt 0.451716 0.304853
vt 0.500000 0.312500
vt 0.548284 0.304853
vt 0.591841 0.282659
vt 0.626409 0.248091
vt 0.648603 0.204534
vt 0.656250 0.156250
vt 0.648603 0.892034
vt 0.626409 0.935591
vt 0.500000 0.843750
vt 0.591841 0.970159
vt 0.548284 0.992353
vt 0.500000 1.000000
vt 0.451716 0.992353
vt 0.408159 0.970159
vt 0.373591 0.935591
vt 0.351397 0.892034
vt 0.343750 0.843750
vt 0.351397 0.795466
vt 0.373591 0.751909
vt 0.408159 0.717341
vt 0.451716 0.695147
vt 0.500000 0.687500
vt 0.548284 0.695147
vt 0.591842 0.717341
vt 0.626409 0.751908
vt 0.648603 0.795466
vt 0.656250 0.843750
vt 0.375000 0.312500
vt 0.387500 0.312500
vt 0.387500 0.687500
vt 0.375000 0.687500
vt 0.400000 0.312500
vt 0.400000 0.687500
vt 0.412500 0.312500
vt 0.412500 0.687500
vt 0.425000 0.312500
vt 0.425000 0.687500
vt 0.437500 0.312500
vt 0.437500 0.687500
vt 0.450000 0.312500
vt 0.450000 0.687500
vt 0.462500 0.312500
vt 0.462500 0.687500
vt 0.475000 0.312500
vt 0.475000 0.687500
vt 0.487500 0.312500
vt 0.487500 0.687500
vt 0.500000 0.312500
vt 0.500000 0.687500
vt 0.512500 0.312500
vt 0.512500 0.687500
vt 0.525000 0.312500
vt 0.525000 0.687500
vt 0.537500 0.312500
vt 0.537500 0.687500
vt 0.550000 0.312500
vt 0.550000 0.687500
vt 0.562500 0.312500
vt 0.562500 0.687500
vt 0.575000 0.312500
vt 0.575000 0.687500
vt 0.587500 0.312500
vt 0.587500 0.687500
vt 0.600000 0.312500
vt 0.600000 0.687500
vt 0.612500 0.312500
vt 0.612500 0.687500
vt 0.625000 0.312500
vt 0.625000 0.687500
vt 0.626409 0.064408
vt 0.648603 0.107966
vt 0.500000 0.156250
vt 0.591842 0.029841
vt 0.548284 0.007647
vt 0.500000 -0.000000
vt 0.451716 0.007647
vt 0.408159 0.029841
vt 0.373591 0.064409
vt 0.351397 0.107966
vt 0.343750 0.156250
vt 0.351397 0.204534
vt 0.373591 0.248091
vt 0.408159 0.282659
vt 0.451716 0.304853
vt 0.500000 0.312500
vt 0.548284 0.304853
vt 0.591841 0.282659
vt 0.626409 0.248091
vt 0.648603 0.204534
vt 0.656250 0.156250
vt 0.648603 0.892034
vt 0.626409 0.935591
vt 0.500000 0.843750
vt 0.591841 0.970159
vt 0.548284 0.992353
vt 0.500000 1.000000
vt 0.451716 0.992353
vt 0.408159 0.970159
vt 0.373591 0.935591
vt 0.351397 0.892034
vt 0.343750 0.843750
vt 0.351397 0.795466
vt 0.373591 0.751909
vt 0.408159 0.717341
vt 0.451716 0.695147
vt 0.500000 0.687500
vt 0.548284 0.695147
vt 0.591842 0.717341
vt 0.626409 0.751908
vt 0.648603 0.795466
vt 0.656250 0.843750
vt 0.375000 0.312500
vt 0.387500 0.312500
vt 0.387500 0.687500
vt 0.375000 0.687500
vt 0.400000 0.312500
vt 0.400000 0.687500
vt 0.412500 0.312500
vt 0.412500 0.687500
vt 0.425000 0.312500
vt 0.425000 0.687500
vt 0.437500 0.312500
vt 0.437500 0.687500
vt 0.450000 0.312500
vt 0.450000 0.687500
vt 0.462500 0.312500
vt 0.462500 0.687500
vt 0.475000 0.312500
vt 0.475000 0.687500
vt 0.487500 0.312500
vt 0.487500 0.687500
vt 0.500000 0.312500
vt 0.500000 0.687500
vt 0.512500 0.312500
vt 0.512500 0.687500
vt 0.525000 0.312500
vt 0.525000 0.687500
vt 0.537500 0.312500
vt 0.537500 0.687500
vt 0.550000 0.312500
vt 0.550000 0.687500
vt 0.562500 0.312500
vt 0.562500 0.687500
vt 0.575000 0.312500
vt 0.575000 0.687500
vt 0.587500 0.312500
vt 0.587500 0.687500
vt 0.600000 0.312500
vt 0.600000 0.687500
vt 0.612500 0.312500
vt 0.612500 0.687500
vt 0.625000 0.312500
vt 0.625000 0.687500
vt 0.626409 0.064408
vt 0.648603 0.107966
vt 0.500000 0.156250
vt 0.591842 0.029841
vt 0.548284 0.007647
vt 0.500000 -0.000000
vt 0.451716 0.007647
vt 0.408159 0.029841
vt 0.373591 0.064409
vt 0.351397 0.107966
vt 0.343750 0.156250
vt 0.351397 0.204534
vt 0.373591 0.248091
vt 0.408159 0.282659
vt 0.451716 0.304853
vt 0.500000 0.312500
vt 0.548284 0.304853
vt 0.591841 0.282659
vt 0.626409 0.248091
vt 0.648603 0.204534
vt 0.656250 0.156250
vt 0.648603 0.892034
vt 0.626409 0.935591
vt 0.500000 0.843750
vt 0.591841 0.970159
vt 0.548284 0.992353
vt 0.500000 1.000000
vt 0.451716 0.992353
vt 0.408159 0.970159
vt 0.373591 0.935591
vt 0.351397 0.892034
vt 0.343750 0.843750
vt 0.351397 0.795466
vt 0.373591 0.751909
vt 0.408159 0.717341
vt 0.451716 0.695147
vt 0.500000 0.687500
vt 0.548284 0.695147
vt 0.591842 0.717341
vt 0.626409 0.751908
vt 0.648603 0.795466
vt 0.656250 0.843750
vt 0.375000 0.312500
vt 0.387500 0.312500
vt 0.387500 0.687500
vt 0.375000 0.687500
vt 0.400000 0.312500
vt 0.400000 0.687500
vt 0.412500 0.312500
vt 0.412500 0.687500
vt 0.425000 0.312500
vt 0.425000 0.687500
vt 0.437500 0.312500
vt 0.437500 0.687500
vt 0.450000 0.312500
vt 0.450000 0.687500
vt 0.462500 0.312500
vt 0.462500 0.687500
vt 0.475000 0.312500
vt 0.475000 0.687500
vt 0.487500 0.312500
vt 0.487500 0.687500
vt 0.500000 0.312500
vt 0.500000 0.687500
vt 0.512500 0.312500
vt 0.512500 0.687500
vt 0.525000 0.312500
vt 0.525000 0.687500
vt 0.537500 0.312500
vt 0.537500 0.687500
vt 0.550000 0.312500
vt 0.550000 0.687500
vt 0.562500 0.312500
vt 0.562500 0.687500
vt 0.575000 0.312500
vt 0.575000 0.687500
vt 0.587500 0.312500
vt 0.587500 0.687500
vt 0.600000 0.312500
vt 0.600000 0.687500
vt 0.612500 0.312500
vt 0.612500 0.687500
vt 0.625000 0.312500
vt 0.625000 0.687500
vt 0.626409 0.064408
vt 0.648603 0.107966
vt 0.500000 0.156250
vt 0.591842 0.029841
vt 0.548284 0.007647
vt 0.500000 -0.000000
vt 0.451716 0.007647
vt 0.408159 0.029841
vt 0.373591 0.064409
vt 0.351397 0.107966
vt 0.343750 0.156250
vt 0.351397 0.204534
vt 0.373591 0.248091
vt 0.408159 0.282659
vt 0.451716 0.304853
vt 0.500000 0.312500
vt 0.548284 0.304853
vt 0.591841 0.282659
vt 0.626409 0.248091
vt 0.648603 0.204534
vt 0.656250 0.156250
vt 0.648603 0.892034
vt 0.626409 0.935591
vt 0.500000 0.843750
vt 0.591841 0.970159
vt 0.548284 0.992353
vt 0.500000 1.000000
vt 0.451716 0.992353
vt 0.408159 0.970159
vt 0.373591 0.935591
vt 0.351397 0.892034
vt 0.343750 0.843750
vt 0.351397 0.795466
vt 0.373591 0.751909
vt 0.408159 0.717341
vt 0.451716 0.695147
vt 0.500000 0.687500
vt 0.548284 0.695147
vt 0.591842 0.717341
vt 0.626409 0.751908
vt 0.648603 0.795466
vt 0.656250 0.843750
vt 0.375000 0.312500
vt 0.387500 0.312500
vt 0.387500 0.687500
vt 0.375000 0.687500
vt 0.400000 0.312500
vt 0.400000 0.687500
vt 0.412500 0.312500
vt 0.412500 0.687500
vt 0.425000 0.312500
vt 0.425000 0.687500
vt 0.437500 0.312500
vt 0.437500 0.687500
vt 0.450000 0.312500
vt 0.450000 0.687500
vt 0.462500 0.312500
vt 0.462500 0.687500
vt 0.475000 0.312500
vt 0.475000 0.687500
vt 0.487500 0.312500
vt 0.487500 0.687500
vt 0.500000 0.312500
vt 0.500000 0.687500
vt 0.512500 0.312500
vt 0.512500 0.687500
vt 0.525000 0.312500
vt 0.525000 0.687500
vt 0.537500 0.312500
vt 0.537500 0.687500
vt 0.550000 0.312500
vt 0.550000 0.687500
vt 0.562500 0.312500
vt 0.562500 0.687500
vt 0.575000 0.312500
vt 0.575000 0.687500
vt 0.587500 0.312500
vt 0.587500 0.687500
vt 0.600000 0.312500
vt 0.600000 0.687500
vt 0.612500 0.312500
vt 0.612500 0.687500
vt 0.625000 0.312500
vt 0.625000 0.687500
vt 0.626409 0.064408
vt 0.648603 0.107966
vt 0.500000 0.156250
vt 0.591842 0.029841
vt 0.548284 0.007647
vt 0.500000 -0.000000
vt 0.451716 0.007647
vt 0.408159 0.029841
vt 0.373591 0.064409
vt 0.351397 0.107966
vt 0.343750 0.156250
vt 0.351397 0.204534
vt 0.373591 0.248091
vt 0.408159 0.282659
vt 0.451716 0.304853
vt 0.500000 0.312500
vt 0.548284 0.304853
vt 0.591841 0.282659
vt 0.626409 0.248091
vt 0.648603 0.204534
vt 0.656250 0.156250
vt 0.648603 0.892034
vt 0.626409 0.935591
vt 0.500000 0.843750
vt 0.591841 0.970159
vt 0.548284 0.992353
vt 0.500000 1.000000
vt 0.451716 0.992353
vt 0.408159 0.970159
vt 0.373591 0.935591
vt 0.351397 0.892034
vt 0.343750 0.843750
vt 0.351397 0.795466
vt 0.373591 0.751909
vt 0.408159 0.717341
vt 0.451716 0.695147
vt 0.500000 0.687500
vt 0.548284 0.695147
vt 0.591842 0.717341
vt 0.626409 0.751908
vt 0.648603 0.795466
vt 0.656250 0.843750
vt 0.375000 0.312500
vt 0.387500 0.312500
vt 0.387500 0.687500
vt 0.375000 0.687500
vt 0.400000 0.312500
vt 0.400000 0.687500
vt 0.412500 0.312500
vt 0.412500 0.687500
vt 0.425000 0.312500
vt 0.425000 0.687500
vt 0.437500 0.312500
vt 0.437500 0.687500
vt 0.450000 0.312500
vt 0.450000 0.687500
vt 0.462500 0.312500
vt 0.462500 0.687500
vt 0.475000 0.312500
vt 0.475000 0.687500
vt 0.487500 0.312500
vt 0.487500 0.687500
vt 0.500000 0.312500
vt 0.500000 0.687500
vt 0.512500 0.312500
vt 0.512500 0.687500
vt 0.525000 0.312500
vt 0.525000 0.687500
vt 0.537500 0.312500
vt 0.537500 0.687500
vt 0.550000 0.312500
vt 0.550000 0.687500
vt 0.562500 0.312500
vt 0.562500 0.687500
vt 0.575000 0.312500
vt 0.575000 0.687500
vt 0.587500 0.312500
vt 0.587500 0.687500
vt 0.600000 0.312500
vt 0.600000 0.687500
vt 0.612500 0.312500
vt 0.612500 0.687500
vt 0.625000 0.312500
vt 0.625000 0.687500
vt 0.626409 0.064408
vt 0.648603 0.107966
vt 0.500000 0.156250
vt 0.591842 0.029841
vt 0.548284 0.007647
vt 0.500000 -0.000000
vt 0.451716 0.007647
vt 0.408159 0.029841
vt 0.373591 0.064409
vt 0.351397 0.107966
vt 0.343750 0.156250
vt 0.351397 0.204534
vt 0.373591 0.248091
vt 0.408159 0.282659
vt 0.451716 0.304853
vt 0.500000 0.312500
vt 0.548284 0.304853
vt 0.591841 0.282659
vt 0.626409 0.248091
vt 0.648603 0.204534
vt 0.656250 0.156250
vt 0.648603 0.892034
vt 0.626409 0.935591
vt 0.500000 0.843750
vt 0.591841 0.970159
vt 0.548284 0.992353
vt 0.500000 1.000000
vt 0.451716 0.992353
vt 0.408159 0.970159
vt 0.373591 0.935591
vt 0.351397 0.892034
vt 0.343750 0.843750
vt 0.351397 0.795466
vt 0.373591 0.751909
vt 0.408159 0.717341
vt 0.451716 0.695147
vt 0.500000 0.687500
vt 0.548284 0.695147
vt 0.591842 0.717341
vt 0.626409 0.751908
vt 0.648603 0.795466
vt 0.656250 0.843750
vt 0.375000 0.312500
vt 0.387500 0.312500
vt 0.387500 0.687500
vt 0.375000 0.687500
vt 0.400000 0.312500
vt 0.400000 0.687500
vt 0.412500 0.312500
vt 0.412500 0.687500
vt 0.425000 0.312500
vt 0.425000 0.687500
vt 0.437500 0.312500
vt 0.437500 0.687500
vt 0.450000 0.312500
vt 0.450000 0.687500
vt 0.462500 0.312500
vt 0.462500 0.687500
vt 0.475000 0.312500
vt 0.475000 0.687500
vt 0.487500 0.312500
vt 0.487500 0.687500
vt 0.500000 0.312500
vt 0.500000 0.687500
vt 0.512500 0.312500
vt 0.512500 0.687500
vt 0.525000 0.312500
vt 0.525000 0.687500
vt 0.537500 0.312500
vt 0.537500 0.687500
vt 0.550000 0.312500
vt 0.550000 0.687500
vt 0.562500 0.312500
vt 0.562500 0.687500
vt 0.575000 0.312500
vt 0.575000 0.687500
vt 0.587500 0.312500
vt 0.587500 0.687500
vt 0.600000 0.312500
vt 0.600000 0.687500
vt 0.612500 0.312500
vt 0.612500 0.687500
vt 0.625000 0.312500
vt 0.625000 0.687500
vt 0.626409 0.064408
vt 0.648603 0.107966
vt 0.500000 0.156250
vt 0.591842 0.029841
vt 0.548284 0.007647
vt 0.500000 -0.000000
vt 0.451716 0.007647
vt 0.408159 0.029841
vt 0.373591 0.064409
vt 0.351397 0.107966
vt 0.343750 0.156250
vt 0.351397 0.204534
vt 0.373591 0.248091
vt 0.408159 0.282659
vt 0.451716 0.304853
vt 0.500000 0.312500
vt 0.548284 0.304853
vt 0.591841 0.282659
vt 0.626409 0.248091
vt 0.648603 0.204534
vt 0.656250 0.156250
vt 0.648603 0.892034
vt 0.626409 0.935591
vt 0.500000 0.843750
vt 0.591841 0.970159
vt 0.548284 0.992353
vt 0.500000 1.000000
vt 0.451716 0.992353
vt 0.408159 0.970159
vt 0.373591 0.935591
vt 0.351397 0.892034
vt 0.343750 0.843750
vt 0.351397 0.795466
vt 0.373591 0.751909
vt 0.408159 0.717341
vt 0.451716 0.695147
vt 0.500000 0.687500
vt 0.548284 0.695147
vt 0.591842 0.717341
vt 0.626409 0.751908
vt 0.648603 0.795466
vt 0.656250 0.843750
vt 0.375000 0.312500
vt 0.387500 0.312500
vt 0.387500 0.687500
vt 0.375000 0.687500
vt 0.400000 0.312500
vt 0.400000 0.687500
vt 0.412500 0.312500
vt 0.412500 0.687500
vt 0.425000 0.312500
vt 0.425000 0.687500
vt 0.437500 0.312500
vt 0.437500 0.687500
vt 0.450000 0.312500
vt 0.450000 0.687500
vt 0.462500 0.312500
vt 0.462500 0.687500
vt 0.475000 0.312500
vt 0.475000 0.687500
vt 0.487500 0.312500
vt 0.487500 0.687500
vt 0.500000 0.312500
vt 0.500000 0.687500
vt 0.512500 0.312500
vt 0.512500 0.687500
vt 0.525000 0.312500
vt 0.525000 0.687500
vt 0.537500 0.312500
vt 0.537500 0.687500
vt 0.550000 0.312500
vt 0.550000 0.687500
vt 0.562500 0.312500
vt 0.562500 0.687500
vt 0.575000 0.312500
vt 0.575000 0.687500
vt 0.587500 0.312500
vt 0.587500 0.687500
vt 0.600000 0.312500
vt 0.600000 0.687500
vt 0.612500 0.312500
vt 0.612500 0.687500
vt 0.625000 0.312500
vt 0.625000 0.687500
vt 0.626409 0.064408
vt 0.648603 0.107966
vt 0.500000 0.156250
vt 0.591842 0.029841
vt 0.548284 0.007647
vt 0.500000 -0.000000
vt 0.451716 0.007647
vt 0.408159 0.029841
vt 0.373591 0.064409
vt 0.351397 0.107966
vt 0.343750 0.156250
vt 0.351397 0.204534
vt 0.373591 0.248091
vt 0.408159 0.282659
vt 0.451716 0.304853
vt 0.500000 0.312500
vt 0.548284 0.304853
vt 0.591841 0.282659
vt 0.626409 0.248091
vt 0.648603 0.204534
vt 0.656250 0.156250
vt 0.648603 0.892034
vt 0.626409 0.935591
vt 0.500000 0.843750
vt 0.591841 0.970159
vt 0.548284 0.992353
vt 0.500000 1.000000
vt 0.451716 0.992353
vt 0.408159 0.970159
vt 0.373591 0.935591
vt 0.351397 0.892034
vt 0.343750 0.843750
vt 0.351397 0.795466
vt 0.373591 0.751909
vt 0.408159 0.717341
vt 0.451716 0.695147
vt 0.500000 0.687500
vt 0.548284 0.695147
vt 0.591842 0.717341
vt 0.626409 0.751908
vt 0.648603 0.795466
vt 0.656250 0.843750
vt 0.375000 0.312500
vt 0.387500 0.312500
vt 0.387500 0.687500
vt 0.375000 0.687500
vt 0.400000 0.312500
vt 0.400000 0.687500
vt 0.412500 0.312500
vt 0.412500 0.687500
vt 0.425000 0.312500
vt 0.425000 0.687500
vt 0.437500 0.312500
vt 0.437500 0.687500
vt 0.450000 0.312500
vt 0.450000 0.687500
vt 0.462500 0.312500
vt 0.462500 0.687500
vt 0.475000 0.312500
vt 0.475000 0.687500
vt 0.487500 0.312500
vt 0.487500 0.687500
vt 0.500000 0.312500
vt 0.500000 0.687500
vt 0.512500 0.312500
vt 0.512500 0.687500
vt 0.525000 0.312500
vt 0.525000 0.687500
vt 0.537500 0.312500
vt 0.537500 0.687500
vt 0.550000 0.312500
vt 0.550000 0.687500
vt 0.562500 0.312500
vt 0.562500 0.687500
vt 0.575000 0.312500
vt 0.575000 0.687500
vt 0.587500 0.312500
vt 0.587500 0.687500
vt 0.600000 0.312500
vt 0.600000 0.687500
vt 0.612500 0.312500
vt 0.612500 0.687500
vt 0.625000 0.312500
vt 0.625000 0.687500
vt 0.626409 0.064408
vt 0.648603 0.107966
vt 0.500000 0.156250
vt 0.591842 0.029841
vt 0.548284 0.007647
vt 0.500000 -0.000000
vt 0.451716 0.007647
vt 0.408159 0.029841
vt 0.373591 0.064409
vt 0.351397 0.107966
vt 0.343750 0.156250
vt 0.351397 0.204534
vt 0.373591 0.248091
vt 0.408159 0.282659
vt 0.451716 0.304853
vt 0.500000 0.312500
vt 0.548284 0.304853
vt 0.591841 0.282659
vt 0.626409 0.248091
vt 0.648603 0.204534
vt 0.656250 0.156250
vt 0.648603 0.892034
vt 0.626409 0.935591
vt 0.500000 0.843750
vt 0.591841 0.970159
vt 0.548284 0.992353
vt 0.500000 1.000000
vt 0.451716 0.992353
vt 0.408159 0.970159
vt 0.373591 0.935591
vt 0.351397 0.892034
vt 0.343750 0.843750
vt 0.351397 0.795466
vt 0.373591 0.751909
vt 0.408159 0.717341
vt 0.451716 0.695147
vt 0.500000 0.687500
vt 0.548284 0.695147
vt 0.591842 0.717341
vt 0.626409 0.751908
vt 0.648603 0.795466
vt 0.656250 0.843750
vt 0.375000 0.312500
vt 0.387500 0.312500
vt 0.387500 0.687500
vt 0.375000 0.687500
vt 0.400000 0.312500
vt 0.400000 0.687500
vt 0.412500 0.312500
vt 0.412500 0.687500
vt 0.425000 0.312500
vt 0.425000 0.687500
vt 0.437500 0.312500
vt 0.437500 0.687500
vt 0.450000 0.312500
vt 0.450000 0.687500
vt 0.462500 0.312500
vt 0.462500 0.687500
vt 0.475000 0.312500
vt 0.475000 0.687500
vt 0.487500 0.312500
vt 0.487500 0.687500
vt 0.500000 0.312500
vt 0.500000 0.687500
vt 0.512500 0.312500
vt 0.512500 0.687500
vt 0.525000 0.312500
vt 0.525000 0.687500
vt 0.537500 0.312500
vt 0.537500 0.687500
vt 0.550000 0.312500
vt 0.550000 0.687500
vt 0.562500 0.312500
vt 0.562500 0.687500
vt 0.575000 0.312500
vt 0.575000 0.687500
vt 0.587500 0.312500
vt 0.587500 0.687500
vt 0.600000 0.312500
vt 0.600000 0.687500
vt 0.612500 0.312500
vt 0.612500 0.687500
vt 0.625000 0.312500
vt 0.625000 0.687500
vt 0.626409 0.064408
vt 0.648603 0.107966
vt 0.500000 0.156250
vt 0.591842 0.029841
vt 0.548284 0.007647
vt 0.500000 -0.000000
vt 0.451716 0.007647
vt 0.408159 0.029841
vt 0.373591 0.064409
vt 0.351397 0.107966
vt 0.343750 0.156250
vt 0.351397 0.204534
vt 0.373591 0.248091
vt 0.408159 0.282659
vt 0.451716 0.304853
vt 0.500000 0.312500
vt 0.548284 0.304853
vt 0.591841 0.282659
vt 0.626409 0.248091
vt 0.648603 0.204534
vt 0.656250 0.156250
vt 0.648603 0.892034
vt 0.626409 0.935591
vt 0.500000 0.843750
vt 0.591841 0.970159
vt 0.548284 0.992353
vt 0.500000 1.000000
vt 0.451716 0.992353
vt 0.408159 0.970159
vt 0.373591 0.935591
vt 0.351397 0.892034
vt 0.343750 0.843750
vt 0.351397 0.795466
vt 0.373591 0.751909
vt 0.408159 0.717341
vt 0.451716 0.695147
vt 0.500000 0.687500
vt 0.548284 0.695147
vt 0.591842 0.717341
vt 0.626409 0.751908
vt 0.648603 0.795466
vt 0.656250 0.843750
vt 0.375000 0.312500
vt 0.387500 0.312500
vt 0.387500 0.687500
vt 0.375000 0.687500
vt 0.400000 0.312500
vt 0.400000 0.687500
vt 0.412500 0.312500
vt 0.412500 0.687500
vt 0.425000 0.312500
vt 0.425000 0.687500
vt 0.437500 0.312500
vt 0.437500 0.687500
vt 0.450000 0.312500
vt 0.450000 0.687500
vt 0.462500 0.312500
vt 0.462500 0.687500
vt 0.475000 0.312500
vt 0.475000 0.687500
vt 0.487500 0.312500
vt 0.487500 0.687500
vt 0.500000 0.312500
vt 0.500000 0.687500
vt 0.512500 0.312500
vt 0.512500 0.687500
vt 0.525000 0.312500
vt 0.525000 0.687500
vt 0.537500 0.312500
vt 0.537500 0.687500
vt 0.550000 0.312500
vt 0.550000 0.687500
vt 0.562500 0.312500
vt 0.562500 0.687500
vt 0.575000 0.312500
vt 0.575000 0.687500
vt 0.587500 0.312500
vt 0.587500 0.687500
vt 0.600000 0.312500
vt 0.600000 0.687500
vt 0.612500 0.312500
vt 0.612500 0.687500
vt 0.625000 0.312500
vt 0.625000 0.687500
vt 0.626409 0.064408
vt 0.648603 0.107966
vt 0.500000 0.156250
vt 0.591842 0.029841
vt 0.548284 0.007647
vt 0.500000 -0.000000
vt 0.451716 0.007647
vt 0.408159 0.029841
vt 0.373591 0.064409
vt 0.351397 0.107966
vt 0.343750 0.156250
vt 0.351397 0.204534
vt 0.373591 0.248091
vt 0.408159 0.282659
vt 0.451716 0.304853
vt 0.500000 0.312500
vt 0.548284 0.304853
vt 0.591841 0.282659
vt 0.626409 0.248091
vt 0.648603 0.204534
vt 0.656250 0.156250
vt 0.648603 0.892034
vt 0.626409 0.935591
vt 0.500000 0.843750
vt 0.591841 0.970159
vt 0.548284 0.992353
vt 0.500000 1.000000
vt 0.451716 0.992353
vt 0.408159 0.970159
vt 0.373591 0.935591
vt 0.351397 0.892034
vt 0.343750 0.843750
vt 0.351397 0.795466
vt 0.373591 0.751909
vt 0.408159 0.717341
vt 0.451716 0.695147
vt 0.500000 0.687500
vt 0.548284 0.695147
vt 0.591842 0.717341
vt 0.626409 0.751908
vt 0.648603 0.795466
vt 0.656250 0.843750
vt 0.375000 0.312500
vt 0.387500 0.312500
vt 0.387500 0.687500
vt 0.375000 0.687500
vt 0.400000 0.312500
vt 0.400000 0.687500
vt 0.412500 0.312500
vt 0.412500 0.687500
vt 0.425000 0.312500
vt 0.425000 0.687500
vt 0.437500 0.312500
vt 0.437500 0.687500
vt 0.450000 0.312500
vt 0.450000 0.687500
vt 0.462500 0.312500
vt 0.462500 0.687500
vt 0.475000 0.312500
vt 0.475000 0.687500
vt 0.487500 0.312500
vt 0.487500 0.687500
vt 0.500000 0.312500
vt 0.500000 0.687500
vt 0.512500 0.312500
vt 0.512500 0.687500
vt 0.525000 0.312500
vt 0.525000 0.687500
vt 0.537500 0.312500
vt 0.537500 0.687500
vt 0.550000 0.312500
vt 0.550000 0.687500
vt 0.562500 0.312500
vt 0.562500 0.687500
vt 0.575000 0.312500
vt 0.575000 0.687500
vt 0.587500 0.312500
vt 0.587500 0.687500
vt 0.600000 0.312500
vt 0.600000 0.687500
vt 0.612500 0.312500
vt 0.612500 0.687500
vt 0.625000 0.312500
vt 0.625000 0.687500
vt 0.626409 0.064408
vt 0.648603 0.107966
vt 0.500000 0.156250
vt 0.591842 0.029841
vt 0.548284 0.007647
vt 0.500000 -0.000000
vt 0.451716 0.007647
vt 0.408159 0.029841
vt 0.373591 0.064409
vt 0.351397 0.107966
vt 0.343750 0.156250
vt 0.351397 0.204534
vt 0.373591 0.248091
vt 0.408159 0.282659
vt 0.451716 0.304853
vt 0.500000 0.312500
vt 0.548284 0.304853
vt 0.591841 0.282659
vt 0.626409 0.248091
vt 0.648603 0.204534
vt 0.656250 0.156250
vt 0.648603 0.892034
vt 0.626409 0.935591
vt 0.500000 0.843750
vt 0.591841 0.970159
vt 0.548284 0.992353
vt 0.500000 1.000000
vt 0.451716 0.992353
vt 0.408159 0.970159
vt 0.373591 0.935591
vt 0.351397 0.892034
vt 0.343750 0.843750
vt 0.351397 0.795466
vt 0.373591 0.751909
vt 0.408159 0.717341
vt 0.451716 0.695147
vt 0.500000 0.687500
vt 0.548284 0.695147
vt 0.591842 0.717341
vt 0.626409 0.751908
vt 0.648603 0.795466
vt 0.656250 0.843750
vt 0.375000 0.312500
vt 0.387500 0.312500
vt 0.387500 0.687500
vt 0.375000 0.687500
vt 0.400000 0.312500
vt 0.400000 0.687500
vt 0.412500 0.312500
vt 0.412500 0.687500
vt 0.425000 0.312500
vt 0.425000 0.687500
vt 0.437500 0.312500
vt 0.437500 0.687500
vt 0.450000 0.312500
vt 0.450000 0.687500
vt 0.462500 0.312500
vt 0.462500 0.687500
vt 0.475000 0.312500
vt 0.475000 0.687500
vt 0.487500 0.312500
vt 0.487500 0.687500
vt 0.500000 0.312500
vt 0.500000 0.687500
vt 0.512500 0.312500
vt 0.512500 0.687500
vt 0.525000 0.312500
vt 0.525000 0.687500
vt 0.537500 0.312500
vt 0.537500 0.687500
vt 0.550000 0.312500
vt 0.550000 0.687500
vt 0.562500 0.312500
vt 0.562500 0.687500
vt 0.575000 0.312500
vt 0.575000 0.687500
vt 0.587500 0.312500
vt 0.587500 0.687500
vt 0.600000 0.312500
vt 0.600000 0.687500
vt 0.612500 0.312500
vt 0.612500 0.687500
vt 0.625000 0.312500
vt 0.625000 0.687500
vt 0.626409 0.064408
vt 0.648603 0.107966
vt 0.500000 0.156250
vt 0.591842 0.029841
vt 0.548284 0.007647
vt 0.500000 -0.000000
vt 0.451716 0.007647
vt 0.408159 0.029841
vt 0.373591 0.064409
vt 0.351397 0.107966
vt 0.343750 0.156250
vt 0.351397 0.204534
vt 0.373591 0.248091
vt 0.408159 0.282659
vt 0.451716 0.304853
vt 0.500000 0.312500
vt 0.548284 0.304853
vt 0.591841 0.282659
vt 0.626409 0.248091
vt 0.648603 0.204534
vt 0.656250 0.156250
vt 0.648603 0.892034
vt 0.626409 0.935591
vt 0.500000 0.843750
vt 0.591841 0.970159
vt 0.548284 0.992353
vt 0.500000 1.000000
vt 0.451716 0.992353
vt 0.408159 0.970159
vt 0.373591 0.935591
vt 0.351397 0.892034
vt 0.343750 0.843750
vt 0.351397 0.795466
vt 0.373591 0.751909
vt 0.408159 0.717341
vt 0.451716 0.695147
vt 0.500000 0.687500
vt 0.548284 0.695147
vt 0.591842 0.717341
vt 0.626409 0.751908
vt 0.648603 0.795466
vt 0.656250 0.843750
vt 0.375000 0.312500
vt 0.387500 0.312500
vt 0.387500 0.687500
vt 0.375000 0.687500
vt 0.400000 0.312500
vt 0.400000 0.687500
vt 0.412500 0.312500
vt 0.412500 0.687500
vt 0.425000 0.312500
vt 0.425000 0.687500
vt 0.437500 0.312500
vt 0.437500 0.687500
vt 0.450000 0.312500
vt 0.450000 0.687500
vt 0.462500 0.312500
vt 0.462500 0.687500
vt 0.475000 0.312500
vt 0.475000 0.687500
vt 0.487500 0.312500
vt 0.487500 0.687500
vt 0.500000 0.312500
vt 0.500000 0.687500
vt 0.512500 0.312500
vt 0.512500 0.687500
vt 0.525000 0.312500
vt 0.525000 0.687500
vt 0.537500 0.312500
vt 0.537500 0.687500
vt 0.550000 0.312500
vt 0.550000 0.687500
vt 0.562500 0.312500
vt 0.562500 0.687500
vt 0.575000 0.312500
vt 0.575000 0.687500
vt 0.587500 0.312500
vt 0.587500 0.687500
vt 0.600000 0.312500
vt 0.600000 0.687500
vt 0.612500 0.312500
vt 0.612500 0.687500
vt 0.625000 0.312500
vt 0.625000 0.687500
vt 0.626409 0.064408
vt 0.648603 0.107966
vt 0.500000 0.156250
vt 0.591842 0.029841
vt 0.548284 0.007647
vt 0.500000 -0.000000
vt 0.451716 0.007647
vt 0.408159 0.029841
vt 0.373591 0.064409
vt 0.351397 0.107966
vt 0.343750 0.156250
vt 0.351397 0.204534
vt 0.373591 0.248091
vt 0.408159 0.282659
vt 0.451716 0.304853
vt 0.500000 0.312500
vt 0.548284 0.304853
vt 0.591841 0.282659
vt 0.626409 0.248091
vt 0.648603 0.204534
vt 0.656250 0.156250
vt 0.648603 0.892034
vt 0.626409 0.935591
vt 0.500000 0.843750
vt 0.591841 0.970159
vt 0.548284 0.992353
vt 0.500000 1.000000
vt 0.451716 0.992353
vt 0.408159 0.970159
vt 0.373591 0.935591
vt 0.351397 0.892034
vt 0.343750 0.843750
vt 0.351397 0.795466
vt 0.373591 0.751909
vt 0.408159 0.717341
vt 0.451716 0.695147
vt 0.500000 0.687500
vt 0.548284 0.695147
vt 0.591842 0.717341
vt 0.626409 0.751908
vt 0.648603 0.795466
vt 0.656250 0.843750
vn -0.309016 0.951057 0.000000
vn -0.587785 0.809017 0.000000
vn -0.587785 0.809017 0.000000
vn -0.309016 0.951057 0.000000
vn -0.809017 0.587786 0.000000
vn -0.809017 0.587786 0.000000
vn -0.951056 0.309017 0.000000
vn -0.951056 0.309017 0.000000
vn -1.000000 -0.000002 0.000000
vn -1.000000 -0.000002 0.000000
vn -0.951056 -0.309017 0.000000
vn -0.951056 -0.309017 0.000000
vn -0.809017 -0.587785 0.000000
vn -0.809017 -0.587785 0.000000
vn -0.587785 -0.809017 0.000000
vn -0.587785 -0.809017 0.000000
vn -0.309017 -0.951057 0.000000
vn -0.309017 -0.951057 0.000000
vn 0.000000 -1.000000 0.000000
vn 0.000000 -1.000000 0.000000
vn 0.309017 -0.951056 0.000000
vn 0.309017 -0.951056 0.000000
vn 0.587786 -0.809017 0.000000
vn 0.587786 -0.809017 0.000000
vn 0.809017 -0.587785 0.000000
vn 0.809017 -0.587785 0.000000
vn 0.951057 -0.309016 0.000000
vn 0.951057 -0.309016 0.000000
vn 1.000000 0.000000 0.000000
vn 1.000000 0.000000 0.000000
vn 0.951057 0.309016 0.000000
vn 0.951057 0.309016 0.000000
vn 0.809017 0.587785 0.000000
vn 0.809017 0.587785 0.000000
vn 0.587786 0.809017 0.000000
vn 0.587786 0.809017 0.000000
vn 0.309017 0.951057 0.000000
vn 0.309017 0.951057 0.000000
vn 0.000001 1.000000 0.000000
vn 0.000001 1.000000 0.000000
vn -0.000012 0.000000 -1.000000
vn 0.000000 0.000000 -1.000000
vn -0.000005 0.000000 -1.000000
vn -0.000012 0.000000 -1.000000
vn 0.000000 0.000000 -1.000000
vn 0.000000 0.000000 -1.000000
vn -0.000012 0.000000 -1.000000
vn -0.000012 0.000000 -1.000000
vn 0.000000 0.000000 -1.000000
vn 0.000000 0.000000 -1.000000
vn 0.000000 0.000000 -1.000000
vn 0.000000 0.000000 -1.000000
vn 0.000000 0.000000 -1.000000
vn 0.000006 0.000000 -1.000000
vn 0.000004 0.000000 -1.000000
vn -0.000008 0.000000 -1.000000
vn -0.000006 0.000000 -1.000000
vn 0.000000 0.000000 -1.000000
vn -0.000025 0.000000 -1.000000
vn -0.000025 0.000000 -1.000000
vn 0.000000 0.000000 -1.000000
vn 0.000000 0.000000 1.000000
vn 0.000000 0.000000 1.000000
vn 0.000000 0.000000 1.000000
vn 0.000000 0.000000 1.000000
vn 0.000000 0.000000 1.000000
vn 0.000000 0.000000 1.000000
vn 0.000002 0.000000 1.000000
vn 0.000002 0.000000 1.000000
vn 0.000000 0.000000 1.000000
vn 0.000000 0.000000 1.000000
vn 0.000000 0.000000 1.000000
vn 0.000000 0.000000 1.000000
vn 0.000000 0.000000 1.000000
vn 0.000000 0.000000 1.000000
vn 0.000000 0.000000 1.000000
vn 0.000001 0.000000 1.000000
vn -0.000001 0.000000 1.000000
vn -0.000002 0.000000 1.000000
vn 0.000000 0.000000 1.000000
vn 0.000000 0.000000 1.000000
vn 0.000000 0.000000 1.000000
vn -0.309019 0.951056 0.000000
vn -0.587787 0.809016 0.000000
vn -0.587787 0.809016 0.000000
vn -0.309019 0.951056 0.000000
vn -0.809012 0.587792 0.000000
vn -0.809012 0.587792 0.000000
vn -0.951059 0.309009 0.000000
vn -0.951059 0.309009 0.000000
vn -1.000000 0.000000 0.000000
vn -1.000000 0.000000 0.000000
vn -0.951059 -0.309009 0.000000
vn -0.951059 -0.309009 0.000000
vn -0.809012 -0.587792 0.000000
vn -0.809012 -0.587792 0.000000
vn -0.587781 -0.809020 0.000000
vn -0.587781 -0.809020 0.000000
vn -0.309020 -0.951056 0.000000
vn -0.309020 -0.951056 0.000000
vn 0.000000 -1.000000 0.000000
vn 0.000000 -1.000000 0.000000
vn 0.309016 -0.951057 0.000000
vn 0.309016 -0.951057 0.000000
vn 0.587787 -0.809016 0.000000
vn 0.587787 -0.809016 0.000000
vn 0.809018 -0.587784 0.000000
vn 0.809018 -0.587784 0.000000
vn 0.951055 -0.309020 0.000000
vn 0.951055 -0.309020 0.000000
vn 1.000000 0.000000 0.000000
vn 1.000000 0.000000 0.000000
vn 0.951055 0.309020 0.000000
vn 0.951055 0.309020 0.000000
vn 0.809018 0.587784 0.000000
vn 0.809018 0.587784 0.000000
vn 0.587787 0.809016 0.000000
vn 0.587787 0.809016 0.000000
vn 0.309016 0.951057 0.000000
vn 0.309016 0.951057 0.000000
vn 0.000001 1.000000 0.000000
vn 0.000001 1.000000 0.000000
vn -0.000012 0.000000 -1.000000
vn 0.000000 0.000000 -1.000000
vn -0.000005 0.000000 -1.000000
vn -0.000012 0.000000 -1.000000
vn 0.000000 0.000000 -1.000000
vn 0.000000 0.000000 -1.000000
vn -0.000012 0.000000 -1.000000
vn -0.000012 0.000000 -1.000000
vn 0.000000 0.000000 -1.000000
vn 0.000000 0.000000 -1.000000
vn 0.000000 0.000000 -1.000000
vn 0.000000 0.000000 -1.000000
vn 0.000000 0.000000 -1.000000
vn 0.000006 0.000000 -1.000000
vn 0.000004 0.000000 -1.000000
vn -0.000008 0.000000 -1.000000
vn -0.000006 0.000000 -1.000000
vn 0.000000 0.000000 -1.000000
vn -0.000025 0.000000 -1.000000
vn -0.000025 0.000000 -1.000000
vn 0.000000 0.000000 -1.000000
vn 0.000000 0.000000 1.000000
vn 0.000000 0.000000 1.000000
vn 0.000000 0.000000 1.000000
vn 0.000000 0.000000 1.000000
vn 0.000000 0.000000 1.000000
vn 0.000000 0.000000 1.000000
vn 0.000002 0.000000 1.000000
vn 0.000002 0.000000 1.000000
vn 0.000000 0.000000 1.000000
vn 0.000000 0.000000 1.000000
vn 0.000000 0.000000 1.000000
vn 0.000000 0.000000 1.000000
vn 0.000000 0.000000 1.000000
vn 0.000000 0.000000 1.000000
vn 0.000000 0.000000 1.000000
vn 0.000001 0.000000 1.000000
vn -0.000001 0.000000 1.000000
vn -0.000002 0.000000 1.000000
vn 0.000000 0.000000 1.000000
vn 0.000000 0.000000 1.000000
vn 0.000000 0.000000 1.000000
vn -0.309016 0.951057 0.000000
vn -0.587785 0.809017 0.000000
vn -0.587785 0.809017 0.000000
vn -0.309016 0.951057 0.000000
vn -0.809017 0.587786 0.000000
vn -0.809017 0.587786 0.000000
vn -0.951057 0.309016 0.000000
vn -0.951057 0.309016 0.000000
vn -1.000000 0.000000 0.000000
vn -1.000000 0.000000 0.000000
vn -0.951057 -0.309016 0.000000
vn -0.951057 -0.309016 0.000000
vn -0.809017 -0.587786 0.000000
vn -0.809017 -0.587786 0.000000
vn -0.587785 -0.809017 0.000000
vn -0.587785 -0.809017 0.000000
vn -0.309017 -0.951057 0.000000
vn -0.309017 -0.951057 0.000000
vn -0.000000 -1.000000 0.000000
vn -0.000000 -1.000000 0.000000
vn 0.309017 -0.951057 0.000000
vn 0.309017 -0.951057 0.000000
vn 0.587785 -0.809017 0.000000
vn 0.587785 -0.809017 0.000000
vn 0.809017 -0.587785 0.000000
vn 0.809017 -0.587785 0.000000
vn 0.951057 -0.309016 0.000000
vn 0.951057 -0.309016 0.000000
vn 1.000000 0.000000 0.000000
vn 1.000000 0.000000 0.000000
vn 0.951057 0.309016 0.000000
vn 0.951057 0.309016 0.000000
vn 0.809017 0.587785 0.000000
vn 0.809017 0.587785 0.000000
vn 0.587785 0.809017 0.000000
vn 0.587785 0.809017 0.000000
vn 0.309017 0.951057 0.000000
vn 0.309017 0.951057 0.000000
vn 0.000001 1.000000 0.000000
vn 0.000001 1.000000 0.000000
vn -0.000012 0.000000 -1.000000
vn 0.000000 0.000000 -1.000000
vn -0.000005 0.000000 -1.000000
vn -0.000012 0.000000 -1.000000
vn 0.000000 0.000000 -1.000000
vn 0.000000 0.000000 -1.000000
vn -0.000012 0.000000 -1.000000
vn -0.000012 0.000000 -1.000000
vn 0.000000 0.000000 -1.000000
vn 0.000000 0.000000 -1.000000
vn 0.000000 0.000000 -1.000000
vn 0.000000 0.000000 -1.000000
vn 0.000000 0.000000 -1.000000
vn 0.000006 0.000000 -1.000000
vn 0.000004 0.000000 -1.000000
vn -0.000008 0.000000 -1.000000
vn -0.000006 0.000000 -1.000000
vn 0.000000 0.000000 -1.000000
vn -0.000025 0.000000 -1.000000
vn -0.000025 0.000000 -1.000000
vn 0.000000 0.000000 -1.000000
vn 0.000000 0.000000 1.000000
vn 0.000000 0.000000 1.000000
vn 0.000000 0.000000 1.000000
vn 0.000000 0.000000 1.000000
vn 0.000000 0.000000 1.000000
vn 0.000000 0.000000 1.000000
vn 0.000002 0.000000 1.000000
vn 0.000002 0.000000 1.000000
vn 0.000000 0.000000 1.000000
vn 0.000000 0.000000 1.000000
vn 0.000000 0.000000 1.000000
vn 0.000000 0.000000 1.000000
vn 0.000000 0.000000 1.000000
vn 0.000000 0.000000 1.000000
vn 0.000000 0.000000 1.000000
vn 0.000001 0.000000 1.000000
vn -0.000001 0.000000 1.000000
vn -0.000002 0.000000 1.000000
vn 0.000000 0.000000 1.000000
vn 0.000000 0.000000 1.000000
vn 0.000000 0.000000 1.000000
vn -0.309017 0.951056 0.000000
vn -0.587784 0.809018 0.000000
vn -0.587784 0.809018 0.000000
vn -0.309017 0.951056 0.000000
vn -0.809015 0.587788 0.000000
vn -0.809015 0.587788 0.000000
vn -0.951057 0.309014 0.000000
vn -0.951057 0.309014 0.000000
vn -1.000000 0.000000 0.000000
vn -1.000000 0.000000 0.000000
vn -0.951057 -0.309014 0.000000
vn -0.951057 -0.309014 0.000000
vn -0.809015 -0.587788 0.000000
vn -0.809015 -0.587788 0.000000
vn -0.587784 -0.809018 0.000000
vn -0.587784 -0.809018 0.000000
vn -0.309018 -0.951056 0.000000
vn -0.309018 -0.951056 0.000000
vn 0.000000 -1.000000 0.000000
vn 0.000000 -1.000000 0.000000
vn 0.309018 -0.951056 0.000000
vn 0.309018 -0.951056 0.000000
vn 0.587784 -0.809018 0.000000
vn 0.587784 -0.809018 0.000000
vn 0.809015 -0.587788 0.000000
vn 0.809015 -0.587788 0.000000
vn 0.951057 -0.309015 0.000000
vn 0.951057 -0.309015 0.000000
vn 1.000000 0.000000 0.000000
vn 1.000000 0.000000 0.000000
vn 0.951057 0.309015 0.000000
vn 0.951057 0.309015 0.000000
vn 0.809015 0.587788 0.000000
vn 0.809015 0.587788 0.000000
vn 0.587784 0.809018 0.000000
vn 0.587784 0.809018 0.000000
vn 0.309018 0.951056 0.000000
vn 0.309018 0.951056 0.000000
vn 0.000001 1.000000 0.000000
vn 0.000001 1.000000 0.000000
vn -0.000012 0.000000 -1.000000
vn 0.000000 0.000000 -1.000000
vn -0.000005 0.000000 -1.000000
vn -0.000012 0.000000 -1.000000
vn 0.000000 0.000000 -1.000000
vn 0.000000 0.000000 -1.000000
vn -0.000012 0.000000 -1.000000
vn -0.000012 0.000000 -1.000000
vn 0.000000 0.000000 -1.000000
vn 0.000000 0.000000 -1.000000
vn 0.000000 0.000000 -1.000000
vn 0.000000 0.000000 -1.000000
vn 0.000000 0.000000 -1.000000
vn 0.000006 0.000000 -1.000000
vn 0.000004 0.000000 -1.000000
vn -0.000008 0.000000 -1.000000
vn -0.000006 0.000000 -1.000000
vn 0.000000 0.000000 -1.000000
vn -0.000025 0.000000 -1.000000
vn -0.000025 0.000000 -1.000000
vn 0.000000 0.000000 -1.000000
vn 0.000000 0.000000 1.000000
vn 0.000000 0.000000 1.000000
vn 0.000000 0.000000 1.000000
vn 0.000000 0.000000 1.000000
vn 0.000000 0.000000 1.000000
vn 0.000000 0.000000 1.000000
vn 0.000002 0.000000 1.000000
vn 0.000002 0.000000 1.000000
vn 0.000000 0.000000 1.000000
vn 0.000000 0.000000 1.000000
vn 0.000000 0.000000 1.000000
vn 0.000000 0.000000 1.000000
vn 0.000000 0.000000 1.000000
vn 0.000000 0.000000 1.000000
vn 0.000000 0.000000 1.000000
vn 0.000001 0.000000 1.000000
vn -0.000001 0.000000 1.000000
vn -0.000002 0.000000 1.000000
vn 0.000000 0.000000 1.000000
vn 0.000000 0.000000 1.000000
vn 0.000000 0.000000 1.000000
vn -0.309016 0.951057 0.000000
vn -0.587786 0.809017 0.000000
vn -0.587786 0.809017 0.000000
vn -0.309016 0.951057 0.000000
vn -0.809017 0.587786 0.000000
vn -0.809017 0.587786 0.000000
vn -0.951057 0.309017 0.000000
vn -0.951057 0.309017 0.000000
vn -1.000000 0.000000 0.000000
vn -1.000000 0.000000 0.000000
vn -0.951056 -0.309017 0.000000
vn -0.951056 -0.309017 0.000000
vn -0.809017 -0.587786 0.000000
vn -0.809017 -0.587786 0.000000
vn -0.587786 -0.809017 0.000000
vn -0.587786 -0.809017 0.000000
vn -0.309017 -0.951057 0.000000
vn -0.309017 -0.951057 0.000000
vn 0.000000 -1.000000 0.000000
vn 0.000000 -1.000000 0.000000
vn 0.309017 -0.951056 0.000000
vn 0.309017 -0.951056 0.000000
vn 0.587786 -0.809017 0.000000
vn 0.587786 -0.809017 0.000000
vn 0.809017 -0.587786 0.000000
vn 0.809017 -0.587786 0.000000
vn 0.951057 -0.309015 0.000000
vn 0.951057 -0.309015 0.000000
vn 1.000000 0.000000 0.000000
vn 1.000000 0.000000 0.000000
vn 0.951057 0.309015 0.000000
vn 0.951057 0.309015 0.000000
vn 0.809016 0.587786 0.000000
vn 0.809016 0.587786 0.000000
vn 0.587786 0.809017 0.000000
vn 0.587786 0.809017 0.000000
vn 0.309017 0.951057 0.000000
vn 0.309017 0.951057 0.000000
vn 0.000001 1.000000 0.000000
vn 0.000001 1.000000 0.000000
vn -0.000012 0.000000 -1.000000
vn 0.000000 0.000000 -1.000000
vn -0.000005 0.000000 -1.000000
vn -0.000012 0.000000 -1.000000
vn 0.000000 0.000000 -1.000000
vn 0.000000 0.000000 -1.000000
vn -0.000012 0.000000 -1.000000
vn -0.000012 0.000000 -1.000000
vn 0.000000 0.000000 -1.000000
vn 0.000000 0.000000 -1.000000
vn 0.000000 0.000000 -1.000000
vn 0.000000 0.000000 -1.000000
vn 0.000000 0.000000 -1.000000
vn 0.000006 0.000000 -1.000000
vn 0.000004 0.000000 -1.000000
vn -0.000008 0.000000 -1.000000
vn -0.000006 0.000000 -1.000000
vn 0.000000 0.000000 -1.000000
vn -0.000025 0.000000 -1.000000
vn -0.000025 0.000000 -1.000000
vn 0.000000 0.000000 -1.000000
vn 0.000000 0.000000 1.000000
vn 0.000000 0.000000 1.000000
vn 0.000000 0.000000 1.000000
vn 0.000000 0.000000 1.000000
vn 0.000000 0.000000 1.000000
vn 0.000000 0.000000 1.000000
vn 0.000002 0.000000 1.000000
vn 0.000002 0.000000 1.000000
vn 0.000000 0.000000 1.000000
vn 0.000000 0.000000 1.000000
vn 0.000000 0.000000 1.000000
vn 0.000000 0.000000 1.000000
vn 0.000000 0.000000 1.000000
vn 0.000000 0.000000 1.000000
vn 0.000000 0.000000 1.000000
vn 0.000001 0.000000 1.000000
vn -0.000001 0.000000 1.000000
vn -0.000002 0.000000 1.000000
vn 0.000000 0.000000 1.000000
vn 0.000000 0.000000 1.000000
vn 0.000000 0.000000 1.000000
vn -0.309016 0.951057 0.000000
vn -0.587785 0.809017 0.000000
vn -0.587785 0.809017 0.000000
vn -0.309016 0.951057 0.000000
vn -0.809017 0.587785 0.000000
vn -0.809017 0.587785 0.000000
vn -0.951057 0.309017 0.000000
vn -0.951057 0.309017 0.000000
vn -1.000000 -0.000000 0.000000
vn -1.000000 -0.000000 0.000000
vn -0.951057 -0.309017 0.000000
vn -0.951057 -0.309017 0.000000
vn -0.809017 -0.587785 0.000000
vn -0.809017 -0.587785 0.000000
vn -0.587785 -0.809017 0.000000
vn -0.587785 -0.809017 0.000000
vn -0.309017 -0.951057 0.000000
vn -0.309017 -0.951057 0.000000
vn 0.000000 -1.000000 0.000000
vn 0.000000 -1.000000 0.000000
vn 0.309017 -0.951057 0.000000
vn 0.309017 -0.951057 0.000000
vn 0.587785 -0.809017 0.000000
vn 0.587785 -0.809017 0.000000
vn 0.809017 -0.587785 0.000000
vn 0.809017 -0.587785 0.000000
vn 0.951057 -0.309017 0.000000
vn 0.951057 -0.309017 0.000000
vn 1.000000 0.000000 0.000000
vn 1.000000 0.000000 0.000000
vn 0.951057 0.309017 0.000000
vn 0.951057 0.309017 0.000000
vn 0.809017 0.587785 0.000000
vn 0.809017 0.587785 0.000000
vn 0.587785 0.809017 0.000000
vn 0.587785 0.809017 0.000000
vn 0.309017 0.951057 0.000000
vn 0.309017 0.951057 0.000000
vn 0.000001 1.000000 0.000000
vn 0.000001 1.000000 0.000000
vn -0.000012 0.000000 -1.000000
vn 0.000000 0.000000 -1.000000
vn -0.000005 0.000000 -1.000000
vn -0.000012 0.000000 -1.000000
vn 0.000000 0.000000 -1.000000
vn 0.000000 0.000000 -1.000000
vn -0.000012 0.000000 -1.000000
vn -0.000012 0.000000 -1.000000
vn 0.000000 0.000000 -1.000000
vn 0.000000 0.000000 -1.000000
vn 0.000000 0.000000 -1.000000
vn 0.000000 0.000000 -1.000000
vn 0.000000 0.000000 -1.000000
vn 0.000006 0.000000 -1.000000
vn 0.000004 0.000000 -1.000000
vn -0.000008 0.000000 -1.000000
vn -0.000006 0.000000 -1.000000
vn 0.000000 0.000000 -1.000000
vn -0.000025 0.000000 -1.000000
vn -0.000025 0.000000 -1.000000
vn 0.000000 0.000000 -1.000000
vn 0.000000 0.000000 1.000000
vn 0.000000 0.000000 1.000000
vn 0.000000 0.000000 1.000000
vn 0.000000 0.000000 1.000000
vn 0.000000 0.000000 1.000000
vn 0.000000 0.000000 1.000000
vn 0.000002 0.000000 1.000000
vn 0.000002 0.000000 1.000000
vn 0.000000 0.000000 1.000000
vn 0.000000 0.000000 1.000000
vn 0.000000 0.000000 1.000000
vn 0.000000 0.000000 1.000000
vn 0.000000 0.000000 1.000000
vn 0.000000 0.000000 1.000000
vn 0.000000 0.000000 1.000000
vn 0.000001 0.000000 1.000000
vn -0.000001 0.000000 1.000000
vn -0.000002 0.000000 1.000000
vn 0.000000 0.000000 1.000000
vn 0.000000 0.000000 1.000000
vn 0.000000 0.000000 1.000000
vn -0.309015 0.951057 0.000000
vn -0.587787 0.809016 0.000000
vn -0.587787 0.809016 0.000000
vn -0.309015 0.951057 0.000000
vn -0.809018 0.587784 0.000000
vn -0.809018 0.587784 0.000000
vn -0.951056 0.309020 0.000000
vn -0.951056 0.309020 0.000000
vn -1.000000 0.000000 0.000000
vn -1.000000 0.000000 0.000000
vn -0.951056 -0.309020 0.000000
vn -0.951056 -0.309020 0.000000
vn -0.809018 -0.587784 0.000000
vn -0.809018 -0.587784 0.000000
vn -0.587787 -0.809016 0.000000
vn -0.587787 -0.809016 0.000000
vn -0.309016 -0.951057 0.000000
vn -0.309016 -0.951057 0.000000
vn -0.000000 -1.000000 0.000000
vn -0.000000 -1.000000 0.000000
vn 0.309018 -0.951056 0.000000
vn 0.309018 -0.951056 0.000000
vn 0.587787 -0.809016 0.000000
vn 0.587787 -0.809016 0.000000
vn 0.809015 -0.587788 0.000000
vn 0.809015 -0.587788 0.000000
vn 0.951055 -0.309020 0.000000
vn 0.951055 -0.309020 0.000000
vn 1.000000 0.000000 0.000000
vn 1.000000 0.000000 0.000000
vn 0.951055 0.309020 0.000000
vn 0.951055 0.309020 0.000000
vn 0.809015 0.587788 0.000000
vn 0.809015 0.587788 0.000000
vn 0.587787 0.809016 0.000000
vn 0.587787 0.809016 0.000000
vn 0.309018 0.951056 0.000000
vn 0.309018 0.951056 0.000000
vn 0.000001 1.000000 0.000000
vn 0.000001 1.000000 0.000000
vn -0.000012 0.000000 -1.000000
vn 0.000000 0.000000 -1.000000
vn -0.000005 0.000000 -1.000000
vn -0.000012 0.000000 -1.000000
vn 0.000000 0.000000 -1.000000
vn 0.000000 0.000000 -1.000000
vn -0.000012 0.000000 -1.000000
vn -0.000012 0.000000 -1.000000
vn 0.000000 0.000000 -1.000000
vn 0.000000 0.000000 -1.000000
vn 0.000000 0.000000 -1.000000
vn 0.000000 0.000000 -1.000000
vn 0.000000 0.000000 -1.000000
vn 0.000006 0.000000 -1.000000
vn 0.000004 0.000000 -1.000000
vn -0.000008 0.000000 -1.000000
vn -0.000006 0.000000 -1.000000
vn 0.000000 0.000000 -1.000000
vn -0.000025 0.000000 -1.000000
vn -0.000025 0.000000 -1.000000
vn 0.000000 0.000000 -1.000000
vn 0.000000 0.000000 1.000000
vn 0.000000 0.000000 1.000000
vn 0.000000 0.000000 1.000000
vn 0.000000 0.000000 1.000000
vn 0.000000 0.000000 1.000000
vn 0.000000 0.000000 1.000000
vn 0.000002 0.000000 1.000000
vn 0.000002 0.000000 1.000000
vn 0.000000 0.000000 1.000000
vn 0.000000 0.000000 1.000000
vn 0.000000 0.000000 1.000000
vn 0.000000 0.000000 1.000000
vn 0.000000 0.000000 1.000000
vn 0.000000 0.000000 1.000000
vn 0.000000 0.000000 1.000000
vn 0.000001 0.000000 1.000000
vn -0.000001 0.000000 1.000000
vn -0.000002 0.000000 1.000000
vn 0.000000 0.000000 1.000000
vn 0.000000 0.000000 1.000000
vn 0.000000 0.000000 1.000000
vn -0.309015 0.951057 0.000000
vn -0.587787 0.809016 0.000000
vn -0.587787 0.809016 0.000000
vn -0.309015 0.951057 0.000000
vn -0.809015 0.587788 0.000000
vn -0.809015 0.587788 0.000000
vn -0.951056 0.309020 0.000000
vn -0.951056 0.309020 0.000000
vn -1.000000 0.000000 0.000000
vn -1.000000 0.000000 0.000000
vn -0.951056 -0.309020 0.000000
vn -0.951056 -0.309020 0.000000
vn -0.809015 -0.587788 0.000000
vn -0.809015 -0.587788 0.000000
vn -0.587787 -0.809016 0.000000
vn -0.587787 -0.809016 0.000000
vn -0.309016 -0.951057 0.000000
vn -0.309016 -0.951057 0.000000
vn -0.000000 -1.000000 0.000000
vn -0.000000 -1.000000 0.000000
vn 0.309018 -0.951056 0.000000
vn 0.309018 -0.951056 0.000000
vn 0.587787 -0.809016 0.000000
vn 0.587787 -0.809016 0.000000
vn 0.809015 -0.587788 0.000000
vn 0.809015 -0.587788 0.000000
vn 0.951055 -0.309020 0.000000
vn 0.951055 -0.309020 0.000000
vn 1.000000 0.000000 0.000000
vn 1.000000 0.000000 0.000000
vn 0.951055 0.309020 0.000000
vn 0.951055 0.309020 0.000000
vn 0.809015 0.587788 0.000000
vn 0.809015 0.587788 0.000000
vn 0.587787 0.809016 0.000000
vn 0.587787 0.809016 0.000000
vn 0.309018 0.951056 0.000000
vn 0.309018 0.951056 0.000000
vn 0.000001 1.000000 0.000000
vn 0.000001 1.000000 0.000000
vn -0.000012 0.000000 -1.000000
vn 0.000000 0.000000 -1.000000
vn -0.000005 0.000000 -1.000000
vn -0.000012 0.000000 -1.000000
vn 0.000000 0.000000 -1.000000
vn 0.000000 0.000000 -1.000000
vn -0.000012 0.000000 -1.000000
vn -0.000012 0.000000 -1.000000
vn 0.000000 0.000000 -1.000000
vn 0.000000 0.000000 -1.000000
vn 0.000000 0.000000 -1.000000
vn 0.000000 0.000000 -1.000000
vn 0.000000 0.000000 -1.000000
vn 0.000006 0.000000 -1.000000
vn 0.000004 0.000000 -1.000000
vn -0.000008 0.000000 -1.000000
vn -0.000006 0.000000 -1.000000
vn 0.000000 0.000000 -1.000000
vn -0.000025 0.000000 -1.000000
vn -0.000025 0.000000 -1.000000
vn 0.000000 0.000000 -1.000000
vn 0.000000 0.000000 1.000000
vn 0.000000 0.000000 1.000000
vn 0.000000 0.000000 1.000000
vn 0.000000 0.000000 1.000000
vn 0.000000 0.000000 1.000000
vn 0.000000 0.000000 1.000000
vn 0.000002 0.000000 1.000000
vn 0.000002 0.000000 1.000000
vn 0.000000 0.000000 1.000000
vn 0.000000 0.000000 1.000000
vn 0.000000 0.000000 1.000000
vn 0.000000 0.000000 1.000000
vn 0.000000 0.000000 1.000000
vn 0.000000 0.000000 1.000000
vn 0.000000 0.000000 1.000000
vn 0.000001 0.000000 1.000000
vn -0.000001 0.000000 1.000000
vn -0.000002 0.000000 1.000000
vn 0.000000 0.000000 1.000000
vn 0.000000 0.000000 1.000000
vn 0.000000 0.000000 1.000000
vn -0.309016 0.951057 0.000000
vn -0.587786 0.809017 0.000000
vn -0.587786 0.809017 0.000000
vn -0.309016 0.951057 0.000000
vn -0.809017 0.587786 0.000000
vn -0.809017 0.587786 0.000000
vn -0.951057 0.309017 0.000000
vn -0.951057 0.309017 0.000000
vn -1.000000 0.000000 0.000000
vn -1.000000 0.000000 0.000000
vn -0.951056 -0.309017 0.000000
vn -0.951056 -0.309017 0.000000
vn -0.809017 -0.587786 0.000000
vn -0.809017 -0.587786 0.000000
vn -0.587786 -0.809017 0.000000
vn -0.587786 -0.809017 0.000000
vn -0.309017 -0.951057 0.000000
vn -0.309017 -0.951057 0.000000
vn 0.000000 -1.000000 0.000000
vn 0.000000 -1.000000 0.000000
vn 0.309016 -0.951057 0.000000
vn 0.309016 -0.951057 0.000000
vn 0.587786 -0.809017 0.000000
vn 0.587786 -0.809017 0.000000
vn 0.809018 -0.587784 0.000000
vn 0.809018 -0.587784 0.000000
vn 0.951056 -0.309017 0.000000
vn 0.951056 -0.309017 0.000000
vn 1.000000 0.000000 0.000000
vn 1.000000 0.000000 0.000000
vn 0.951056 0.309017 0.000000
vn 0.951056 0.309017 0.000000
vn 0.809018 0.587784 0.000000
vn 0.809018 0.587784 0.000000
vn 0.587786 0.809017 0.000000
vn 0.587786 0.809017 0.000000
vn 0.309016 0.951057 0.000000
vn 0.309016 0.951057 0.000000
vn 0.000001 1.000000 0.000000
vn 0.000001 1.000000 0.000000
vn -0.000012 0.000000 -1.000000
vn 0.000000 0.000000 -1.000000
vn -0.000005 0.000000 -1.000000
vn -0.000012 0.000000 -1.000000
vn 0.000000 0.000000 -1.000000
vn 0.000000 0.000000 -1.000000
vn -0.000012 0.000000 -1.000000
vn -0.000012 0.000000 -1.000000
vn 0.000000 0.000000 -1.000000
vn 0.000000 0.000000 -1.000000
vn 0.000000 0.000000 -1.000000
vn 0.000000 0.000000 -1.000000
vn 0.000000 0.000000 -1.000000
vn 0.000006 0.000000 -1.000000
vn 0.000004 0.000000 -1.000000
vn -0.000008 0.000000 -1.000000
vn -0.000006 0.000000 -1.000000
vn 0.000000 0.000000 -1.000000
vn -0.000025 0.000000 -1.000000
vn -0.000025 0.000000 -1.000000
vn 0.000000 0.000000 -1.000000
vn 0.000000 0.000000 1.000000
vn 0.000000 0.000000 1.000000
vn 0.000000 0.000000 1.000000
vn 0.000000 0.000000 1.000000
vn 0.000000 0.000000 1.000000
vn 0.000000 0.000000 1.000000
vn 0.000002 0.000000 1.000000
vn 0.000002 0.000000 1.000000
vn 0.000000 0.000000 1.000000
vn 0.000000 0.000000 1.000000
vn 0.000000 0.000000 1.000000
vn 0.000000 0.000000 1.000000
vn 0.000000 0.000000 1.000000
vn 0.000000 0.000000 1.000000
vn 0.000000 0.000000 1.000000
vn 0.000001 0.000000 1.000000
vn -0.000001 0.000000 1.000000
vn -0.000002 0.000000 1.000000
vn 0.000000 0.000000 1.000000
vn 0.000000 0.000000 1.000000
vn 0.000000 0.000000 1.000000
vn 0.000000 0.951057 -0.309017
vn 0.000000 0.809017 -0.587786
vn 0.000000 0.809017 -0.587786
vn 0.000000 0.951057 -0.309017
vn 0.000000 0.587787 -0.809015
vn 0.000000 0.587787 -0.809015
vn 0.000000 0.309017 -0.951057
vn 0.000000 0.309017 -0.951057
vn 0.000000 0.000000 -1.000000
vn 0.000000 0.000000 -1.000000
vn 0.000000 -0.309017 -0.951057
vn 0.000000 -0.309017 -0.951057
vn 0.000000 -0.587788 -0.809015
vn 0.000000 -0.587788 -0.809015
vn 0.000000 -0.809017 -0.587785
vn 0.000000 -0.809017 -0.587785
vn 0.000000 -0.951056 -0.309018
vn 0.000000 -0.951056 -0.309018
vn 0.000000 -1.000000 0.000000
vn 0.000000 -1.000000 0.000000
vn 0.000000 -0.951056 0.309018
vn 0.000000 -0.951056 0.309018
vn 0.000000 -0.809017 0.587785
vn 0.000000 -0.809017 0.587785
vn 0.000000 -0.587788 0.809015
vn 0.000000 -0.587788 0.809015
vn 0.000000 -0.309017 0.951057
vn 0.000000 -0.309017 0.951057
vn 0.000000 0.000000 1.000000
vn 0.000000 0.000000 1.000000
vn 0.000000 0.309017 0.951057
vn 0.000000 0.309017 0.951057
vn 0.000000 0.587788 0.809015
vn 0.000000 0.587788 0.809015
vn 0.000000 0.809017 0.587785
vn 0.000000 0.809017 0.587785
vn 0.000000 0.951056 0.309018
vn 0.000000 0.951056 0.309018
vn 0.000000 1.000000 0.000001
vn 0.000000 1.000000 0.000001
vn 1.000000 0.000000 0.000000
vn 1.000000 0.000000 0.000000
vn 1.000000 -0.000000 0.000000
vn 1.000000 0.000025 0.000000
vn 1.000000 0.000025 0.000000
vn 1.000000 0.000000 0.000000
vn 1.000000 0.000000 0.000000
vn 1.000000 0.000012 0.000000
vn 1.000000 0.000012 0.000000
vn 1.000000 0.000000 0.000000
vn 1.000000 0.000000 0.000000
vn 1.000000 0.000000 0.000000
vn 1.000000 0.000000 0.000000
vn 1.000000 -0.000025 0.000000
vn 1.000000 -0.000025 0.000000
vn 1.000000 0.000000 0.000000
vn 1.000000 0.000000 0.000000
vn 1.000000 -0.000012 0.000000
vn 1.000000 -0.000012 0.000000
vn 1.000000 0.000000 0.000000
vn 1.000000 0.000000 0.000000
vn -1.000000 0.000000 0.000000
vn -1.000000 -0.000012 0.000000
vn -1.000000 0.000000 0.000000
vn -1.000000 -0.000012 0.000000
vn -1.000000 0.000000 0.000000
vn -1.000000 0.000000 0.000000
vn -1.000000 -0.000025 0.000000
vn -1.000000 -0.000025 0.000000
vn -1.000000 0.000000 0.000000
vn -1.000000 0.000000 0.000000
vn -1.000000 0.000000 0.000000
vn -1.000000 0.000000 0.000000
vn -1.000000 0.000012 0.000000
vn -1.000000 0.000012 0.000000
vn -1.000000 0.000000 0.000000
vn -1.000000 0.000000 0.000000
vn -1.000000 0.000025 0.000000
vn -1.000000 0.000025 0.000000
vn -1.000000 0.000000 0.000000
vn -1.000000 0.000000 0.000000
vn -1.000000 0.000000 0.000000
vn 0.000000 0.951057 -0.309017
vn 0.000000 0.809017 -0.587786
vn 0.000000 0.809017 -0.587786
vn 0.000000 0.951057 -0.309017
vn 0.000000 0.587787 -0.809015
vn 0.000000 0.587787 -0.809015
vn 0.000000 0.309017 -0.951057
vn 0.000000 0.309017 -0.951057
vn 0.000000 0.000000 -1.000000
vn 0.000000 0.000000 -1.000000
vn 0.000000 -0.309017 -0.951057
vn 0.000000 -0.309017 -0.951057
vn 0.000000 -0.587788 -0.809015
vn 0.000000 -0.587788 -0.809015
vn 0.000000 -0.809017 -0.587785
vn 0.000000 -0.809017 -0.587785
vn 0.000000 -0.951056 -0.309018
vn 0.000000 -0.951056 -0.309018
vn 0.000000 -1.000000 0.000000
vn 0.000000 -1.000000 0.000000
vn 0.000000 -0.951056 0.309018
vn 0.000000 -0.951056 0.309018
vn 0.000000 -0.809017 0.587785
vn 0.000000 -0.809017 0.587785
vn 0.000000 -0.587788 0.809015
vn 0.000000 -0.587788 0.809015
vn 0.000000 -0.309017 0.951057
vn 0.000000 -0.309017 0.951057
vn 0.000000 0.000000 1.000000
vn 0.000000 0.000000 1.000000
vn 0.000000 0.309017 0.951057
vn 0.000000 0.309017 0.951057
vn 0.000000 0.587788 0.809015
vn 0.000000 0.587788 0.809015
vn 0.000000 0.809017 0.587785
vn 0.000000 0.809017 0.587785
vn 0.000000 0.951056 0.309018
vn 0.000000 0.951056 0.309018
vn 0.000000 1.000000 0.000001
vn 0.000000 1.000000 0.000001
vn 1.000000 0.000000 0.000000
vn 1.000000 0.000000 0.000000
vn 1.000000 -0.000000 0.000000
vn 1.000000 0.000025 0.000000
vn 1.000000 0.000025 0.000000
vn 1.000000 0.000000 0.000000
vn 1.000000 0.000000 0.000000
vn 1.000000 0.000012 0.000000
vn 1.000000 0.000012 0.000000
vn 1.000000 0.000000 0.000000
vn 1.000000 0.000000 0.000000
vn 1.000000 0.000000 0.000000
vn 1.000000 0.000000 0.000000
vn 1.000000 -0.000025 0.000000
vn 1.000000 -0.000025 0.000000
vn 1.000000 0.000000 0.000000
vn 1.000000 0.000000 0.000000
vn 1.000000 -0.000012 0.000000
vn 1.000000 -0.000012 0.000000
vn 1.000000 0.000000 0.000000
vn 1.000000 0.000000 0.000000
vn -1.000000 0.000000 0.000000
vn -1.000000 -0.000012 0.000000
vn -1.000000 0.000000 0.000000
vn -1.000000 -0.000012 0.000000
vn -1.000000 0.000000 0.000000
vn -1.000000 0.000000 0.000000
vn -1.000000 -0.000025 0.000000
vn -1.000000 -0.000025 0.000000
vn -1.000000 0.000000 0.000000
vn -1.000000 0.000000 0.000000
vn -1.000000 0.000000 0.000000
vn -1.000000 0.000000 0.000000
vn -1.000000 0.000012 0.000000
vn -1.000000 0.000012 0.000000
vn -1.000000 0.000000 0.000000
vn -1.000000 0.000000 0.000000
vn -1.000000 0.000025 0.000000
vn -1.000000 0.000025 0.000000
vn -1.000000 0.000000 0.000000
vn -1.000000 0.000000 0.000000
vn -1.000000 0.000000 0.000000
vn -0.309017 0.951056 0.000000
vn -0.587784 0.809018 0.000000
vn -0.587784 0.809018 0.000000
vn -0.309017 0.951056 0.000000
vn -0.809015 0.587788 0.000000
vn -0.809015 0.587788 0.000000
vn -0.951057 0.309014 0.000000
vn -0.951057 0.309014 0.000000
vn -1.000000 0.000000 0.000000
vn -1.000000 0.000000 0.000000
vn -0.951057 -0.309014 0.000000
vn -0.951057 -0.309014 0.000000
vn -0.809015 -0.587788 0.000000
vn -0.809015 -0.587788 0.000000
vn -0.587784 -0.809018 0.000000
vn -0.587784 -0.809018 0.000000
vn -0.309018 -0.951056 0.000000
vn -0.309018 -0.951056 0.000000
vn 0.000000 -1.000000 0.000000
vn 0.000000 -1.000000 0.000000
vn 0.309018 -0.951056 0.000000
vn 0.309018 -0.951056 0.000000
vn 0.587784 -0.809018 0.000000
vn 0.587784 -0.809018 0.000000
vn 0.809015 -0.587788 0.000000
vn 0.809015 -0.587788 0.000000
vn 0.951057 -0.309015 0.000000
vn 0.951057 -0.309015 0.000000
vn 1.000000 0.000000 0.000000
vn 1.000000 0.000000 0.000000
vn 0.951057 0.309015 0.000000
vn 0.951057 0.309015 0.000000
vn 0.809015 0.587788 0.000000
vn 0.809015 0.587788 0.000000
vn 0.587784 0.809018 0.000000
vn 0.587784 0.809018 0.000000
vn 0.309018 0.951056 0.000000
vn 0.309018 0.951056 0.000000
vn 0.000001 1.000000 0.000000
vn 0.000001 1.000000 0.000000
vn -0.000012 0.000000 -1.000000
vn 0.000000 0.000000 -1.000000
vn -0.000005 0.000000 -1.000000
vn -0.000012 0.000000 -1.000000
vn 0.000000 0.000000 -1.000000
vn 0.000000 0.000000 -1.000000
vn -0.000012 0.000000 -1.000000
vn -0.000012 0.000000 -1.000000
vn 0.000000 0.000000 -1.000000
vn 0.000000 0.000000 -1.000000
vn 0.000000 0.000000 -1.000000
vn 0.000000 0.000000 -1.000000
vn 0.000000 0.000000 -1.000000
vn 0.000006 0.000000 -1.000000
vn 0.000004 0.000000 -1.000000
vn -0.000008 0.000000 -1.000000
vn -0.000006 0.000000 -1.000000
vn 0.000000 0.000000 -1.000000
vn -0.000025 0.000000 -1.000000
vn -0.000025 0.000000 -1.000000
vn 0.000000 0.000000 -1.000000
vn 0.000000 0.000000 1.000000
vn 0.000000 0.000000 1.000000
vn 0.000000 0.000000 1.000000
vn 0.000000 0.000000 1.000000
vn 0.000000 0.000000 1.000000
vn 0.000000 0.000000 1.000000
vn 0.000002 0.000000 1.000000
vn 0.000002 0.000000 1.000000
vn 0.000000 0.000000 1.000000
vn 0.000000 0.000000 1.000000
vn 0.000000 0.000000 1.000000
vn 0.000000 0.000000 1.000000
vn 0.000000 0.000000 1.000000
vn 0.000000 0.000000 1.000000
vn 0.000000 0.000000 1.000000
vn 0.000001 0.000000 1.000000
vn -0.000001 0.000000 1.000000
vn -0.000002 0.000000 1.000000
vn 0.000000 0.000000 1.000000
vn 0.000000 0.000000 1.000000
vn 0.000000 0.000000 1.000000
vn 0.000000 0.951057 -0.309017
vn 0.000000 0.809017 -0.587786
vn 0.000000 0.809017 -0.587786
vn 0.000000 0.951057 -0.309017
vn 0.000000 0.587787 -0.809016
vn 0.000000 0.587787 -0.809016
vn 0.000000 0.309011 -0.951058
vn 0.000000 0.309011 -0.951058
vn 0.000000 0.000000 -1.000000
vn 0.000000 0.000000 -1.000000
vn 0.000000 -0.309011 -0.951059
vn 0.000000 -0.309011 -0.951059
vn 0.000000 -0.587788 -0.809015
vn 0.000000 -0.587788 -0.809015
vn 0.000000 -0.809021 -0.587779
vn 0.000000 -0.809021 -0.587779
vn 0.000000 -0.951056 -0.309018
vn 0.000000 -0.951056 -0.309018
vn 0.000000 -1.000000 0.000000
vn 0.000000 -1.000000 0.000000
vn 0.000000 -0.951056 0.309018
vn 0.000000 -0.951056 0.309018
vn 0.000000 -0.809017 0.587785
vn 0.000000 -0.809017 0.587785
vn 0.000000 -0.587788 0.809015
vn 0.000000 -0.587788 0.809015
vn 0.000000 -0.309022 0.951055
vn 0.000000 -0.309022 0.951055
vn 0.000000 0.000000 1.000000
vn 0.000000 0.000000 1.000000
vn 0.000000 0.309022 0.951055
vn 0.000000 0.309022 0.951055
vn 0.000000 0.587788 0.809015
vn 0.000000 0.587788 0.809015
vn 0.000000 0.809017 0.587785
vn 0.000000 0.809017 0.587785
vn 0.000000 0.951056 0.309018
vn 0.000000 0.951056 0.309018
vn 0.000000 1.000000 0.000001
vn 0.000000 1.000000 0.000001
vn 1.000000 0.000025 0.000000
vn 1.000000 0.000000 0.000000
vn 1.000000 0.000001 0.000000
vn 1.000000 0.000025 0.000000
vn 1.000000 0.000000 0.000000
vn 1.000000 0.000000 0.000000
vn 1.000000 0.000000 0.000000
vn 1.000000 -0.000012 0.000000
vn 1.000000 -0.000012 0.000000
vn 1.000000 0.000000 0.000000
vn 1.000000 0.000000 0.000000
vn 1.000000 0.000000 0.000000
vn 1.000000 0.000000 0.000000
vn 1.000000 0.000000 0.000000
vn 1.000000 0.000000 0.000000
vn 1.000000 0.000000 0.000000
vn 1.000000 0.000000 0.000000
vn 1.000000 0.000000 0.000000
vn 1.000000 0.000000 0.000000
vn 1.000000 0.000000 0.000000
vn 1.000000 0.000000 0.000000
vn -1.000000 0.000000 0.000000
vn -1.000000 0.000012 0.000000
vn -1.000000 -0.000001 0.000000
vn -1.000000 0.000012 0.000000
vn -1.000000 0.000000 0.000000
vn -1.000000 0.000000 0.000000
vn -1.000000 0.000000 0.000000
vn -1.000000 -0.000025 0.000000
vn -1.000000 -0.000025 0.000000
vn -1.000000 0.000000 0.000000
vn -1.000000 0.000000 0.000000
vn -1.000000 0.000000 0.000000
vn -1.000000 0.000000 0.000000
vn -1.000000 0.000000 0.000000
vn -1.000000 0.000000 0.000000
vn -1.000000 0.000000 0.000000
vn -1.000000 0.000000 0.000000
vn -1.000000 0.000000 0.000000
vn -1.000000 0.000000 0.000000
vn -1.000000 0.000000 0.000000
vn -1.000000 0.000000 0.000000
vn -0.309015 0.951057 0.000000
vn -0.587781 0.809020 0.000000
vn -0.587781 0.809020 0.000000
vn -0.309015 0.951057 0.000000
vn -0.809018 0.587784 0.000000
vn -0.809018 0.587784 0.000000
vn -0.951059 0.309009 0.000000
vn -0.951059 0.309009 0.000000
vn -1.000000 0.000000 0.000000
vn -1.000000 0.000000 0.000000
vn -0.951059 -0.309009 0.000000
vn -0.951059 -0.309009 0.000000
vn -0.809018 -0.587784 0.000000
vn -0.809018 -0.587784 0.000000
vn -0.587775 -0.809025 0.000000
vn -0.587775 -0.809025 0.000000
vn -0.309016 -0.951057 0.000000
vn -0.309016 -0.951057 0.000000
vn 0.000000 -1.000000 0.000000
vn 0.000000 -1.000000 0.000000
vn 0.309020 -0.951056 0.000000
vn 0.309020 -0.951056 0.000000
vn 0.587787 -0.809016 0.000000
vn 0.587787 -0.809016 0.000000
vn 0.809012 -0.587792 0.000000
vn 0.809012 -0.587792 0.000000
vn 0.951055 -0.309020 0.000000
vn 0.951055 -0.309020 0.000000
vn 1.000000 0.000000 0.000000
vn 1.000000 0.000000 0.000000
vn 0.951055 0.309020 0.000000
vn 0.951055 0.309020 0.000000
vn 0.809012 0.587792 0.000000
vn 0.809012 0.587792 0.000000
vn 0.587787 0.809016 0.000000
vn 0.587787 0.809016 0.000000
vn 0.309020 0.951056 0.000000
vn 0.309020 0.951056 0.000000
vn 0.000001 1.000000 0.000000
vn 0.000001 1.000000 0.000000
vn -0.000012 0.000000 -1.000000
vn 0.000000 0.000000 -1.000000
vn -0.000005 0.000000 -1.000000
vn -0.000012 0.000000 -1.000000
vn 0.000000 0.000000 -1.000000
vn 0.000000 0.000000 -1.000000
vn -0.000012 0.000000 -1.000000
vn -0.000012 0.000000 -1.000000
vn 0.000000 0.000000 -1.000000
vn 0.000000 0.000000 -1.000000
vn 0.000000 0.000000 -1.000000
vn 0.000000 0.000000 -1.000000
vn 0.000000 0.000000 -1.000000
vn 0.000006 0.000000 -1.000000
vn 0.000004 0.000000 -1.000000
vn -0.000008 0.000000 -1.000000
vn -0.000006 0.000000 -1.000000
vn 0.000000 0.000000 -1.000000
vn -0.000025 0.000000 -1.000000
vn -0.000025 0.000000 -1.000000
vn 0.000000 0.000000 -1.000000
vn 0.000000 0.000000 1.000000
vn 0.000000 0.000000 1.000000
vn 0.000000 0.000000 1.000000
vn 0.000000 0.000000 1.000000
vn 0.000000 0.000000 1.000000
vn 0.000000 0.000000 1.000000
vn 0.000002 0.000000 1.000000
vn 0.000002 0.000000 1.000000
vn 0.000000 0.000000 1.000000
vn 0.000000 0.000000 1.000000
vn 0.000000 0.000000 1.000000
vn 0.000000 0.000000 1.000000
vn 0.000000 0.000000 1.000000
vn 0.000000 0.000000 1.000000
vn 0.000000 0.000000 1.000000
vn 0.000001 0.000000 1.000000
vn -0.000001 0.000000 1.000000
vn -0.000002 0.000000 1.000000
vn 0.000000 0.000000 1.000000
vn 0.000000 0.000000 1.000000
vn 0.000000 0.000000 1.000000
vn 0.000000 0.951057 -0.309017
vn 0.000000 0.809017 -0.587786
vn 0.000000 0.809017 -0.587786
vn 0.000000 0.951057 -0.309017
vn 0.000000 0.587787 -0.809015
vn 0.000000 0.587787 -0.809015
vn 0.000000 0.309017 -0.951057
vn 0.000000 0.309017 -0.951057
vn 0.000000 0.000000 -1.000000
vn 0.000000 0.000000 -1.000000
vn 0.000000 -0.309017 -0.951057
vn 0.000000 -0.309017 -0.951057
vn 0.000000 -0.587788 -0.809015
vn 0.000000 -0.587788 -0.809015
vn 0.000000 -0.809017 -0.587785
vn 0.000000 -0.809017 -0.587785
vn 0.000000 -0.951056 -0.309018
vn 0.000000 -0.951056 -0.309018
vn 0.000000 -1.000000 0.000000
vn 0.000000 -1.000000 0.000000
vn 0.000000 -0.951056 0.309018
vn 0.000000 -0.951056 0.309018
vn 0.000000 -0.809017 0.587785
vn 0.000000 -0.809017 0.587785
vn 0.000000 -0.587788 0.809015
vn 0.000000 -0.587788 0.809015
vn 0.000000 -0.309017 0.951057
vn 0.000000 -0.309017 0.951057
vn 0.000000 0.000000 1.000000
vn 0.000000 0.000000 1.000000
vn 0.000000 0.309017 0.951057
vn 0.000000 0.309017 0.951057
vn 0.000000 0.587788 0.809015
vn 0.000000 0.587788 0.809015
vn 0.000000 0.809017 0.587785
vn 0.000000 0.809017 0.587785
vn 0.000000 0.951056 0.309018
vn 0.000000 0.951056 0.309018
vn 0.000000 1.000000 0.000001
vn 0.000000 1.000000 0.000001
vn 1.000000 0.000000 0.000000
vn 1.000000 0.000000 0.000000
vn 1.000000 -0.000000 0.000000
vn 1.000000 0.000025 0.000000
vn 1.000000 0.000025 0.000000
vn 1.000000 0.000000 0.000000
vn 1.000000 0.000000 0.000000
vn 1.000000 0.000012 0.000000
vn 1.000000 0.000012 0.000000
vn 1.000000 0.000000 0.000000
vn 1.000000 0.000000 0.000000
vn 1.000000 0.000000 0.000000
vn 1.000000 0.000000 0.000000
vn 1.000000 -0.000025 0.000000
vn 1.000000 -0.000025 0.000000
vn 1.000000 0.000000 0.000000
vn 1.000000 0.000000 0.000000
vn 1.000000 -0.000012 0.000000
vn 1.000000 -0.000012 0.000000
vn 1.000000 0.000000 0.000000
vn 1.000000 0.000000 0.000000
vn -1.000000 0.000000 0.000000
vn -1.000000 -0.000012 0.000000
vn -1.000000 0.000000 0.000000
vn -1.000000 -0.000012 0.000000
vn -1.000000 0.000000 0.000000
vn -1.000000 0.000000 0.000000
vn -1.000000 -0.000025 0.000000
vn -1.000000 -0.000025 0.000000
vn -1.000000 0.000000 0.000000
vn -1.000000 0.000000 0.000000
vn -1.000000 0.000000 0.000000
vn -1.000000 0.000000 0.000000
vn -1.000000 0.000012 0.000000
vn -1.000000 0.000012 0.000000
vn -1.000000 0.000000 0.000000
vn -1.000000 0.000000 0.000000
vn -1.000000 0.000025 0.000000
vn -1.000000 0.000025 0.000000
vn -1.000000 0.000000 0.000000
vn -1.000000 0.000000 0.000000
vn -1.000000 0.000000 0.000000
vn 0.000000 0.951057 -0.309016
vn 0.000000 0.809017 -0.587786
vn 0.000000 0.809017 -0.587786
vn 0.000000 0.951057 -0.309016
vn 0.000000 0.587785 -0.809017
vn 0.000000 0.587785 -0.809017
vn 0.000000 0.309017 -0.951057
vn 0.000000 0.309017 -0.951057
vn 0.000000 0.000000 -1.000000
vn 0.000000 0.000000 -1.000000
vn 0.000000 -0.309017 -0.951057
vn 0.000000 -0.309017 -0.951057
vn 0.000000 -0.587786 -0.809017
vn 0.000000 -0.587786 -0.809017
vn 0.000000 -0.809017 -0.587785
vn 0.000000 -0.809017 -0.587785
vn 0.000000 -0.951057 -0.309017
vn 0.000000 -0.951057 -0.309017
vn 0.000000 -1.000000 0.000000
vn 0.000000 -1.000000 0.000000
vn 0.000000 -0.951057 0.309017
vn 0.000000 -0.951057 0.309017
vn 0.000000 -0.809017 0.587785
vn 0.000000 -0.809017 0.587785
vn 0.000000 -0.587786 0.809017
vn 0.000000 -0.587786 0.809017
vn 0.000000 -0.309017 0.951057
vn 0.000000 -0.309017 0.951057
vn 0.000000 0.000000 1.000000
vn 0.000000 0.000000 1.000000
vn 0.000000 0.309017 0.951057
vn 0.000000 0.309017 0.951057
vn 0.000000 0.587786 0.809017
vn 0.000000 0.587786 0.809017
vn 0.000000 0.809017 0.587785
vn 0.000000 0.809017 0.587785
vn 0.000000 0.951057 0.309017
vn 0.000000 0.951057 0.309017
vn 0.000000 1.000000 0.000001
vn 0.000000 1.000000 0.000001
vn 1.000000 0.000000 0.000000
vn 1.000000 0.000000 0.000000
vn 1.000000 0.000000 0.000000
vn 1.000000 0.000025 0.000000
vn 1.000000 0.000025 0.000000
vn 1.000000 0.000000 0.000000
vn 1.000000 0.000000 0.000000
vn 1.000000 0.000000 0.000000
vn 1.000000 0.000006 0.000000
vn 1.000000 0.000006 0.000000
vn 1.000000 0.000000 0.000000
vn 1.000000 0.000000 0.000000
vn 1.000000 0.000000 0.000000
vn 1.000000 -0.000025 0.000000
vn 1.000000 -0.000025 0.000000
vn 1.000000 0.000000 0.000000
vn 1.000000 0.000000 0.000000
vn 1.000000 0.000000 0.000000
vn 1.000000 -0.000006 0.000000
vn 1.000000 -0.000006 0.000000
vn 1.000000 0.000000 0.000000
vn -1.000000 -0.000006 0.000000
vn -1.000000 -0.000006 0.000000
vn -1.000000 0.000000 0.000000
vn -1.000000 0.000000 0.000000
vn -1.000000 0.000000 0.000000
vn -1.000000 0.000000 0.000000
vn -1.000000 -0.000025 0.000000
vn -1.000000 -0.000025 0.000000
vn -1.000000 0.000000 0.000000
vn -1.000000 0.000000 0.000000
vn -1.000000 0.000000 0.000000
vn -1.000000 0.000006 0.000000
vn -1.000000 0.000006 0.000000
vn -1.000000 0.000000 0.000000
vn -1.000000 0.000000 0.000000
vn -1.000000 0.000000 0.000000
vn -1.000000 0.000025 0.000000
vn -1.000000 0.000025 0.000000
vn -1.000000 0.000000 0.000000
vn -1.000000 0.000000 0.000000
vn -1.000000 0.000000 0.000000
vn 0.000000 0.951057 -0.309017
vn 0.000000 0.809021 -0.587780
vn 0.000000 0.809021 -0.587780
vn 0.000000 0.951057 -0.309017
vn 0.000000 0.587787 -0.809016
vn 0.000000 0.587787 -0.809016
vn 0.000000 0.309011 -0.951058
vn 0.000000 0.309011 -0.951058
vn 0.000000 0.000000 -1.000000
vn 0.000000 0.000000 -1.000000
vn 0.000000 -0.309011 -0.951059
vn 0.000000 -0.309011 -0.951059
vn 0.000000 -0.587788 -0.809015
vn 0.000000 -0.587788 -0.809015
vn 0.000000 -0.809021 -0.587779
vn 0.000000 -0.809021 -0.587779
vn 0.000000 -0.951056 -0.309018
vn 0.000000 -0.951056 -0.309018
vn 0.000000 -1.000000 0.000000
vn 0.000000 -1.000000 0.000000
vn 0.000000 -0.951056 0.309018
vn 0.000000 -0.951056 0.309018
vn 0.000000 -0.809017 0.587785
vn 0.000000 -0.809017 0.587785
vn 0.000000 -0.587788 0.809015
vn 0.000000 -0.587788 0.809015
vn 0.000000 -0.309022 0.951055
vn 0.000000 -0.309022 0.951055
vn 0.000000 0.000000 1.000000
vn 0.000000 0.000000 1.000000
vn 0.000000 0.309022 0.951055
vn 0.000000 0.309022 0.951055
vn 0.000000 0.587788 0.809015
vn 0.000000 0.587788 0.809015
vn 0.000000 0.809017 0.587785
vn 0.000000 0.809017 0.587785
vn 0.000000 0.951056 0.309018
vn 0.000000 0.951056 0.309018
vn 0.000000 1.000000 0.000001
vn 0.000000 1.000000 0.000001
vn 1.000000 0.000025 0.000000
vn 1.000000 0.000000 0.000000
vn 1.000000 0.000001 0.000000
vn 1.000000 0.000025 0.000000
vn 1.000000 0.000000 0.000000
vn 1.000000 0.000000 0.000000
vn 1.000000 0.000000 0.000000
vn 1.000000 -0.000012 0.000000
vn 1.000000 -0.000012 0.000000
vn 1.000000 0.000000 0.000000
vn 1.000000 0.000000 0.000000
vn 1.000000 0.000000 0.000000
vn 1.000000 0.000000 0.000000
vn 1.000000 0.000000 0.000000
vn 1.000000 0.000000 0.000000
vn 1.000000 0.000000 0.000000
vn 1.000000 0.000000 0.000000
vn 1.000000 0.000000 0.000000
vn 1.000000 0.000000 0.000000
vn 1.000000 0.000000 0.000000
vn 1.000000 0.000000 0.000000
vn -1.000000 0.000000 0.000000
vn -1.000000 0.000012 0.000000
vn -1.000000 -0.000001 0.000000
vn -1.000000 0.000012 0.000000
vn -1.000000 0.000000 0.000000
vn -1.000000 0.000000 0.000000
vn -1.000000 0.000000 0.000000
vn -1.000000 -0.000025 0.000000
vn -1.000000 -0.000025 0.000000
vn -1.000000 0.000000 0.000000
vn -1.000000 0.000000 0.000000
vn -1.000000 0.000000 0.000000
vn -1.000000 0.000000 0.000000
vn -1.000000 0.000000 0.000000
vn -1.000000 0.000000 0.000000
vn -1.000000 0.000000 0.000000
vn -1.000000 0.000000 0.000000
vn -1.000000 0.000000 0.000000
vn -1.000000 0.000000 0.000000
vn -1.000000 0.000000 0.000000
vn -1.000000 0.000000 0.000000
vn 0.000000 0.951057 -0.309017
vn 0.000000 0.809021 -0.587780
vn 0.000000 0.809021 -0.587780
vn 0.000000 0.951057 -0.309017
vn 0.000000 0.587787 -0.809016
vn 0.000000 0.587787 -0.809016
vn 0.000000 0.309011 -0.951058
vn 0.000000 0.309011 -0.951058
vn 0.000000 0.000000 -1.000000
vn 0.000000 0.000000 -1.000000
vn 0.000000 -0.309011 -0.951059
vn 0.000000 -0.309011 -0.951059
vn 0.000000 -0.587788 -0.809015
vn 0.000000 -0.587788 -0.809015
vn 0.000000 -0.809021 -0.587779
vn 0.000000 -0.809021 -0.587779
vn 0.000000 -0.951056 -0.309018
vn 0.000000 -0.951056 -0.309018
vn 0.000000 -1.000000 0.000000
vn 0.000000 -1.000000 0.000000
vn 0.000000 -0.951056 0.309018
vn 0.000000 -0.951056 0.309018
vn 0.000000 -0.809017 0.587785
vn 0.000000 -0.809017 0.587785
vn 0.000000 -0.587788 0.809015
vn 0.000000 -0.587788 0.809015
vn 0.000000 -0.309022 0.951055
vn 0.000000 -0.309022 0.951055
vn 0.000000 0.000000 1.000000
vn 0.000000 0.000000 1.000000
vn 0.000000 0.309022 0.951055
vn 0.000000 0.309022 0.951055
vn 0.000000 0.587788 0.809015
vn 0.000000 0.587788 0.809015
vn 0.000000 0.809017 0.587785
vn 0.000000 0.809017 0.587785
vn 0.000000 0.951056 0.309018
vn 0.000000 0.951056 0.309018
vn 0.000000 1.000000 0.000001
vn 0.000000 1.000000 0.000001
vn 1.000000 0.000025 0.000000
vn 1.000000 0.000000 0.000000
vn 1.000000 0.000001 0.000000
vn 1.000000 0.000025 0.000000
vn 1.000000 0.000000 0.000000
vn 1.000000 0.000000 0.000000
vn 1.000000 0.000000 0.000000
vn 1.000000 -0.000012 0.000000
vn 1.000000 -0.000012 0.000000
vn 1.000000 0.000000 0.000000
vn 1.000000 0.000000 0.000000
vn 1.000000 0.000000 0.000000
vn 1.000000 0.000000 0.000000
vn 1.000000 0.000000 0.000000
vn 1.000000 0.000000 0.000000
vn 1.000000 0.000000 0.000000
vn 1.000000 0.000000 0.000000
vn 1.000000 0.000000 0.000000
vn 1.000000 0.000000 0.000000
vn 1.000000 0.000000 0.000000
vn 1.000000 0.000000 0.000000
vn -1.000000 0.000000 0.000000
vn -1.000000 0.000012 0.000000
vn -1.000000 -0.000001 0.000000
vn -1.000000 0.000012 0.000000
vn -1.000000 0.000000 0.000000
vn -1.000000 0.000000 0.000000
vn -1.000000 0.000000 0.000000
vn -1.000000 -0.000025 0.000000
vn -1.000000 -0.000025 0.000000
vn -1.000000 0.000000 0.000000
vn -1.000000 0.000000 0.000000
vn -1.000000 0.000000 0.000000
vn -1.000000 0.000000 0.000000
vn -1.000000 0.000000 0.000000
vn -1.000000 0.000000 0.000000
vn -1.000000 0.000000 0.000000
vn -1.000000 0.000000 0.000000
vn -1.000000 0.000000 0.000000
vn -1.000000 0.000000 0.000000
vn -1.000000 0.000000 0.000000
vn -1.000000 0.000000 0.000000
vn -0.309017 0.951056 0.000000
vn -0.587784 0.809018 0.000000
vn -0.587784 0.809018 0.000000
vn -0.309017 0.951056 0.000000
vn -0.809015 0.587788 0.000000
vn -0.809015 0.587788 0.000000
vn -0.951057 0.309014 0.000000
vn -0.951057 0.309014 0.000000
vn -1.000000 0.000000 0.000000
vn -1.000000 0.000000 0.000000
vn -0.951057 -0.309014 0.000000
vn -0.951057 -0.309014 0.000000
vn -0.809015 -0.587788 0.000000
vn -0.809015 -0.587788 0.000000
vn -0.587784 -0.809018 0.000000
vn -0.587784 -0.809018 0.000000
vn -0.309018 -0.951056 0.000000
vn -0.309018 -0.951056 0.000000
vn 0.000000 -1.000000 0.000000
vn 0.000000 -1.000000 0.000000
vn 0.309018 -0.951056 0.000000
vn 0.309018 -0.951056 0.000000
vn 0.587784 -0.809018 0.000000
vn 0.587784 -0.809018 0.000000
vn 0.809015 -0.587788 0.000000
vn 0.809015 -0.587788 0.000000
vn 0.951057 -0.309015 0.000000
vn 0.951057 -0.309015 0.000000
vn 1.000000 0.000000 0.000000
vn 1.000000 0.000000 0.000000
vn 0.951057 0.309015 0.000000
vn 0.951057 0.309015 0.000000
vn 0.809015 0.587788 0.000000
vn 0.809015 0.587788 0.000000
vn 0.587784 0.809018 0.000000
vn 0.587784 0.809018 0.000000
vn 0.309018 0.951056 0.000000
vn 0.309018 0.951056 0.000000
vn 0.000001 1.000000 0.000000
vn 0.000001 1.000000 0.000000
vn -0.000012 0.000000 -1.000000
vn 0.000000 0.000000 -1.000000
vn -0.000005 0.000000 -1.000000
vn -0.000012 0.000000 -1.000000
vn 0.000000 0.000000 -1.000000
vn 0.000000 0.000000 -1.000000
vn -0.000012 0.000000 -1.000000
vn -0.000012 0.000000 -1.000000
vn 0.000000 0.000000 -1.000000
vn 0.000000 0.000000 -1.000000
vn 0.000000 0.000000 -1.000000
vn 0.000000 0.000000 -1.000000
vn 0.000000 0.000000 -1.000000
vn 0.000006 0.000000 -1.000000
vn 0.000004 0.000000 -1.000000
vn -0.000008 0.000000 -1.000000
vn -0.000006 0.000000 -1.000000
vn 0.000000 0.000000 -1.000000
vn -0.000025 0.000000 -1.000000
vn -0.000025 0.000000 -1.000000
vn 0.000000 0.000000 -1.000000
vn 0.000000 0.000000 1.000000
vn 0.000000 0.000000 1.000000
vn 0.000000 0.000000 1.000000
vn 0.000000 0.000000 1.000000
vn 0.000000 0.000000 1.000000
vn 0.000000 0.000000 1.000000
vn 0.000002 0.000000 1.000000
vn 0.000002 0.000000 1.000000
vn 0.000000 0.000000 1.000000
vn 0.000000 0.000000 1.000000
vn 0.000000 0.000000 1.000000
vn 0.000000 0.000000 1.000000
vn 0.000000 0.000000 1.000000
vn 0.000000 0.000000 1.000000
vn 0.000000 0.000000 1.000000
vn 0.000001 0.000000 1.000000
vn -0.000001 0.000000 1.000000
vn -0.000002 0.000000 1.000000
vn 0.000000 0.000000 1.000000
vn 0.000000 0.000000 1.000000
vn 0.000000 0.000000 1.000000
vn -0.309017 0.951056 0.000000
vn -0.587787 0.809016 0.000000
vn -0.587787 0.809016 0.000000
vn -0.309017 0.951056 0.000000
vn -0.809015 0.587788 0.000000
vn -0.809015 0.587788 0.000000
vn -0.951056 0.309020 0.000000
vn -0.951056 0.309020 0.000000
vn -1.000000 0.000000 0.000000
vn -1.000000 0.000000 0.000000
vn -0.951056 -0.309020 0.000000
vn -0.951056 -0.309020 0.000000
vn -0.809015 -0.587788 0.000000
vn -0.809015 -0.587788 0.000000
vn -0.587787 -0.809016 0.000000
vn -0.587787 -0.809016 0.000000
vn -0.309018 -0.951056 0.000000
vn -0.309018 -0.951056 0.000000
vn 0.000000 -1.000000 0.000000
vn 0.000000 -1.000000 0.000000
vn 0.309016 -0.951057 0.000000
vn 0.309016 -0.951057 0.000000
vn 0.587787 -0.809016 0.000000
vn 0.587787 -0.809016 0.000000
vn 0.809015 -0.587788 0.000000
vn 0.809015 -0.587788 0.000000
vn 0.951055 -0.309020 0.000000
vn 0.951055 -0.309020 0.000000
vn 1.000000 0.000000 0.000000
vn 1.000000 0.000000 0.000000
vn 0.951055 0.309020 0.000000
vn 0.951055 0.309020 0.000000
vn 0.809015 0.587788 0.000000
vn 0.809015 0.587788 0.000000
vn 0.587787 0.809016 0.000000
vn 0.587787 0.809016 0.000000
vn 0.309016 0.951057 0.000000
vn 0.309016 0.951057 0.000000
vn 0.000001 1.000000 0.000000
vn 0.000001 1.000000 0.000000
vn -0.000012 0.000000 -1.000000
vn 0.000000 0.000000 -1.000000
vn -0.000005 0.000000 -1.000000
vn -0.000012 0.000000 -1.000000
vn 0.000000 0.000000 -1.000000
vn 0.000000 0.000000 -1.000000
vn -0.000012 0.000000 -1.000000
vn -0.000012 0.000000 -1.000000
vn 0.000000 0.000000 -1.000000
vn 0.000000 0.000000 -1.000000
vn 0.000000 0.000000 -1.000000
vn 0.000000 0.000000 -1.000000
vn 0.000000 0.000000 -1.000000
vn 0.000006 0.000000 -1.000000
vn 0.000004 0.000000 -1.000000
vn -0.000008 0.000000 -1.000000
vn -0.000006 0.000000 -1.000000
vn 0.000000 0.000000 -1.000000
vn -0.000025 0.000000 -1.000000
vn -0.000025 0.000000 -1.000000
vn 0.000000 0.000000 -1.000000
vn 0.000000 0.000000 1.000000
vn 0.000000 0.000000 1.000000
vn 0.000000 0.000000 1.000000
vn 0.000000 0.000000 1.000000
vn 0.000000 0.000000 1.000000
vn 0.000000 0.000000 1.000000
vn 0.000002 0.000000 1.000000
vn 0.000002 0.000000 1.000000
vn 0.000000 0.000000 1.000000
vn 0.000000 0.000000 1.000000
vn 0.000000 0.000000 1.000000
vn 0.000000 0.000000 1.000000
vn 0.000000 0.000000 1.000000
vn 0.000000 0.000000 1.000000
vn 0.000000 0.000000 1.000000
vn 0.000001 0.000000 1.000000
vn -0.000001 0.000000 1.000000
vn -0.000002 0.000000 1.000000
vn 0.000000 0.000000 1.000000
vn 0.000000 0.000000 1.000000
vn 0.000000 0.000000 1.000000
vn 0.000000 0.951057 -0.309017
vn 0.000000 0.809017 -0.587786
vn 0.000000 0.809017 -0.587786
vn 0.000000 0.951057 -0.309017
vn 0.000000 0.587787 -0.809015
vn 0.000000 0.587787 -0.809015
vn 0.000000 0.309017 -0.951057
vn 0.000000 0.309017 -0.951057
vn 0.000000 0.000000 -1.000000
vn 0.000000 0.000000 -1.000000
vn 0.000000 -0.309017 -0.951057
vn 0.000000 -0.309017 -0.951057
vn 0.000000 -0.587788 -0.809015
vn 0.000000 -0.587788 -0.809015
vn 0.000000 -0.809017 -0.587785
vn 0.000000 -0.809017 -0.587785
vn 0.000000 -0.951056 -0.309018
vn 0.000000 -0.951056 -0.309018
vn 0.000000 -1.000000 0.000000
vn 0.000000 -1.000000 0.000000
vn 0.000000 -0.951056 0.309018
vn 0.000000 -0.951056 0.309018
vn 0.000000 -0.809017 0.587785
vn 0.000000 -0.809017 0.587785
vn 0.000000 -0.587788 0.809015
vn 0.000000 -0.587788 0.809015
vn 0.000000 -0.309017 0.951057
vn 0.000000 -0.309017 0.951057
vn 0.000000 0.000000 1.000000
vn 0.000000 0.000000 1.000000
vn 0.000000 0.309017 0.951057
vn 0.000000 0.309017 0.951057
vn 0.000000 0.587788 0.809015
vn 0.000000 0.587788 0.809015
vn 0.000000 0.809017 0.587785
vn 0.000000 0.809017 0.587785
vn 0.000000 0.951056 0.309018
vn 0.000000 0.951056 0.309018
vn 0.000000 1.000000 0.000001
vn 0.000000 1.000000 0.000001
vn 1.000000 0.000000 0.000000
vn 1.000000 0.000000 0.000000
vn 1.000000 0.000000 0.000000
vn 1.000000 0.000025 0.000000
vn 1.000000 0.000025 0.000000
vn 1.000000 0.000000 0.000000
vn 1.000000 0.000000 0.000000
vn 1.000000 0.000012 0.000000
vn 1.000000 0.000012 0.000000
vn 1.000000 0.000000 0.000000
vn 1.000000 0.000000 0.000000
vn 1.000000 0.000000 0.000000
vn 1.000000 0.000000 0.000000
vn 1.000000 -0.000025 0.000000
vn 1.000000 -0.000025 0.000000
vn 1.000000 0.000000 0.000000
vn 1.000000 0.000000 0.000000
vn 1.000000 -0.000012 0.000000
vn 1.000000 -0.000012 0.000000
vn 1.000000 0.000000 0.000000
vn 1.000000 0.000000 0.000000
vn -1.000000 0.000000 0.000000
vn -1.000000 -0.000012 0.000000
vn -1.000000 0.000000 0.000000
vn -1.000000 -0.000012 0.000000
vn -1.000000 0.000000 0.000000
vn -1.000000 0.000000 0.000000
vn -1.000000 -0.000025 0.000000
vn -1.000000 -0.000025 0.000000
vn -1.000000 0.000000 0.000000
vn -1.000000 0.000000 0.000000
vn -1.000000 0.000000 0.000000
vn -1.000000 0.000000 0.000000
vn -1.000000 0.000012 0.000000
vn -1.000000 0.000012 0.000000
vn -1.000000 0.000000 0.000000
vn -1.000000 0.000000 0.000000
vn -1.000000 0.000025 0.000000
vn -1.000000 0.000025 0.000000
vn -1.000000 0.000000 0.000000
vn -1.000000 0.000000 0.000000
vn -1.000000 0.000000 0.000000
s 1
g pasted__group6_pasted__group5_pasted__pasted__group4_pasted__pasted__pasted__group3_pasted__pasted__pasted__pasted__group1_pasted__pasted__pasted__pasted__pasted__pCylinder1 group9
usemtl pasted__phong1SG
f 1/21/1 2/22/2 22/43/3 21/42/4
f 2/22/2 3/23/5 23/44/6 22/43/3
f 3/23/5 4/24/7 24/45/8 23/44/6
f 4/24/7 5/25/9 25/46/10 24/45/8
f 5/25/9 6/26/11 26/47/12 25/46/10
f 6/26/11 7/27/13 27/48/14 26/47/12
f 7/27/13 8/28/15 28/49/16 27/48/14
f 8/28/15 9/29/17 29/50/18 28/49/16
f 9/29/17 10/30/19 30/51/20 29/50/18
f 10/30/19 11/31/21 31/52/22 30/51/20
f 11/31/21 12/32/23 32/53/24 31/52/22
f 12/32/23 13/33/25 33/54/26 32/53/24
f 13/33/25 14/34/27 34/55/28 33/54/26
f 14/34/27 15/35/29 35/56/30 34/55/28
f 15/35/29 16/36/31 36/57/32 35/56/30
f 16/36/31 17/37/33 37/58/34 36/57/32
f 17/37/33 18/38/35 38/59/36 37/58/34
f 18/38/35 19/39/37 39/60/38 38/59/36
f 19/39/37 20/40/39 40/61/40 39/60/38
f 20/40/39 1/41/1 21/62/4 40/61/40
s 2
f 2/2/41 1/1/42 41/83/43
f 3/3/44 2/2/41 41/83/43
f 4/4/45 3/3/44 41/83/43
f 5/5/46 4/4/45 41/83/43
f 6/6/47 5/5/46 41/83/43
f 7/7/48 6/6/47 41/83/43
f 8/8/49 7/7/48 41/83/43
f 9/9/50 8/8/49 41/83/43
f 10/10/51 9/9/50 41/83/43
f 11/11/52 10/10/51 41/83/43
f 12/12/53 11/11/52 41/83/43
f 13/13/54 12/12/53 41/83/43
f 14/14/55 13/13/54 41/83/43
f 15/15/56 14/14/55 41/83/43
f 16/16/57 15/15/56 41/83/43
f 17/17/58 16/16/57 41/83/43
f 18/18/59 17/17/58 41/83/43
f 19/19/60 18/18/59 41/83/43
f 20/20/61 19/19/60 41/83/43
f 1/1/42 20/20/61 41/83/43
s 3
f 21/81/62 22/80/63 42/84/64
f 22/80/63 23/79/65 42/84/64
f 23/79/65 24/78/66 42/84/64
f 24/78/66 25/77/67 42/84/64
f 25/77/67 26/76/68 42/84/64
f 26/76/68 27/75/69 42/84/64
f 27/75/69 28/74/70 42/84/64
f 28/74/70 29/73/71 42/84/64
f 29/73/71 30/72/72 42/84/64
f 30/72/72 31/71/73 42/84/64
f 31/71/73 32/70/74 42/84/64
f 32/70/74 33/69/75 42/84/64
f 33/69/75 34/68/76 42/84/64
f 34/68/76 35/67/77 42/84/64
f 35/67/77 36/66/78 42/84/64
f 36/66/78 37/65/79 42/84/64
f 37/65/79 38/64/80 42/84/64
f 38/64/80 39/63/81 42/84/64
f 39/63/81 40/82/82 42/84/64
f 40/82/82 21/81/62 42/84/64
s 4
f 43/85/83 44/86/84 64/87/85 63/88/86
f 44/86/84 45/89/87 65/90/88 64/87/85
f 45/89/87 46/91/89 66/92/90 65/90/88
f 46/91/89 47/93/91 67/94/92 66/92/90
f 47/93/91 48/95/93 68/96/94 67/94/92
f 48/95/93 49/97/95 69/98/96 68/96/94
f 49/97/95 50/99/97 70/100/98 69/98/96
f 50/99/97 51/101/99 71/102/100 70/100/98
f 51/101/99 52/103/101 72/104/102 71/102/100
f 52/103/101 53/105/103 73/106/104 72/104/102
f 53/105/103 54/107/105 74/108/106 73/106/104
f 54/107/105 55/109/107 75/110/108 74/108/106
f 55/109/107 56/111/109 76/112/110 75/110/108
f 56/111/109 57/113/111 77/114/112 76/112/110
f 57/113/111 58/115/113 78/116/114 77/114/112
f 58/115/113 59/117/115 79/118/116 78/116/114
f 59/117/115 60/119/117 80/120/118 79/118/116
f 60/119/117 61/121/119 81/122/120 80/120/118
f 61/121/119 62/123/121 82/124/122 81/122/120
f 62/123/121 43/125/83 63/126/86 82/124/122
s 5
f 44/127/123 43/128/124 83/129/125
f 45/130/126 44/127/123 83/129/125
f 46/131/127 45/130/126 83/129/125
f 47/132/128 46/131/127 83/129/125
f 48/133/129 47/132/128 83/129/125
f 49/134/130 48/133/129 83/129/125
f 50/135/131 49/134/130 83/129/125
f 51/136/132 50/135/131 83/129/125
f 52/137/133 51/136/132 83/129/125
f 53/138/134 52/137/133 83/129/125
f 54/139/135 53/138/134 83/129/125
f 55/140/136 54/139/135 83/129/125
f 56/141/137 55/140/136 83/129/125
f 57/142/138 56/141/137 83/129/125
f 58/143/139 57/142/138 83/129/125
f 59/144/140 58/143/139 83/129/125
f 60/145/141 59/144/140 83/129/125
f 61/146/142 60/145/141 83/129/125
f 62/147/143 61/146/142 83/129/125
f 43/128/124 62/147/143 83/129/125
s 6
f 63/148/144 64/149/145 84/150/146
f 64/149/145 65/151/147 84/150/146
f 65/151/147 66/152/148 84/150/146
f 66/152/148 67/153/149 84/150/146
f 67/153/149 68/154/150 84/150/146
f 68/154/150 69/155/151 84/150/146
f 69/155/151 70/156/152 84/150/146
f 70/156/152 71/157/153 84/150/146
f 71/157/153 72/158/154 84/150/146
f 72/158/154 73/159/155 84/150/146
f 73/159/155 74/160/156 84/150/146
f 74/160/156 75/161/157 84/150/146
f 75/161/157 76/162/158 84/150/146
f 76/162/158 77/163/159 84/150/146
f 77/163/159 78/164/160 84/150/146
f 78/164/160 79/165/161 84/150/146
f 79/165/161 80/166/162 84/150/146
f 80/166/162 81/167/163 84/150/146
f 81/167/163 82/168/164 84/150/146
f 82/168/164 63/148/144 84/150/146
s 7
f 85/169/165 86/170/166 106/171/167 105/172/168
f 86/170/166 87/173/169 107/174/170 106/171/167
f 87/173/169 88/175/171 108/176/172 107/174/170
f 88/175/171 89/177/173 109/178/174 108/176/172
f 89/177/173 90/179/175 110/180/176 109/178/174
f 90/179/175 91/181/177 111/182/178 110/180/176
f 91/181/177 92/183/179 112/184/180 111/182/178
f 92/183/179 93/185/181 113/186/182 112/184/180
f 93/185/181 94/187/183 114/188/184 113/186/182
f 94/187/183 95/189/185 115/190/186 114/188/184
f 95/189/185 96/191/187 116/192/188 115/190/186
f 96/191/187 97/193/189 117/194/190 116/192/188
f 97/193/189 98/195/191 118/196/192 117/194/190
f 98/195/191 99/197/193 119/198/194 118/196/192
f 99/197/193 100/199/195 120/200/196 119/198/194
f 100/199/195 101/201/197 121/202/198 120/200/196
f 101/201/197 102/203/199 122/204/200 121/202/198
f 102/203/199 103/205/201 123/206/202 122/204/200
f 103/205/201 104/207/203 124/208/204 123/206/202
f 104/207/203 85/209/165 105/210/168 124/208/204
s 8
f 86/211/205 85/212/206 125/213/207
f 87/214/208 86/211/205 125/213/207
f 88/215/209 87/214/208 125/213/207
f 89/216/210 88/215/209 125/213/207
f 90/217/211 89/216/210 125/213/207
f 91/218/212 90/217/211 125/213/207
f 92/219/213 91/218/212 125/213/207
f 93/220/214 92/219/213 125/213/207
f 94/221/215 93/220/214 125/213/207
f 95/222/216 94/221/215 125/213/207
f 96/223/217 95/222/216 125/213/207
f 97/224/218 96/223/217 125/213/207
f 98/225/219 97/224/218 125/213/207
f 99/226/220 98/225/219 125/213/207
f 100/227/221 99/226/220 125/213/207
f 101/228/222 100/227/221 125/213/207
f 102/229/223 101/228/222 125/213/207
f 103/230/224 102/229/223 125/213/207
f 104/231/225 103/230/224 125/213/207
f 85/212/206 104/231/225 125/213/207
s 9
f 105/232/226 106/233/227 126/234/228
f 106/233/227 107/235/229 126/234/228
f 107/235/229 108/236/230 126/234/228
f 108/236/230 109/237/231 126/234/228
f 109/237/231 110/238/232 126/234/228
f 110/238/232 111/239/233 126/234/228
f 111/239/233 112/240/234 126/234/228
f 112/240/234 113/241/235 126/234/228
f 113/241/235 114/242/236 126/234/228
f 114/242/236 115/243/237 126/234/228
f 115/243/237 116/244/238 126/234/228
f 116/244/238 117/245/239 126/234/228
f 117/245/239 118/246/240 126/234/228
f 118/246/240 119/247/241 126/234/228
f 119/247/241 120/248/242 126/234/228
f 120/248/242 121/249/243 126/234/228
f 121/249/243 122/250/244 126/234/228
f 122/250/244 123/251/245 126/234/228
f 123/251/245 124/252/246 126/234/228
f 124/252/246 105/232/226 126/234/228
s 10
f 127/253/247 128/254/248 148/255/249 147/256/250
f 128/254/248 129/257/251 149/258/252 148/255/249
f 129/257/251 130/259/253 150/260/254 149/258/252
f 130/259/253 131/261/255 151/262/256 150/260/254
f 131/261/255 132/263/257 152/264/258 151/262/256
f 132/263/257 133/265/259 153/266/260 152/264/258
f 133/265/259 134/267/261 154/268/262 153/266/260
f 134/267/261 135/269/263 155/270/264 154/268/262
f 135/269/263 136/271/265 156/272/266 155/270/264
f 136/271/265 137/273/267 157/274/268 156/272/266
f 137/273/267 138/275/269 158/276/270 157/274/268
f 138/275/269 139/277/271 159/278/272 158/276/270
f 139/277/271 140/279/273 160/280/274 159/278/272
f 140/279/273 141/281/275 161/282/276 160/280/274
f 141/281/275 142/283/277 162/284/278 161/282/276
f 142/283/277 143/285/279 163/286/280 162/284/278
f 143/285/279 144/287/281 164/288/282 163/286/280
f 144/287/281 145/289/283 165/290/284 164/288/282
f 145/289/283 146/291/285 166/292/286 165/290/284
f 146/291/285 127/293/247 147/294/250 166/292/286
s 11
f 128/295/287 127/296/288 167/297/289
f 129/298/290 128/295/287 167/297/289
f 130/299/291 129/298/290 167/297/289
f 131/300/292 130/299/291 167/297/289
f 132/301/293 131/300/292 167/297/289
f 133/302/294 132/301/293 167/297/289
f 134/303/295 133/302/294 167/297/289
f 135/304/296 134/303/295 167/297/289
f 136/305/297 135/304/296 167/297/289
f 137/306/298 136/305/297 167/297/289
f 138/307/299 137/306/298 167/297/289
f 139/308/300 138/307/299 167/297/289
f 140/309/301 139/308/300 167/297/289
f 141/310/302 140/309/301 167/297/289
f 142/311/303 141/310/302 167/297/289
f 143/312/304 142/311/303 167/297/289
f 144/313/305 143/312/304 167/297/289
f 145/314/306 144/313/305 167/297/289
f 146/315/307 145/314/306 167/297/289
f 127/296/288 146/315/307 167/297/289
s 12
f 147/316/308 148/317/309 168/318/310
f 148/317/309 149/319/311 168/318/310
f 149/319/311 150/320/312 168/318/310
f 150/320/312 151/321/313 168/318/310
f 151/321/313 152/322/314 168/318/310
f 152/322/314 153/323/315 168/318/310
f 153/323/315 154/324/316 168/318/310
f 154/324/316 155/325/317 168/318/310
f 155/325/317 156/326/318 168/318/310
f 156/326/318 157/327/319 168/318/310
f 157/327/319 158/328/320 168/318/310
f 158/328/320 159/329/321 168/318/310
f 159/329/321 160/330/322 168/318/310
f 160/330/322 161/331/323 168/318/310
f 161/331/323 162/332/324 168/318/310
f 162/332/324 163/333/325 168/318/310
f 163/333/325 164/334/326 168/318/310
f 164/334/326 165/335/327 168/318/310
f 165/335/327 166/336/328 168/318/310
f 166/336/328 147/316/308 168/318/310
s 13
f 169/337/329 170/338/330 190/339/331 189/340/332
f 170/338/330 171/341/333 191/342/334 190/339/331
f 171/341/333 172/343/335 192/344/336 191/342/334
f 172/343/335 173/345/337 193/346/338 192/344/336
f 173/345/337 174/347/339 194/348/340 193/346/338
f 174/347/339 175/349/341 195/350/342 194/348/340
f 175/349/341 176/351/343 196/352/344 195/350/342
f 176/351/343 177/353/345 197/354/346 196/352/344
f 177/353/345 178/355/347 198/356/348 197/354/346
f 178/355/347 179/357/349 199/358/350 198/356/348
f 179/357/349 180/359/351 200/360/352 199/358/350
f 180/359/351 181/361/353 201/362/354 200/360/352
f 181/361/353 182/363/355 202/364/356 201/362/354
f 182/363/355 183/365/357 203/366/358 202/364/356
f 183/365/357 184/367/359 204/368/360 203/366/358
f 184/367/359 185/369/361 205/370/362 204/368/360
f 185/369/361 186/371/363 206/372/364 205/370/362
f 186/371/363 187/373/365 207/374/366 206/372/364
f 187/373/365 188/375/367 208/376/368 207/374/366
f 188/375/367 169/377/329 189/378/332 208/376/368
s 14
f 170/379/369 169/380/370 209/381/371
f 171/382/372 170/379/369 209/381/371
f 172/383/373 171/382/372 209/381/371
f 173/384/374 172/383/373 209/381/371
f 174/385/375 173/384/374 209/381/371
f 175/386/376 174/385/375 209/381/371
f 176/387/377 175/386/376 209/381/371
f 177/388/378 176/387/377 209/381/371
f 178/389/379 177/388/378 209/381/371
f 179/390/380 178/389/379 209/381/371
f 180/391/381 179/390/380 209/381/371
f 181/392/382 180/391/381 209/381/371
f 182/393/383 181/392/382 209/381/371
f 183/394/384 182/393/383 209/381/371
f 184/395/385 183/394/384 209/381/371
f 185/396/386 184/395/385 209/381/371
f 186/397/387 185/396/386 209/381/371
f 187/398/388 186/397/387 209/381/371
f 188/399/389 187/398/388 209/381/371
f 169/380/370 188/399/389 209/381/371
s 15
f 189/400/390 190/401/391 210/402/392
f 190/401/391 191/403/393 210/402/392
f 191/403/393 192/404/394 210/402/392
f 192/404/394 193/405/395 210/402/392
f 193/405/395 194/406/396 210/402/392
f 194/406/396 195/407/397 210/402/392
f 195/407/397 196/408/398 210/402/392
f 196/408/398 197/409/399 210/402/392
f 197/409/399 198/410/400 210/402/392
f 198/410/400 199/411/401 210/402/392
f 199/411/401 200/412/402 210/402/392
f 200/412/402 201/413/403 210/402/392
f 201/413/403 202/414/404 210/402/392
f 202/414/404 203/415/405 210/402/392
f 203/415/405 204/416/406 210/402/392
f 204/416/406 205/417/407 210/402/392
f 205/417/407 206/418/408 210/402/392
f 206/418/408 207/419/409 210/402/392
f 207/419/409 208/420/410 210/402/392
f 208/420/410 189/400/390 210/402/392
s 16
f 211/421/411 212/422/412 232/423/413 231/424/414
f 212/422/412 213/425/415 233/426/416 232/423/413
f 213/425/415 214/427/417 234/428/418 233/426/416
f 214/427/417 215/429/419 235/430/420 234/428/418
f 215/429/419 216/431/421 236/432/422 235/430/420
f 216/431/421 217/433/423 237/434/424 236/432/422
f 217/433/423 218/435/425 238/436/426 237/434/424
f 218/435/425 219/437/427 239/438/428 238/436/426
f 219/437/427 220/439/429 240/440/430 239/438/428
f 220/439/429 221/441/431 241/442/432 240/440/430
f 221/441/431 222/443/433 242/444/434 241/442/432
f 222/443/433 223/445/435 243/446/436 242/444/434
f 223/445/435 224/447/437 244/448/438 243/446/436
f 224/447/437 225/449/439 245/450/440 244/448/438
f 225/449/439 226/451/441 246/452/442 245/450/440
f 226/451/441 227/453/443 247/454/444 246/452/442
f 227/453/443 228/455/445 248/456/446 247/454/444
f 228/455/445 229/457/447 249/458/448 248/456/446
f 229/457/447 230/459/449 250/460/450 249/458/448
f 230/459/449 211/461/411 231/462/414 250/460/450
s 17
f 212/463/451 211/464/452 251/465/453
f 213/466/454 212/463/451 251/465/453
f 214/467/455 213/466/454 251/465/453
f 215/468/456 214/467/455 251/465/453
f 216/469/457 215/468/456 251/465/453
f 217/470/458 216/469/457 251/465/453
f 218/471/459 217/470/458 251/465/453
f 219/472/460 218/471/459 251/465/453
f 220/473/461 219/472/460 251/465/453
f 221/474/462 220/473/461 251/465/453
f 222/475/463 221/474/462 251/465/453
f 223/476/464 222/475/463 251/465/453
f 224/477/465 223/476/464 251/465/453
f 225/478/466 224/477/465 251/465/453
f 226/479/467 225/478/466 251/465/453
f 227/480/468 226/479/467 251/465/453
f 228/481/469 227/480/468 251/465/453
f 229/482/470 228/481/469 251/465/453
f 230/483/471 229/482/470 251/465/453
f 211/464/452 230/483/471 251/465/453
s 18
f 231/484/472 232/485/473 252/486/474
f 232/485/473 233/487/475 252/486/474
f 233/487/475 234/488/476 252/486/474
f 234/488/476 235/489/477 252/486/474
f 235/489/477 236/490/478 252/486/474
f 236/490/478 237/491/479 252/486/474
f 237/491/479 238/492/480 252/486/474
f 238/492/480 239/493/481 252/486/474
f 239/493/481 240/494/482 252/486/474
f 240/494/482 241/495/483 252/486/474
f 241/495/483 242/496/484 252/486/474
f 242/496/484 243/497/485 252/486/474
f 243/497/485 244/498/486 252/486/474
f 244/498/486 245/499/487 252/486/474
f 245/499/487 246/500/488 252/486/474
f 246/500/488 247/501/489 252/486/474
f 247/501/489 248/502/490 252/486/474
f 248/502/490 249/503/491 252/486/474
f 249/503/491 250/504/492 252/486/474
f 250/504/492 231/484/472 252/486/474
s 19
f 253/505/493 254/506/494 274/507/495 273/508/496
f 254/506/494 255/509/497 275/510/498 274/507/495
f 255/509/497 256/511/499 276/512/500 275/510/498
f 256/511/499 257/513/501 277/514/502 276/512/500
f 257/513/501 258/515/503 278/516/504 277/514/502
f 258/515/503 259/517/505 279/518/506 278/516/504
f 259/517/505 260/519/507 280/520/508 279/518/506
f 260/519/507 261/521/509 281/522/510 280/520/508
f 261/521/509 262/523/511 282/524/512 281/522/510
f 262/523/511 263/525/513 283/526/514 282/524/512
f 263/525/513 264/527/515 284/528/516 283/526/514
f 264/527/515 265/529/517 285/530/518 284/528/516
f 265/529/517 266/531/519 286/532/520 285/530/518
f 266/531/519 267/533/521 287/534/522 286/532/520
f 267/533/521 268/535/523 288/536/524 287/534/522
f 268/535/523 269/537/525 289/538/526 288/536/524
f 269/537/525 270/539/527 290/540/528 289/538/526
f 270/539/527 271/541/529 291/542/530 290/540/528
f 271/541/529 272/543/531 292/544/532 291/542/530
f 272/543/531 253/545/493 273/546/496 292/544/532
s 20
f 254/547/533 253/548/534 293/549/535
f 255/550/536 254/547/533 293/549/535
f 256/551/537 255/550/536 293/549/535
f 257/552/538 256/551/537 293/549/535
f 258/553/539 257/552/538 293/549/535
f 259/554/540 258/553/539 293/549/535
f 260/555/541 259/554/540 293/549/535
f 261/556/542 260/555/541 293/549/535
f 262/557/543 261/556/542 293/549/535
f 263/558/544 262/557/543 293/549/535
f 264/559/545 263/558/544 293/549/535
f 265/560/546 264/559/545 293/549/535
f 266/561/547 265/560/546 293/549/535
f 267/562/548 266/561/547 293/549/535
f 268/563/549 267/562/548 293/549/535
f 269/564/550 268/563/549 293/549/535
f 270/565/551 269/564/550 293/549/535
f 271/566/552 270/565/551 293/549/535
f 272/567/553 271/566/552 293/549/535
f 253/548/534 272/567/553 293/549/535
s 21
f 273/568/554 274/569/555 294/570/556
f 274/569/555 275/571/557 294/570/556
f 275/571/557 276/572/558 294/570/556
f 276/572/558 277/573/559 294/570/556
f 277/573/559 278/574/560 294/570/556
f 278/574/560 279/575/561 294/570/556
f 279/575/561 280/576/562 294/570/556
f 280/576/562 281/577/563 294/570/556
f 281/577/563 282/578/564 294/570/556
f 282/578/564 283/579/565 294/570/556
f 283/579/565 284/580/566 294/570/556
f 284/580/566 285/581/567 294/570/556
f 285/581/567 286/582/568 294/570/556
f 286/582/568 287/583/569 294/570/556
f 287/583/569 288/584/570 294/570/556
f 288/584/570 289/585/571 294/570/556
f 289/585/571 290/586/572 294/570/556
f 290/586/572 291/587/573 294/570/556
f 291/587/573 292/588/574 294/570/556
f 292/588/574 273/568/554 294/570/556
s 22
f 295/589/575 296/590/576 316/591/577 315/592/578
f 296/590/576 297/593/579 317/594/580 316/591/577
f 297/593/579 298/595/581 318/596/582 317/594/580
f 298/595/581 299/597/583 319/598/584 318/596/582
f 299/597/583 300/599/585 320/600/586 319/598/584
f 300/599/585 301/601/587 321/602/588 320/600/586
f 301/601/587 302/603/589 322/604/590 321/602/588
f 302/603/589 303/605/591 323/606/592 322/604/590
f 303/605/591 304/607/593 324/608/594 323/606/592
f 304/607/593 305/609/595 325/610/596 324/608/594
f 305/609/595 306/611/597 326/612/598 325/610/596
f 306/611/597 307/613/599 327/614/600 326/612/598
f 307/613/599 308/615/601 328/616/602 327/614/600
f 308/615/601 309/617/603 329/618/604 328/616/602
f 309/617/603 310/619/605 330/620/606 329/618/604
f 310/619/605 311/621/607 331/622/608 330/620/606
f 311/621/607 312/623/609 332/624/610 331/622/608
f 312/623/609 313/625/611 333/626/612 332/624/610
f 313/625/611 314/627/613 334/628/614 333/626/612
f 314/627/613 295/629/575 315/630/578 334/628/614
s 23
f 296/631/615 295/632/616 335/633/617
f 297/634/618 296/631/615 335/633/617
f 298/635/619 297/634/618 335/633/617
f 299/636/620 298/635/619 335/633/617
f 300/637/621 299/636/620 335/633/617
f 301/638/622 300/637/621 335/633/617
f 302/639/623 301/638/622 335/633/617
f 303/640/624 302/639/623 335/633/617
f 304/641/625 303/640/624 335/633/617
f 305/642/626 304/641/625 335/633/617
f 306/643/627 305/642/626 335/633/617
f 307/644/628 306/643/627 335/633/617
f 308/645/629 307/644/628 335/633/617
f 309/646/630 308/645/629 335/633/617
f 310/647/631 309/646/630 335/633/617
f 311/648/632 310/647/631 335/633/617
f 312/649/633 311/648/632 335/633/617
f 313/650/634 312/649/633 335/633/617
f 314/651/635 313/650/634 335/633/617
f 295/632/616 314/651/635 335/633/617
s 24
f 315/652/636 316/653/637 336/654/638
f 316/653/637 317/655/639 336/654/638
f 317/655/639 318/656/640 336/654/638
f 318/656/640 319/657/641 336/654/638
f 319/657/641 320/658/642 336/654/638
f 320/658/642 321/659/643 336/654/638
f 321/659/643 322/660/644 336/654/638
f 322/660/644 323/661/645 336/654/638
f 323/661/645 324/662/646 336/654/638
f 324/662/646 325/663/647 336/654/638
f 325/663/647 326/664/648 336/654/638
f 326/664/648 327/665/649 336/654/638
f 327/665/649 328/666/650 336/654/638
f 328/666/650 329/667/651 336/654/638
f 329/667/651 330/668/652 336/654/638
f 330/668/652 331/669/653 336/654/638
f 331/669/653 332/670/654 336/654/638
f 332/670/654 333/671/655 336/654/638
f 333/671/655 334/672/656 336/654/638
f 334/672/656 315/652/636 336/654/638
s 25
f 337/673/657 338/674/658 358/675/659 357/676/660
f 338/674/658 339/677/661 359/678/662 358/675/659
f 339/677/661 340/679/663 360/680/664 359/678/662
f 340/679/663 341/681/665 361/682/666 360/680/664
f 341/681/665 342/683/667 362/684/668 361/682/666
f 342/683/667 343/685/669 363/686/670 362/684/668
f 343/685/669 344/687/671 364/688/672 363/686/670
f 344/687/671 345/689/673 365/690/674 364/688/672
f 345/689/673 346/691/675 366/692/676 365/690/674
f 346/691/675 347/693/677 367/694/678 366/692/676
f 347/693/677 348/695/679 368/696/680 367/694/678
f 348/695/679 349/697/681 369/698/682 368/696/680
f 349/697/681 350/699/683 370/700/684 369/698/682
f 350/699/683 351/701/685 371/702/686 370/700/684
f 351/701/685 352/703/687 372/704/688 371/702/686
f 352/703/687 353/705/689 373/706/690 372/704/688
f 353/705/689 354/707/691 374/708/692 373/706/690
f 354/707/691 355/709/693 375/710/694 374/708/692
f 355/709/693 356/711/695 376/712/696 375/710/694
f 356/711/695 337/713/657 357/714/660 376/712/696
s 26
f 338/715/697 337/716/698 377/717/699
f 339/718/700 338/715/697 377/717/699
f 340/719/701 339/718/700 377/717/699
f 341/720/702 340/719/701 377/717/699
f 342/721/703 341/720/702 377/717/699
f 343/722/704 342/721/703 377/717/699
f 344/723/705 343/722/704 377/717/699
f 345/724/706 344/723/705 377/717/699
f 346/725/707 345/724/706 377/717/699
f 347/726/708 346/725/707 377/717/699
f 348/727/709 347/726/708 377/717/699
f 349/728/710 348/727/709 377/717/699
f 350/729/711 349/728/710 377/717/699
f 351/730/712 350/729/711 377/717/699
f 352/731/713 351/730/712 377/717/699
f 353/732/714 352/731/713 377/717/699
f 354/733/715 353/732/714 377/717/699
f 355/734/716 354/733/715 377/717/699
f 356/735/717 355/734/716 377/717/699
f 337/716/698 356/735/717 377/717/699
s 27
f 357/736/718 358/737/719 378/738/720
f 358/737/719 359/739/721 378/738/720
f 359/739/721 360/740/722 378/738/720
f 360/740/722 361/741/723 378/738/720
f 361/741/723 362/742/724 378/738/720
f 362/742/724 363/743/725 378/738/720
f 363/743/725 364/744/726 378/738/720
f 364/744/726 365/745/727 378/738/720
f 365/745/727 366/746/728 378/738/720
f 366/746/728 367/747/729 378/738/720
f 367/747/729 368/748/730 378/738/720
f 368/748/730 369/749/731 378/738/720
f 369/749/731 370/750/732 378/738/720
f 370/750/732 371/751/733 378/738/720
f 371/751/733 372/752/734 378/738/720
f 372/752/734 373/753/735 378/738/720
f 373/753/735 374/754/736 378/738/720
f 374/754/736 375/755/737 378/738/720
f 375/755/737 376/756/738 378/738/720
f 376/756/738 357/736/718 378/738/720
s 28
f 379/757/739 380/758/740 400/759/741 399/760/742
f 380/758/740 381/761/743 401/762/744 400/759/741
f 381/761/743 382/763/745 402/764/746 401/762/744
f 382/763/745 383/765/747 403/766/748 402/764/746
f 383/765/747 384/767/749 404/768/750 403/766/748
f 384/767/749 385/769/751 405/770/752 404/768/750
f 385/769/751 386/771/753 406/772/754 405/770/752
f 386/771/753 387/773/755 407/774/756 406/772/754
f 387/773/755 388/775/757 408/776/758 407/774/756
f 388/775/757 389/777/759 409/778/760 408/776/758
f 389/777/759 390/779/761 410/780/762 409/778/760
f 390/779/761 391/781/763 411/782/764 410/780/762
f 391/781/763 392/783/765 412/784/766 411/782/764
f 392/783/765 393/785/767 413/786/768 412/784/766
f 393/785/767 394/787/769 414/788/770 413/786/768
f 394/787/769 395/789/771 415/790/772 414/788/770
f 395/789/771 396/791/773 416/792/774 415/790/772
f 396/791/773 397/793/775 417/794/776 416/792/774
f 397/793/775 398/795/777 418/796/778 417/794/776
f 398/795/777 379/797/739 399/798/742 418/796/778
s 29
f 380/799/779 379/800/780 419/801/781
f 381/802/782 380/799/779 419/801/781
f 382/803/783 381/802/782 419/801/781
f 383/804/784 382/803/783 419/801/781
f 384/805/785 383/804/784 419/801/781
f 385/806/786 384/805/785 419/801/781
f 386/807/787 385/806/786 419/801/781
f 387/808/788 386/807/787 419/801/781
f 388/809/789 387/808/788 419/801/781
f 389/810/790 388/809/789 419/801/781
f 390/811/791 389/810/790 419/801/781
f 391/812/792 390/811/791 419/801/781
f 392/813/793 391/812/792 419/801/781
f 393/814/794 392/813/793 419/801/781
f 394/815/795 393/814/794 419/801/781
f 395/816/796 394/815/795 419/801/781
f 396/817/797 395/816/796 419/801/781
f 397/818/798 396/817/797 419/801/781
f 398/819/799 397/818/798 419/801/781
f 379/800/780 398/819/799 419/801/781
s 30
f 399/820/800 400/821/801 420/822/802
f 400/821/801 401/823/803 420/822/802
f 401/823/803 402/824/804 420/822/802
f 402/824/804 403/825/805 420/822/802
f 403/825/805 404/826/806 420/822/802
f 404/826/806 405/827/807 420/822/802
f 405/827/807 406/828/808 420/822/802
f 406/828/808 407/829/809 420/822/802
f 407/829/809 408/830/810 420/822/802
f 408/830/810 409/831/811 420/822/802
f 409/831/811 410/832/812 420/822/802
f 410/832/812 411/833/813 420/822/802
f 411/833/813 412/834/814 420/822/802
f 412/834/814 413/835/815 420/822/802
f 413/835/815 414/836/816 420/822/802
f 414/836/816 415/837/817 420/822/802
f 415/837/817 416/838/818 420/822/802
f 416/838/818 417/839/819 420/822/802
f 417/839/819 418/840/820 420/822/802
f 418/840/820 399/820/800 420/822/802
s 31
f 421/841/821 422/842/822 442/843/823 441/844/824
f 422/842/822 423/845/825 443/846/826 442/843/823
f 423/845/825 424/847/827 444/848/828 443/846/826
f 424/847/827 425/849/829 445/850/830 444/848/828
f 425/849/829 426/851/831 446/852/832 445/850/830
f 426/851/831 427/853/833 447/854/834 446/852/832
f 427/853/833 428/855/835 448/856/836 447/854/834
f 428/855/835 429/857/837 449/858/838 448/856/836
f 429/857/837 430/859/839 450/860/840 449/858/838
f 430/859/839 431/861/841 451/862/842 450/860/840
f 431/861/841 432/863/843 452/864/844 451/862/842
f 432/863/843 433/865/845 453/866/846 452/864/844
f 433/865/845 434/867/847 454/868/848 453/866/846
f 434/867/847 435/869/849 455/870/850 454/868/848
f 435/869/849 436/871/851 456/872/852 455/870/850
f 436/871/851 437/873/853 457/874/854 456/872/852
f 437/873/853 438/875/855 458/876/856 457/874/854
f 438/875/855 439/877/857 459/878/858 458/876/856
f 439/877/857 440/879/859 460/880/860 459/878/858
f 440/879/859 421/881/821 441/882/824 460/880/860
s 32
f 422/883/861 421/884/862 461/885/863
f 423/886/864 422/883/861 461/885/863
f 424/887/865 423/886/864 461/885/863
f 425/888/866 424/887/865 461/885/863
f 426/889/867 425/888/866 461/885/863
f 427/890/868 426/889/867 461/885/863
f 428/891/869 427/890/868 461/885/863
f 429/892/870 428/891/869 461/885/863
f 430/893/871 429/892/870 461/885/863
f 431/894/872 430/893/871 461/885/863
f 432/895/873 431/894/872 461/885/863
f 433/896/874 432/895/873 461/885/863
f 434/897/875 433/896/874 461/885/863
f 435/898/876 434/897/875 461/885/863
f 436/899/877 435/898/876 461/885/863
f 437/900/878 436/899/877 461/885/863
f 438/901/879 437/900/878 461/885/863
f 439/902/880 438/901/879 461/885/863
f 440/903/881 439/902/880 461/885/863
f 421/884/862 440/903/881 461/885/863
s 33
f 441/904/882 442/905/883 462/906/884
f 442/905/883 443/907/885 462/906/884
f 443/907/885 444/908/886 462/906/884
f 444/908/886 445/909/887 462/906/884
f 445/909/887 446/910/888 462/906/884
f 446/910/888 447/911/889 462/906/884
f 447/911/889 448/912/890 462/906/884
f 448/912/890 449/913/891 462/906/884
f 449/913/891 450/914/892 462/906/884
f 450/914/892 451/915/893 462/906/884
f 451/915/893 452/916/894 462/906/884
f 452/916/894 453/917/895 462/906/884
f 453/917/895 454/918/896 462/906/884
f 454/918/896 455/919/897 462/906/884
f 455/919/897 456/920/898 462/906/884
f 456/920/898 457/921/899 462/906/884
f 457/921/899 458/922/900 462/906/884
f 458/922/900 459/923/901 462/906/884
f 459/923/901 460/924/902 462/906/884
f 460/924/902 441/904/882 462/906/884
s 34
f 463/925/903 464/926/904 484/927/905 483/928/906
f 464/926/904 465/929/907 485/930/908 484/927/905
f 465/929/907 466/931/909 486/932/910 485/930/908
f 466/931/909 467/933/911 487/934/912 486/932/910
f 467/933/911 468/935/913 488/936/914 487/934/912
f 468/935/913 469/937/915 489/938/916 488/936/914
f 469/937/915 470/939/917 490/940/918 489/938/916
f 470/939/917 471/941/919 491/942/920 490/940/918
f 471/941/919 472/943/921 492/944/922 491/942/920
f 472/943/921 473/945/923 493/946/924 492/944/922
f 473/945/923 474/947/925 494/948/926 493/946/924
f 474/947/925 475/949/927 495/950/928 494/948/926
f 475/949/927 476/951/929 496/952/930 495/950/928
f 476/951/929 477/953/931 497/954/932 496/952/930
f 477/953/931 478/955/933 498/956/934 497/954/932
f 478/955/933 479/957/935 499/958/936 498/956/934
f 479/957/935 480/959/937 500/960/938 499/958/936
f 480/959/937 481/961/939 501/962/940 500/960/938
f 481/961/939 482/963/941 502/964/942 501/962/940
f 482/963/941 463/965/903 483/966/906 502/964/942
s 35
f 464/967/943 463/968/944 503/969/945
f 465/970/946 464/967/943 503/969/945
f 466/971/947 465/970/946 503/969/945
f 467/972/948 466/971/947 503/969/945
f 468/973/949 467/972/948 503/969/945
f 469/974/950 468/973/949 503/969/945
f 470/975/951 469/974/950 503/969/945
f 471/976/952 470/975/951 503/969/945
f 472/977/953 471/976/952 503/969/945
f 473/978/954 472/977/953 503/969/945
f 474/979/955 473/978/954 503/969/945
f 475/980/956 474/979/955 503/969/945
f 476/981/957 475/980/956 503/969/945
f 477/982/958 476/981/957 503/969/945
f 478/983/959 477/982/958 503/969/945
f 479/984/960 478/983/959 503/969/945
f 480/985/961 479/984/960 503/969/945
f 481/986/962 480/985/961 503/969/945
f 482/987/963 481/986/962 503/969/945
f 463/968/944 482/987/963 503/969/945
s 36
f 483/988/964 484/989/965 504/990/966
f 484/989/965 485/991/967 504/990/966
f 485/991/967 486/992/968 504/990/966
f 486/992/968 487/993/969 504/990/966
f 487/993/969 488/994/970 504/990/966
f 488/994/970 489/995/971 504/990/966
f 489/995/971 490/996/972 504/990/966
f 490/996/972 491/997/973 504/990/966
f 491/997/973 492/998/974 504/990/966
f 492/998/974 493/999/975 504/990/966
f 493/999/975 494/1000/976 504/990/966
f 494/1000/976 495/1001/977 504/990/966
f 495/1001/977 496/1002/978 504/990/966
f 496/1002/978 497/1003/979 504/990/966
f 497/1003/979 498/1004/980 504/990/966
f 498/1004/980 499/1005/981 504/990/966
f 499/1005/981 500/1006/982 504/990/966
f 500/1006/982 501/1007/983 504/990/966
f 501/1007/983 502/1008/984 504/990/966
f 502/1008/984 483/988/964 504/990/966
s 37
f 505/1009/985 506/1010/986 526/1011/987 525/1012/988
f 506/1010/986 507/1013/989 527/1014/990 526/1011/987
f 507/1013/989 508/1015/991 528/1016/992 527/1014/990
f 508/1015/991 509/1017/993 529/1018/994 528/1016/992
f 509/1017/993 510/1019/995 530/1020/996 529/1018/994
f 510/1019/995 511/1021/997 531/1022/998 530/1020/996
f 511/1021/997 512/1023/999 532/1024/1000 531/1022/998
f 512/1023/999 513/1025/1001 533/1026/1002 532/1024/1000
f 513/1025/1001 514/1027/1003 534/1028/1004 533/1026/1002
f 514/1027/1003 515/1029/1005 535/1030/1006 534/1028/1004
f 515/1029/1005 516/1031/1007 536/1032/1008 535/1030/1006
f 516/1031/1007 517/1033/1009 537/1034/1010 536/1032/1008
f 517/1033/1009 518/1035/1011 538/1036/1012 537/1034/1010
f 518/1035/1011 519/1037/1013 539/1038/1014 538/1036/1012
f 519/1037/1013 520/1039/1015 540/1040/1016 539/1038/1014
f 520/1039/1015 521/1041/1017 541/1042/1018 540/1040/1016
f 521/1041/1017 522/1043/1019 542/1044/1020 541/1042/1018
f 522/1043/1019 523/1045/1021 543/1046/1022 542/1044/1020
f 523/1045/1021 524/1047/1023 544/1048/1024 543/1046/1022
f 524/1047/1023 505/1049/985 525/1050/988 544/1048/1024
s 38
f 506/1051/1025 505/1052/1026 545/1053/1027
f 507/1054/1028 506/1051/1025 545/1053/1027
f 508/1055/1029 507/1054/1028 545/1053/1027
f 509/1056/1030 508/1055/1029 545/1053/1027
f 510/1057/1031 509/1056/1030 545/1053/1027
f 511/1058/1032 510/1057/1031 545/1053/1027
f 512/1059/1033 511/1058/1032 545/1053/1027
f 513/1060/1034 512/1059/1033 545/1053/1027
f 514/1061/1035 513/1060/1034 545/1053/1027
f 515/1062/1036 514/1061/1035 545/1053/1027
f 516/1063/1037 515/1062/1036 545/1053/1027
f 517/1064/1038 516/1063/1037 545/1053/1027
f 518/1065/1039 517/1064/1038 545/1053/1027
f 519/1066/1040 518/1065/1039 545/1053/1027
f 520/1067/1041 519/1066/1040 545/1053/1027
f 521/1068/1042 520/1067/1041 545/1053/1027
f 522/1069/1043 521/1068/1042 545/1053/1027
f 523/1070/1044 522/1069/1043 545/1053/1027
f 524/1071/1045 523/1070/1044 545/1053/1027
f 505/1052/1026 524/1071/1045 545/1053/1027
s 39
f 525/1072/1046 526/1073/1047 546/1074/1048
f 526/1073/1047 527/1075/1049 546/1074/1048
f 527/1075/1049 528/1076/1050 546/1074/1048
f 528/1076/1050 529/1077/1051 546/1074/1048
f 529/1077/1051 530/1078/1052 546/1074/1048
f 530/1078/1052 531/1079/1053 546/1074/1048
f 531/1079/1053 532/1080/1054 546/1074/1048
f 532/1080/1054 533/1081/1055 546/1074/1048
f 533/1081/1055 534/1082/1056 546/1074/1048
f 534/1082/1056 535/1083/1057 546/1074/1048
f 535/1083/1057 536/1084/1058 546/1074/1048
f 536/1084/1058 537/1085/1059 546/1074/1048
f 537/1085/1059 538/1086/1060 546/1074/1048
f 538/1086/1060 539/1087/1061 546/1074/1048
f 539/1087/1061 540/1088/1062 546/1074/1048
f 540/1088/1062 541/1089/1063 546/1074/1048
f 541/1089/1063 542/1090/1064 546/1074/1048
f 542/1090/1064 543/1091/1065 546/1074/1048
f 543/1091/1065 544/1092/1066 546/1074/1048
f 544/1092/1066 525/1072/1046 546/1074/1048
s 40
f 547/1093/1067 548/1094/1068 568/1095/1069 567/1096/1070
f 548/1094/1068 549/1097/1071 569/1098/1072 568/1095/1069
f 549/1097/1071 550/1099/1073 570/1100/1074 569/1098/1072
f 550/1099/1073 551/1101/1075 571/1102/1076 570/1100/1074
f 551/1101/1075 552/1103/1077 572/1104/1078 571/1102/1076
f 552/1103/1077 553/1105/1079 573/1106/1080 572/1104/1078
f 553/1105/1079 554/1107/1081 574/1108/1082 573/1106/1080
f 554/1107/1081 555/1109/1083 575/1110/1084 574/1108/1082
f 555/1109/1083 556/1111/1085 576/1112/1086 575/1110/1084
f 556/1111/1085 557/1113/1087 577/1114/1088 576/1112/1086
f 557/1113/1087 558/1115/1089 578/1116/1090 577/1114/1088
f 558/1115/1089 559/1117/1091 579/1118/1092 578/1116/1090
f 559/1117/1091 560/1119/1093 580/1120/1094 579/1118/1092
f 560/1119/1093 561/1121/1095 581/1122/1096 580/1120/1094
f 561/1121/1095 562/1123/1097 582/1124/1098 581/1122/1096
f 562/1123/1097 563/1125/1099 583/1126/1100 582/1124/1098
f 563/1125/1099 564/1127/1101 584/1128/1102 583/1126/1100
f 564/1127/1101 565/1129/1103 585/1130/1104 584/1128/1102
f 565/1129/1103 566/1131/1105 586/1132/1106 585/1130/1104
f 566/1131/1105 547/1133/1067 567/1134/1070 586/1132/1106
s 41
f 548/1135/1107 547/1136/1108 587/1137/1109
f 549/1138/1110 548/1135/1107 587/1137/1109
f 550/1139/1111 549/1138/1110 587/1137/1109
f 551/1140/1112 550/1139/1111 587/1137/1109
f 552/1141/1113 551/1140/1112 587/1137/1109
f 553/1142/1114 552/1141/1113 587/1137/1109
f 554/1143/1115 553/1142/1114 587/1137/1109
f 555/1144/1116 554/1143/1115 587/1137/1109
f 556/1145/1117 555/1144/1116 587/1137/1109
f 557/1146/1118 556/1145/1117 587/1137/1109
f 558/1147/1119 557/1146/1118 587/1137/1109
f 559/1148/1120 558/1147/1119 587/1137/1109
f 560/1149/1121 559/1148/1120 587/1137/1109
f 561/1150/1122 560/1149/1121 587/1137/1109
f 562/1151/1123 561/1150/1122 587/1137/1109
f 563/1152/1124 562/1151/1123 587/1137/1109
f 564/1153/1125 563/1152/1124 587/1137/1109
f 565/1154/1126 564/1153/1125 587/1137/1109
f 566/1155/1127 565/1154/1126 587/1137/1109
f 547/1136/1108 566/1155/1127 587/1137/1109
s 42
f 567/1156/1128 568/1157/1129 588/1158/1130
f 568/1157/1129 569/1159/1131 588/1158/1130
f 569/1159/1131 570/1160/1132 588/1158/1130
f 570/1160/1132 571/1161/1133 588/1158/1130
f 571/1161/1133 572/1162/1134 588/1158/1130
f 572/1162/1134 573/1163/1135 588/1158/1130
f 573/1163/1135 574/1164/1136 588/1158/1130
f 574/1164/1136 575/1165/1137 588/1158/1130
f 575/1165/1137 576/1166/1138 588/1158/1130
f 576/1166/1138 577/1167/1139 588/1158/1130
f 577/1167/1139 578/1168/1140 588/1158/1130
f 578/1168/1140 579/1169/1141 588/1158/1130
f 579/1169/1141 580/1170/1142 588/1158/1130
f 580/1170/1142 581/1171/1143 588/1158/1130
f 581/1171/1143 582/1172/1144 588/1158/1130
f 582/1172/1144 583/1173/1145 588/1158/1130
f 583/1173/1145 584/1174/1146 588/1158/1130
f 584/1174/1146 585/1175/1147 588/1158/1130
f 585/1175/1147 586/1176/1148 588/1158/1130
f 586/1176/1148 567/1156/1128 588/1158/1130
s 43
f 589/1177/1149 590/1178/1150 610/1179/1151 609/1180/1152
f 590/1178/1150 591/1181/1153 611/1182/1154 610/1179/1151
f 591/1181/1153 592/1183/1155 612/1184/1156 611/1182/1154
f 592/1183/1155 593/1185/1157 613/1186/1158 612/1184/1156
f 593/1185/1157 594/1187/1159 614/1188/1160 613/1186/1158
f 594/1187/1159 595/1189/1161 615/1190/1162 614/1188/1160
f 595/1189/1161 596/1191/1163 616/1192/1164 615/1190/1162
f 596/1191/1163 597/1193/1165 617/1194/1166 616/1192/1164
f 597/1193/1165 598/1195/1167 618/1196/1168 617/1194/1166
f 598/1195/1167 599/1197/1169 619/1198/1170 618/1196/1168
f 599/1197/1169 600/1199/1171 620/1200/1172 619/1198/1170
f 600/1199/1171 601/1201/1173 621/1202/1174 620/1200/1172
f 601/1201/1173 602/1203/1175 622/1204/1176 621/1202/1174
f 602/1203/1175 603/1205/1177 623/1206/1178 622/1204/1176
f 603/1205/1177 604/1207/1179 624/1208/1180 623/1206/1178
f 604/1207/1179 605/1209/1181 625/1210/1182 624/1208/1180
f 605/1209/1181 606/1211/1183 626/1212/1184 625/1210/1182
f 606/1211/1183 607/1213/1185 627/1214/1186 626/1212/1184
f 607/1213/1185 608/1215/1187 628/1216/1188 627/1214/1186
f 608/1215/1187 589/1217/1149 609/1218/1152 628/1216/1188
s 44
f 590/1219/1189 589/1220/1190 629/1221/1191
f 591/1222/1192 590/1219/1189 629/1221/1191
f 592/1223/1193 591/1222/1192 629/1221/1191
f 593/1224/1194 592/1223/1193 629/1221/1191
f 594/1225/1195 593/1224/1194 629/1221/1191
f 595/1226/1196 594/1225/1195 629/1221/1191
f 596/1227/1197 595/1226/1196 629/1221/1191
f 597/1228/1198 596/1227/1197 629/1221/1191
f 598/1229/1199 597/1228/1198 629/1221/1191
f 599/1230/1200 598/1229/1199 629/1221/1191
f 600/1231/1201 599/1230/1200 629/1221/1191
f 601/1232/1202 600/1231/1201 629/1221/1191
f 602/1233/1203 601/1232/1202 629/1221/1191
f 603/1234/1204 602/1233/1203 629/1221/1191
f 604/1235/1205 603/1234/1204 629/1221/1191
f 605/1236/1206 604/1235/1205 629/1221/1191
f 606/1237/1207 605/1236/1206 629/1221/1191
f 607/1238/1208 606/1237/1207 629/1221/1191
f 608/1239/1209 607/1238/1208 629/1221/1191
f 589/1220/1190 608/1239/1209 629/1221/1191
s 45
f 609/1240/1210 610/1241/1211 630/1242/1212
f 610/1241/1211 611/1243/1213 630/1242/1212
f 611/1243/1213 612/1244/1214 630/1242/1212
f 612/1244/1214 613/1245/1215 630/1242/1212
f 613/1245/1215 614/1246/1216 630/1242/1212
f 614/1246/1216 615/1247/1217 630/1242/1212
f 615/1247/1217 616/1248/1218 630/1242/1212
f 616/1248/1218 617/1249/1219 630/1242/1212
f 617/1249/1219 618/1250/1220 630/1242/1212
f 618/1250/1220 619/1251/1221 630/1242/1212
f 619/1251/1221 620/1252/1222 630/1242/1212
f 620/1252/1222 621/1253/1223 630/1242/1212
f 621/1253/1223 622/1254/1224 630/1242/1212
f 622/1254/1224 623/1255/1225 630/1242/1212
f 623/1255/1225 624/1256/1226 630/1242/1212
f 624/1256/1226 625/1257/1227 630/1242/1212
f 625/1257/1227 626/1258/1228 630/1242/1212
f 626/1258/1228 627/1259/1229 630/1242/1212
f 627/1259/1229 628/1260/1230 630/1242/1212
f 628/1260/1230 609/1240/1210 630/1242/1212
s 46
f 631/1261/1231 632/1262/1232 652/1263/1233 651/1264/1234
f 632/1262/1232 633/1265/1235 653/1266/1236 652/1263/1233
f 633/1265/1235 634/1267/1237 654/1268/1238 653/1266/1236
f 634/1267/1237 635/1269/1239 655/1270/1240 654/1268/1238
f 635/1269/1239 636/1271/1241 656/1272/1242 655/1270/1240
f 636/1271/1241 637/1273/1243 657/1274/1244 656/1272/1242
f 637/1273/1243 638/1275/1245 658/1276/1246 657/1274/1244
f 638/1275/1245 639/1277/1247 659/1278/1248 658/1276/1246
f 639/1277/1247 640/1279/1249 660/1280/1250 659/1278/1248
f 640/1279/1249 641/1281/1251 661/1282/1252 660/1280/1250
f 641/1281/1251 642/1283/1253 662/1284/1254 661/1282/1252
f 642/1283/1253 643/1285/1255 663/1286/1256 662/1284/1254
f 643/1285/1255 644/1287/1257 664/1288/1258 663/1286/1256
f 644/1287/1257 645/1289/1259 665/1290/1260 664/1288/1258
f 645/1289/1259 646/1291/1261 666/1292/1262 665/1290/1260
f 646/1291/1261 647/1293/1263 667/1294/1264 666/1292/1262
f 647/1293/1263 648/1295/1265 668/1296/1266 667/1294/1264
f 648/1295/1265 649/1297/1267 669/1298/1268 668/1296/1266
f 649/1297/1267 650/1299/1269 670/1300/1270 669/1298/1268
f 650/1299/1269 631/1301/1231 651/1302/1234 670/1300/1270
s 47
f 632/1303/1271 631/1304/1272 671/1305/1273
f 633/1306/1274 632/1303/1271 671/1305/1273
f 634/1307/1275 633/1306/1274 671/1305/1273
f 635/1308/1276 634/1307/1275 671/1305/1273
f 636/1309/1277 635/1308/1276 671/1305/1273
f 637/1310/1278 636/1309/1277 671/1305/1273
f 638/1311/1279 637/1310/1278 671/1305/1273
f 639/1312/1280 638/1311/1279 671/1305/1273
f 640/1313/1281 639/1312/1280 671/1305/1273
f 641/1314/1282 640/1313/1281 671/1305/1273
f 642/1315/1283 641/1314/1282 671/1305/1273
f 643/1316/1284 642/1315/1283 671/1305/1273
f 644/1317/1285 643/1316/1284 671/1305/1273
f 645/1318/1286 644/1317/1285 671/1305/1273
f 646/1319/1287 645/1318/1286 671/1305/1273
f 647/1320/1288 646/1319/1287 671/1305/1273
f 648/1321/1289 647/1320/1288 671/1305/1273
f 649/1322/1290 648/1321/1289 671/1305/1273
f 650/1323/1291 649/1322/1290 671/1305/1273
f 631/1304/1272 650/1323/1291 671/1305/1273
s 48
f 651/1324/1292 652/1325/1293 672/1326/1294
f 652/1325/1293 653/1327/1295 672/1326/1294
f 653/1327/1295 654/1328/1296 672/1326/1294
f 654/1328/1296 655/1329/1297 672/1326/1294
f 655/1329/1297 656/1330/1298 672/1326/1294
f 656/1330/1298 657/1331/1299 672/1326/1294
f 657/1331/1299 658/1332/1300 672/1326/1294
f 658/1332/1300 659/1333/1301 672/1326/1294
f 659/1333/1301 660/1334/1302 672/1326/1294
f 660/1334/1302 661/1335/1303 672/1326/1294
f 661/1335/1303 662/1336/1304 672/1326/1294
f 662/1336/1304 663/1337/1305 672/1326/1294
f 663/1337/1305 664/1338/1306 672/1326/1294
f 664/1338/1306 665/1339/1307 672/1326/1294
f 665/1339/1307 666/1340/1308 672/1326/1294
f 666/1340/1308 667/1341/1309 672/1326/1294
f 667/1341/1309 668/1342/1310 672/1326/1294
f 668/1342/1310 669/1343/1311 672/1326/1294
f 669/1343/1311 670/1344/1312 672/1326/1294
f 670/1344/1312 651/1324/1292 672/1326/1294
s 49
f 673/1345/1313 674/1346/1314 694/1347/1315 693/1348/1316
f 674/1346/1314 675/1349/1317 695/1350/1318 694/1347/1315
f 675/1349/1317 676/1351/1319 696/1352/1320 695/1350/1318
f 676/1351/1319 677/1353/1321 697/1354/1322 696/1352/1320
f 677/1353/1321 678/1355/1323 698/1356/1324 697/1354/1322
f 678/1355/1323 679/1357/1325 699/1358/1326 698/1356/1324
f 679/1357/1325 680/1359/1327 700/1360/1328 699/1358/1326
f 680/1359/1327 681/1361/1329 701/1362/1330 700/1360/1328
f 681/1361/1329 682/1363/1331 702/1364/1332 701/1362/1330
f 682/1363/1331 683/1365/1333 703/1366/1334 702/1364/1332
f 683/1365/1333 684/1367/1335 704/1368/1336 703/1366/1334
f 684/1367/1335 685/1369/1337 705/1370/1338 704/1368/1336
f 685/1369/1337 686/1371/1339 706/1372/1340 705/1370/1338
f 686/1371/1339 687/1373/1341 707/1374/1342 706/1372/1340
f 687/1373/1341 688/1375/1343 708/1376/1344 707/1374/1342
f 688/1375/1343 689/1377/1345 709/1378/1346 708/1376/1344
f 689/1377/1345 690/1379/1347 710/1380/1348 709/1378/1346
f 690/1379/1347 691/1381/1349 711/1382/1350 710/1380/1348
f 691/1381/1349 692/1383/1351 712/1384/1352 711/1382/1350
f 692/1383/1351 673/1385/1313 693/1386/1316 712/1384/1352
s 50
f 674/1387/1353 673/1388/1354 713/1389/1355
f 675/1390/1356 674/1387/1353 713/1389/1355
f 676/1391/1357 675/1390/1356 713/1389/1355
f 677/1392/1358 676/1391/1357 713/1389/1355
f 678/1393/1359 677/1392/1358 713/1389/1355
f 679/1394/1360 678/1393/1359 713/1389/1355
f 680/1395/1361 679/1394/1360 713/1389/1355
f 681/1396/1362 680/1395/1361 713/1389/1355
f 682/1397/1363 681/1396/1362 713/1389/1355
f 683/1398/1364 682/1397/1363 713/1389/1355
f 684/1399/1365 683/1398/1364 713/1389/1355
f 685/1400/1366 684/1399/1365 713/1389/1355
f 686/1401/1367 685/1400/1366 713/1389/1355
f 687/1402/1368 686/1401/1367 713/1389/1355
f 688/1403/1369 687/1402/1368 713/1389/1355
f 689/1404/1370 688/1403/1369 713/1389/1355
f 690/1405/1371 689/1404/1370 713/1389/1355
f 691/1406/1372 690/1405/1371 713/1389/1355
f 692/1407/1373 691/1406/1372 713/1389/1355
f 673/1388/1354 692/1407/1373 713/1389/1355
s 51
f 693/1408/1374 694/1409/1375 714/1410/1376
f 694/1409/1375 695/1411/1377 714/1410/1376
f 695/1411/1377 696/1412/1378 714/1410/1376
f 696/1412/1378 697/1413/1379 714/1410/1376
f 697/1413/1379 698/1414/1380 714/1410/1376
f 698/1414/1380 699/1415/1381 714/1410/1376
f 699/1415/1381 700/1416/1382 714/1410/1376
f 700/1416/1382 701/1417/1383 714/1410/1376
f 701/1417/1383 702/1418/1384 714/1410/1376
f 702/1418/1384 703/1419/1385 714/1410/1376
f 703/1419/1385 704/1420/1386 714/1410/1376
f 704/1420/1386 705/1421/1387 714/1410/1376
f 705/1421/1387 706/1422/1388 714/1410/1376
f 706/1422/1388 707/1423/1389 714/1410/1376
f 707/1423/1389 708/1424/1390 714/1410/1376
f 708/1424/1390 709/1425/1391 714/1410/1376
f 709/1425/1391 710/1426/1392 714/1410/1376
f 710/1426/1392 711/1427/1393 714/1410/1376
f 711/1427/1393 712/1428/1394 714/1410/1376
f 712/1428/1394 693/1408/1374 714/1410/1376
s 52
f 715/1429/1395 716/1430/1396 736/1431/1397 735/1432/1398
f 716/1430/1396 717/1433/1399 737/1434/1400 736/1431/1397
f 717/1433/1399 718/1435/1401 738/1436/1402 737/1434/1400
f 718/1435/1401 719/1437/1403 739/1438/1404 738/1436/1402
f 719/1437/1403 720/1439/1405 740/1440/1406 739/1438/1404
f 720/1439/1405 721/1441/1407 741/1442/1408 740/1440/1406
f 721/1441/1407 722/1443/1409 742/1444/1410 741/1442/1408
f 722/1443/1409 723/1445/1411 743/1446/1412 742/1444/1410
f 723/1445/1411 724/1447/1413 744/1448/1414 743/1446/1412
f 724/1447/1413 725/1449/1415 745/1450/1416 744/1448/1414
f 725/1449/1415 726/1451/1417 746/1452/1418 745/1450/1416
f 726/1451/1417 727/1453/1419 747/1454/1420 746/1452/1418
f 727/1453/1419 728/1455/1421 748/1456/1422 747/1454/1420
f 728/1455/1421 729/1457/1423 749/1458/1424 748/1456/1422
f 729/1457/1423 730/1459/1425 750/1460/1426 749/1458/1424
f 730/1459/1425 731/1461/1427 751/1462/1428 750/1460/1426
f 731/1461/1427 732/1463/1429 752/1464/1430 751/1462/1428
f 732/1463/1429 733/1465/1431 753/1466/1432 752/1464/1430
f 733/1465/1431 734/1467/1433 754/1468/1434 753/1466/1432
f 734/1467/1433 715/1469/1395 735/1470/1398 754/1468/1434
s 53
f 716/1471/1435 715/1472/1436 755/1473/1437
f 717/1474/1438 716/1471/1435 755/1473/1437
f 718/1475/1439 717/1474/1438 755/1473/1437
f 719/1476/1440 718/1475/1439 755/1473/1437
f 720/1477/1441 719/1476/1440 755/1473/1437
f 721/1478/1442 720/1477/1441 755/1473/1437
f 722/1479/1443 721/1478/1442 755/1473/1437
f 723/1480/1444 722/1479/1443 755/1473/1437
f 724/1481/1445 723/1480/1444 755/1473/1437
f 725/1482/1446 724/1481/1445 755/1473/1437
f 726/1483/1447 725/1482/1446 755/1473/1437
f 727/1484/1448 726/1483/1447 755/1473/1437
f 728/1485/1449 727/1484/1448 755/1473/1437
f 729/1486/1450 728/1485/1449 755/1473/1437
f 730/1487/1451 729/1486/1450 755/1473/1437
f 731/1488/1452 730/1487/1451 755/1473/1437
f 732/1489/1453 731/1488/1452 755/1473/1437
f 733/1490/1454 732/1489/1453 755/1473/1437
f 734/1491/1455 733/1490/1454 755/1473/1437
f 715/1472/1436 734/1491/1455 755/1473/1437
s 54
f 735/1492/1456 736/1493/1457 756/1494/1458
f 736/1493/1457 737/1495/1459 756/1494/1458
f 737/1495/1459 738/1496/1460 756/1494/1458
f 738/1496/1460 739/1497/1461 756/1494/1458
f 739/1497/1461 740/1498/1462 756/1494/1458
f 740/1498/1462 741/1499/1463 756/1494/1458
f 741/1499/1463 742/1500/1464 756/1494/1458
f 742/1500/1464 743/1501/1465 756/1494/1458
f 743/1501/1465 744/1502/1466 756/1494/1458
f 744/1502/1466 745/1503/1467 756/1494/1458
f 745/1503/1467 746/1504/1468 756/1494/1458
f 746/1504/1468 747/1505/1469 756/1494/1458
f 747/1505/1469 748/1506/1470 756/1494/1458
f 748/1506/1470 749/1507/1471 756/1494/1458
f 749/1507/1471 750/1508/1472 756/1494/1458
f 750/1508/1472 751/1509/1473 756/1494/1458
f 751/1509/1473 752/1510/1474 756/1494/1458
f 752/1510/1474 753/1511/1475 756/1494/1458
f 753/1511/1475 754/1512/1476 756/1494/1458
f 754/1512/1476 735/1492/1456 756/1494/1458
s 55
f 757/1513/1477 758/1514/1478 778/1515/1479 777/1516/1480
f 758/1514/1478 759/1517/1481 779/1518/1482 778/1515/1479
f 759/1517/1481 760/1519/1483 780/1520/1484 779/1518/1482
f 760/1519/1483 761/1521/1485 781/1522/1486 780/1520/1484
f 761/1521/1485 762/1523/1487 782/1524/1488 781/1522/1486
f 762/1523/1487 763/1525/1489 783/1526/1490 782/1524/1488
f 763/1525/1489 764/1527/1491 784/1528/1492 783/1526/1490
f 764/1527/1491 765/1529/1493 785/1530/1494 784/1528/1492
f 765/1529/1493 766/1531/1495 786/1532/1496 785/1530/1494
f 766/1531/1495 767/1533/1497 787/1534/1498 786/1532/1496
f 767/1533/1497 768/1535/1499 788/1536/1500 787/1534/1498
f 768/1535/1499 769/1537/1501 789/1538/1502 788/1536/1500
f 769/1537/1501 770/1539/1503 790/1540/1504 789/1538/1502
f 770/1539/1503 771/1541/1505 791/1542/1506 790/1540/1504
f 771/1541/1505 772/1543/1507 792/1544/1508 791/1542/1506
f 772/1543/1507 773/1545/1509 793/1546/1510 792/1544/1508
f 773/1545/1509 774/1547/1511 794/1548/1512 793/1546/1510
f 774/1547/1511 775/1549/1513 795/1550/1514 794/1548/1512
f 775/1549/1513 776/1551/1515 796/1552/1516 795/1550/1514
f 776/1551/1515 757/1553/1477 777/1554/1480 796/1552/1516
s 56
f 758/1555/1517 757/1556/1518 797/1557/1519
f 759/1558/1520 758/1555/1517 797/1557/1519
f 760/1559/1521 759/1558/1520 797/1557/1519
f 761/1560/1522 760/1559/1521 797/1557/1519
f 762/1561/1523 761/1560/1522 797/1557/1519
f 763/1562/1524 762/1561/1523 797/1557/1519
f 764/1563/1525 763/1562/1524 797/1557/1519
f 765/1564/1526 764/1563/1525 797/1557/1519
f 766/1565/1527 765/1564/1526 797/1557/1519
f 767/1566/1528 766/1565/1527 797/1557/1519
f 768/1567/1529 767/1566/1528 797/1557/1519
f 769/1568/1530 768/1567/1529 797/1557/1519
f 770/1569/1531 769/1568/1530 797/1557/1519
f 771/1570/1532 770/1569/1531 797/1557/1519
f 772/1571/1533 771/1570/1532 797/1557/1519
f 773/1572/1534 772/1571/1533 797/1557/1519
f 774/1573/1535 773/1572/1534 797/1557/1519
f 775/1574/1536 774/1573/1535 797/1557/1519
f 776/1575/1537 775/1574/1536 797/1557/1519
f 757/1556/1518 776/1575/1537 797/1557/1519
s 57
f 777/1576/1538 778/1577/1539 798/1578/1540
f 778/1577/1539 779/1579/1541 798/1578/1540
f 779/1579/1541 780/1580/1542 798/1578/1540
f 780/1580/1542 781/1581/1543 798/1578/1540
f 781/1581/1543 782/1582/1544 798/1578/1540
f 782/1582/1544 783/1583/1545 798/1578/1540
f 783/1583/1545 784/1584/1546 798/1578/1540
f 784/1584/1546 785/1585/1547 798/1578/1540
f 785/1585/1547 786/1586/1548 798/1578/1540
f 786/1586/1548 787/1587/1549 798/1578/1540
f 787/1587/1549 788/1588/1550 798/1578/1540
f 788/1588/1550 789/1589/1551 798/1578/1540
f 789/1589/1551 790/1590/1552 798/1578/1540
f 790/1590/1552 791/1591/1553 798/1578/1540
f 791/1591/1553 792/1592/1554 798/1578/1540
f 792/1592/1554 793/1593/1555 798/1578/1540
f 793/1593/1555 794/1594/1556 798/1578/1540
f 794/1594/1556 795/1595/1557 798/1578/1540
f 795/1595/1557 796/1596/1558 798/1578/1540
f 796/1596/1558 777/1576/1538 798/1578/1540
s 58
f 799/1597/1559 800/1598/1560 820/1599/1561 819/1600/1562
f 800/1598/1560 801/1601/1563 821/1602/1564 820/1599/1561
f 801/1601/1563 802/1603/1565 822/1604/1566 821/1602/1564
f 802/1603/1565 803/1605/1567 823/1606/1568 822/1604/1566
f 803/1605/1567 804/1607/1569 824/1608/1570 823/1606/1568
f 804/1607/1569 805/1609/1571 825/1610/1572 824/1608/1570
f 805/1609/1571 806/1611/1573 826/1612/1574 825/1610/1572
f 806/1611/1573 807/1613/1575 827/1614/1576 826/1612/1574
f 807/1613/1575 808/1615/1577 828/1616/1578 827/1614/1576
f 808/1615/1577 809/1617/1579 829/1618/1580 828/1616/1578
f 809/1617/1579 810/1619/1581 830/1620/1582 829/1618/1580
f 810/1619/1581 811/1621/1583 831/1622/1584 830/1620/1582
f 811/1621/1583 812/1623/1585 832/1624/1586 831/1622/1584
f 812/1623/1585 813/1625/1587 833/1626/1588 832/1624/1586
f 813/1625/1587 814/1627/1589 834/1628/1590 833/1626/1588
f 814/1627/1589 815/1629/1591 835/1630/1592 834/1628/1590
f 815/1629/1591 816/1631/1593 836/1632/1594 835/1630/1592
f 816/1631/1593 817/1633/1595 837/1634/1596 836/1632/1594
f 817/1633/1595 818/1635/1597 838/1636/1598 837/1634/1596
f 818/1635/1597 799/1637/1559 819/1638/1562 838/1636/1598
s 59
f 800/1639/1599 799/1640/1600 839/1641/1601
f 801/1642/1602 800/1639/1599 839/1641/1601
f 802/1643/1603 801/1642/1602 839/1641/1601
f 803/1644/1604 802/1643/1603 839/1641/1601
f 804/1645/1605 803/1644/1604 839/1641/1601
f 805/1646/1606 804/1645/1605 839/1641/1601
f 806/1647/1607 805/1646/1606 839/1641/1601
f 807/1648/1608 806/1647/1607 839/1641/1601
f 808/1649/1609 807/1648/1608 839/1641/1601
f 809/1650/1610 808/1649/1609 839/1641/1601
f 810/1651/1611 809/1650/1610 839/1641/1601
f 811/1652/1612 810/1651/1611 839/1641/1601
f 812/1653/1613 811/1652/1612 839/1641/1601
f 813/1654/1614 812/1653/1613 839/1641/1601
f 814/1655/1615 813/1654/1614 839/1641/1601
f 815/1656/1616 814/1655/1615 839/1641/1601
f 816/1657/1617 815/1656/1616 839/1641/1601
f 817/1658/1618 816/1657/1617 839/1641/1601
f 818/1659/1619 817/1658/1618 839/1641/1601
f 799/1640/1600 818/1659/1619 839/1641/1601
s 60
f 819/1660/1620 820/1661/1621 840/1662/1622
f 820/1661/1621 821/1663/1623 840/1662/1622
f 821/1663/1623 822/1664/1624 840/1662/1622
f 822/1664/1624 823/1665/1625 840/1662/1622
f 823/1665/1625 824/1666/1626 840/1662/1622
f 824/1666/1626 825/1667/1627 840/1662/1622
f 825/1667/1627 826/1668/1628 840/1662/1622
f 826/1668/1628 827/1669/1629 840/1662/1622
f 827/1669/1629 828/1670/1630 840/1662/1622
f 828/1670/1630 829/1671/1631 840/1662/1622
f 829/1671/1631 830/1672/1632 840/1662/1622
f 830/1672/1632 831/1673/1633 840/1662/1622
f 831/1673/1633 832/1674/1634 840/1662/1622
f 832/1674/1634 833/1675/1635 840/1662/1622
f 833/1675/1635 834/1676/1636 840/1662/1622
f 834/1676/1636 835/1677/1637 840/1662/1622
f 835/1677/1637 836/1678/1638 840/1662/1622
f 836/1678/1638 837/1679/1639 840/1662/1622
f 837/1679/1639 838/1680/1640 840/1662/1622
f 838/1680/1640 819/1660/1620 840/1662/1622
s 61
f 841/1681/1641 842/1682/1642 862/1683/1643 861/1684/1644
f 842/1682/1642 843/1685/1645 863/1686/1646 862/1683/1643
f 843/1685/1645 844/1687/1647 864/1688/1648 863/1686/1646
f 844/1687/1647 845/1689/1649 865/1690/1650 864/1688/1648
f 845/1689/1649 846/1691/1651 866/1692/1652 865/1690/1650
f 846/1691/1651 847/1693/1653 867/1694/1654 866/1692/1652
f 847/1693/1653 848/1695/1655 868/1696/1656 867/1694/1654
f 848/1695/1655 849/1697/1657 869/1698/1658 868/1696/1656
f 849/1697/1657 850/1699/1659 870/1700/1660 869/1698/1658
f 850/1699/1659 851/1701/1661 871/1702/1662 870/1700/1660
f 851/1701/1661 852/1703/1663 872/1704/1664 871/1702/1662
f 852/1703/1663 853/1705/1665 873/1706/1666 872/1704/1664
f 853/1705/1665 854/1707/1667 874/1708/1668 873/1706/1666
f 854/1707/1667 855/1709/1669 875/1710/1670 874/1708/1668
f 855/1709/1669 856/1711/1671 876/1712/1672 875/1710/1670
f 856/1711/1671 857/1713/1673 877/1714/1674 876/1712/1672
f 857/1713/1673 858/1715/1675 878/1716/1676 877/1714/1674
f 858/1715/1675 859/1717/1677 879/1718/1678 878/1716/1676
f 859/1717/1677 860/1719/1679 880/1720/1680 879/1718/1678
f 860/1719/1679 841/1721/1641 861/1722/1644 880/1720/1680
s 62
f 842/1723/1681 841/1724/1682 881/1725/1683
f 843/1726/1684 842/1723/1681 881/1725/1683
f 844/1727/1685 843/1726/1684 881/1725/1683
f 845/1728/1686 844/1727/1685 881/1725/1683
f 846/1729/1687 845/1728/1686 881/1725/1683
f 847/1730/1688 846/1729/1687 881/1725/1683
f 848/1731/1689 847/1730/1688 881/1725/1683
f 849/1732/1690 848/1731/1689 881/1725/1683
f 850/1733/1691 849/1732/1690 881/1725/1683
f 851/1734/1692 850/1733/1691 881/1725/1683
f 852/1735/1693 851/1734/1692 881/1725/1683
f 853/1736/1694 852/1735/1693 881/1725/1683
f 854/1737/1695 853/1736/1694 881/1725/1683
f 855/1738/1696 854/1737/1695 881/1725/1683
f 856/1739/1697 855/1738/1696 881/1725/1683
f 857/1740/1698 856/1739/1697 881/1725/1683
f 858/1741/1699 857/1740/1698 881/1725/1683
f 859/1742/1700 858/1741/1699 881/1725/1683
f 860/1743/1701 859/1742/1700 881/1725/1683
f 841/1724/1682 860/1743/1701 881/1725/1683
s 63
f 861/1744/1702 862/1745/1703 882/1746/1704
f 862/1745/1703 863/1747/1705 882/1746/1704
f 863/1747/1705 864/1748/1706 882/1746/1704
f 864/1748/1706 865/1749/1707 882/1746/1704
f 865/1749/1707 866/1750/1708 882/1746/1704
f 866/1750/1708 867/1751/1709 882/1746/1704
f 867/1751/1709 868/1752/1710 882/1746/1704
f 868/1752/1710 869/1753/1711 882/1746/1704
f 869/1753/1711 870/1754/1712 882/1746/1704
f 870/1754/1712 871/1755/1713 882/1746/1704
f 871/1755/1713 872/1756/1714 882/1746/1704
f 872/1756/1714 873/1757/1715 882/1746/1704
f 873/1757/1715 874/1758/1716 882/1746/1704
f 874/1758/1716 875/1759/1717 882/1746/1704
f 875/1759/1717 876/1760/1718 882/1746/1704
f 876/1760/1718 877/1761/1719 882/1746/1704
f 877/1761/1719 878/1762/1720 882/1746/1704
f 878/1762/1720 879/1763/1721 882/1746/1704
f 879/1763/1721 880/1764/1722 882/1746/1704
f 880/1764/1722 861/1744/1702 882/1746/1704
