# This file uses centimeters as units for non-parametric coordinates.

mtllib Env_VineClump.mtl
g default
v 65.349045 -35.898998 1134.273926
v 63.749054 -35.829636 1131.452759
v 60.801147 -35.829636 1130.133545
v 57.631325 -35.898998 1130.820068
v 55.450943 -35.999641 1133.248901
v 55.092266 -36.104233 1136.493652
v 56.692417 -36.170452 1139.314453
v 59.640324 -36.170452 1140.633667
v 62.809986 -36.104233 1139.947510
v 64.990570 -35.999641 1137.518188
v -28.414288 -37.606110 1343.787354
v -31.584087 -37.662010 1344.473877
v -34.531994 -37.662010 1343.154541
v -36.132008 -37.606110 1340.333374
v -35.773121 -37.518227 1337.088257
v -33.592537 -37.434296 1334.658936
v -30.422581 -37.375267 1333.972168
v -27.474674 -37.375263 1335.291382
v -25.874817 -37.434296 1338.112915
v -26.233494 -37.518227 1341.357544
v 60.220757 -35.999641 1135.383545
v -31.003307 -37.518227 1339.222900
v -21.844715 -15.578278 1329.107666
v -20.084377 -17.890728 1327.617432
v -20.147137 -20.205070 1325.314453
v -22.005478 -21.631681 1323.070557
v -24.953384 -21.631681 1321.751221
v -27.864857 -20.205070 1321.860474
v -29.624004 -17.890728 1323.348145
v -29.562439 -15.578278 1325.653809
v -27.703156 -14.150171 1327.895630
v -24.755249 -14.150170 1329.214844
v -9.433209 -8.172392 1312.631104
v -8.323455 -11.243873 1312.594604
v -9.036828 -14.315355 1311.745361
v -11.296964 -16.213631 1310.399292
v -14.244872 -16.213631 1309.079956
v -16.754551 -14.315355 1308.291504
v -17.863083 -11.243874 1308.325317
v -17.150932 -8.172393 1309.177246
v -14.889832 -6.274111 1310.521118
v -11.941924 -6.274110 1311.840454
v -3.864461 -7.856910 1293.069336
v -2.474820 -10.645348 1292.089478
v -3.064218 -13.660720 1290.982910
v -5.407170 -15.749607 1290.163940
v -8.609166 -16.116030 1289.955200
v -11.447148 -14.620029 1290.436157
v -12.836690 -11.831118 1291.413574
v -12.247394 -8.816219 1292.522583
v -9.904359 -6.726958 1293.339600
v -6.702367 -6.360534 1293.548462
v -3.278985 -8.159750 1277.467529
v -2.169473 -11.231232 1277.431519
v -2.882606 -14.302713 1276.581787
v -5.142934 -16.200991 1275.236206
v -8.090842 -16.200991 1273.916870
v -10.600327 -14.302713 1273.127930
v -11.709104 -11.231232 1273.162231
v -10.996707 -8.159751 1274.013672
v -8.735805 -6.261470 1275.358032
v -5.787898 -6.261469 1276.677246
v 1.039832 -8.152802 1262.596802
v 2.149209 -11.224283 1262.561157
v 1.436213 -14.295765 1261.711182
v -0.824224 -16.194042 1260.365723
v -3.772132 -16.194042 1259.046387
v -6.281510 -14.295766 1258.257202
v -7.390422 -11.224283 1258.291870
v -6.677892 -8.152802 1259.142944
v -4.417094 -6.254522 1260.487549
v -1.469184 -6.254522 1261.806885
v 10.826805 -8.145863 1249.970215
v 11.891440 -11.217344 1250.283691
v 11.480383 -14.288826 1249.253052
v 9.754159 -16.187105 1247.268066
v 7.366962 -16.187105 1245.092773
v 5.230621 -14.288826 1243.557983
v 4.166309 -11.217345 1243.244263
v 4.577042 -8.145864 1244.275269
v 6.303512 -6.247584 1246.259888
v 8.690708 -6.247583 1248.435181
v 24.247524 -8.138102 1235.325073
v 25.336884 -11.209583 1235.536255
v 24.830055 -14.281065 1234.549072
v 22.923008 -16.179344 1232.737183
v 20.340073 -16.179344 1230.798340
v 18.067837 -14.281065 1229.473145
v 16.978323 -11.209584 1229.262085
v 17.485306 -8.138102 1230.249146
v 19.392221 -6.239823 1232.061157
v 21.975159 -6.239822 1234.000000
v 35.079678 -8.130924 1221.856689
v 36.173847 -11.202408 1222.040527
v 35.642338 -14.273889 1221.066162
v 33.689796 -16.172169 1219.303467
v 31.058514 -16.172169 1217.430786
v 28.753555 -14.273890 1216.163330
v 27.658844 -11.202408 1215.980347
v 28.190895 -8.130926 1216.953857
v 30.142998 -6.232648 1218.717163
v 32.774281 -6.232648 1220.589844
v 45.757065 -8.124023 1207.896973
v 46.863373 -11.195507 1207.979248
v 46.244289 -14.266988 1207.057861
v 44.137138 -16.165268 1205.483276
v 41.344116 -16.165268 1203.861694
v 38.932060 -14.266989 1202.812378
v 37.824955 -11.195507 1202.731567
v 38.444832 -8.124025 1203.651489
v 40.551346 -6.225748 1205.227173
v 43.344368 -6.225747 1206.848755
v 53.374084 -8.116469 1191.176392
v 54.463371 -11.187952 1190.967041
v 53.625198 -14.259433 1190.239014
v 51.179855 -16.157715 1189.269897
v 48.060219 -16.157715 1188.434082
v 45.457874 -14.259434 1188.051025
v 44.367996 -11.187953 1188.262451
v 45.206764 -8.116469 1188.988281
v 47.651634 -6.218194 1189.959229
v 50.771271 -6.218193 1190.794922
v 53.928307 -8.108562 1169.973999
v 55.001373 -11.180045 1169.693848
v 54.117172 -14.251526 1169.022217
v 51.613281 -16.149807 1168.216431
v 48.445396 -16.149807 1167.587769
v 45.823532 -14.251526 1167.376587
v 44.749874 -11.180045 1167.659668
v 45.634666 -8.108562 1168.328369
v 48.138092 -6.210287 1169.136475
v 51.305977 -6.210287 1169.765137
v 60.905201 -16.540649 1144.203735
v 60.816322 -18.458115 1146.845459
v 58.906235 -20.378674 1148.670410
v 55.904209 -21.567314 1148.982056
v 52.956303 -21.567314 1147.662720
v 51.188515 -20.378674 1145.216553
v 51.276695 -18.458115 1142.576294
v 53.187481 -16.540649 1140.749756
v 56.188946 -15.349560 1140.439453
v 59.136852 -15.349559 1141.758667
v 9.245596 -31.487797 1135.016113
v 6.978597 -31.425121 1133.158813
v 4.064243 -31.425121 1133.006226
v 1.615720 -31.487797 1134.616821
v 0.568346 -31.578735 1137.373901
v 1.322119 -31.673248 1140.225708
v 3.589136 -31.733086 1142.082642
v 6.503489 -31.733086 1142.235229
v 8.951993 -31.673252 1140.625122
v 9.999391 -31.578735 1137.867554
v -1.596620 -33.030357 1342.144653
v -4.045142 -33.080872 1343.755127
v -6.959495 -33.080872 1343.602539
v -9.226496 -33.030357 1341.745239
v -9.980244 -32.950947 1338.892944
v -8.932847 -32.875107 1336.135498
v -6.484307 -32.821766 1334.524658
v -3.569954 -32.821762 1334.677246
v -1.302972 -32.875107 1336.534790
v -0.549200 -32.950947 1339.386719
v 5.283868 -31.578735 1137.620728
v -5.264722 -32.950947 1339.139893
v -0.836956 -13.125804 1327.632080
v 0.161847 -15.215355 1325.802979
v -0.640658 -17.306618 1323.882080
v -2.937530 -18.595715 1322.595459
v -5.851883 -18.595715 1322.442871
v -8.270533 -17.306618 1323.482666
v -9.269197 -15.215355 1325.309204
v -8.466831 -13.125804 1327.232788
v -6.169850 -11.835353 1328.517334
v -3.255497 -11.835353 1328.669800
v 4.262279 -6.433776 1309.703369
v 5.185851 -9.209195 1309.311279
v 4.308114 -11.984615 1308.827759
v 1.964780 -13.699915 1308.428711
v -0.949573 -13.699915 1308.276123
v -3.321762 -11.984615 1308.428345
v -4.245194 -9.209195 1308.817627
v -3.367598 -6.433776 1309.303955
v -1.024153 -4.718471 1309.700928
v 1.890200 -4.718470 1309.853394
v 2.589191 -6.148703 1291.401123
v 3.441648 -8.668362 1290.122925
v 2.584650 -11.393081 1289.381958
v 0.343093 -13.280619 1289.454224
v -2.424002 -13.611721 1290.320435
v -4.659701 -12.259921 1291.649658
v -5.512861 -9.739835 1292.925903
v -4.655161 -7.015544 1293.668823
v -2.414152 -5.127668 1293.594971
v 0.352943 -4.796564 1292.728760
v -1.995582 -6.422353 1278.059082
v -1.072039 -9.197772 1277.667603
v -1.949748 -11.973192 1277.183472
v -4.293104 -13.688493 1276.784790
v -7.207457 -13.688494 1276.632324
v -9.579623 -11.973192 1276.784058
v -10.503083 -9.197772 1277.173950
v -9.625459 -6.422353 1277.659668
v -7.282036 -4.707049 1278.057007
v -4.367683 -4.707048 1278.209595
v -3.195368 -6.416074 1264.118164
v -2.271840 -9.191493 1263.726929
v -3.149533 -11.966913 1263.242432
v -5.492901 -13.682215 1262.844116
v -8.407253 -13.682215 1262.691528
v -10.779408 -11.966913 1262.843140
v -11.702884 -9.191494 1263.233276
v -10.825245 -6.416075 1263.718750
v -8.481834 -4.700770 1264.116333
v -5.567481 -4.700770 1264.268799
v 0.944658 -6.409804 1250.288940
v 1.944103 -9.185224 1250.206543
v 1.262133 -11.960643 1249.471558
v -0.839058 -13.675945 1248.360352
v -3.559392 -13.675945 1247.303711
v -5.859796 -11.960644 1246.705200
v -6.859084 -9.185225 1246.787231
v -6.177271 -6.409804 1247.522583
v -4.075962 -4.694501 1248.633545
v -1.355627 -4.694501 1249.690186
v 7.490712 -6.402790 1233.575439
v 8.477734 -9.178210 1233.398804
v 7.729155 -11.953630 1232.731567
v 5.531878 -13.668933 1231.825073
v 2.723515 -13.668934 1231.031494
v 0.376758 -11.953630 1230.653931
v -0.610326 -9.178211 1230.830688
v 0.138316 -6.402791 1231.497681
v 2.335538 -4.687489 1232.404419
v 5.143903 -4.687488 1233.197998
v 12.237778 -6.396306 1218.696411
v 13.219930 -9.171726 1218.495239
v 12.454742 -11.947145 1217.846924
v 10.235121 -13.662449 1216.996582
v 7.407531 -13.662449 1216.274536
v 5.052016 -11.947146 1215.956299
v 4.069657 -9.171726 1216.158325
v 4.835052 -6.396307 1216.805908
v 7.054504 -4.681005 1217.656860
v 9.882094 -4.681005 1218.378906
v 16.694462 -6.390070 1203.453735
v 17.653776 -9.165491 1203.162842
v 16.832014 -11.940910 1202.587646
v 14.543301 -13.656214 1201.946289
v 11.661097 -13.656214 1201.488525
v 9.286300 -11.940910 1201.389038
v 8.326756 -9.165491 1201.681274
v 9.148742 -6.390071 1202.255127
v 11.437274 -4.674770 1202.897583
v 14.319480 -4.674769 1203.355347
v 17.672735 -6.383244 1186.879761
v 18.522821 -9.158665 1186.348755
v 17.579315 -11.934083 1186.007935
v 15.202559 -13.649387 1185.986816
v 12.300829 -13.649387 1186.297852
v 9.982481 -11.934084 1186.821899
v 9.132612 -9.158665 1187.354980
v 10.075896 -6.383244 1187.693726
v 12.452829 -4.667944 1187.716431
v 15.354563 -4.667944 1187.405518
v 11.238671 -6.376099 1168.826904
v 12.052021 -9.151520 1168.241455
v 11.088068 -11.926938 1167.963135
v 8.715128 -13.642243 1168.098877
v 5.840157 -13.642243 1168.600098
v 3.561288 -11.926938 1169.275391
v 2.748413 -9.151520 1169.863525
v 3.711893 -6.376099 1170.139160
v 6.085207 -4.660799 1170.005615
v 8.960178 -4.660799 1169.504272
v 8.731735 -13.995412 1144.832886
v 9.516706 -15.728051 1147.088745
v 8.500588 -17.463486 1149.248657
v 6.071467 -18.537552 1150.488525
v 3.157114 -18.537552 1150.335938
v 0.870713 -17.463486 1148.849365
v 0.085662 -15.728051 1146.594971
v 1.101861 -13.995413 1144.433472
v 3.530917 -12.919131 1143.194824
v 6.445271 -12.919131 1143.347412
v 25.006603 -39.370617 1116.425781
v 22.332874 -39.296696 1114.235229
v 18.895645 -39.296696 1114.055298
v 16.007820 -39.370617 1115.954712
v 14.772533 -39.477871 1119.206543
v 15.661544 -39.589340 1122.570068
v 18.335297 -39.659912 1124.760132
v 21.772526 -39.659912 1124.940063
v 24.660328 -39.589344 1123.041016
v 25.895641 -39.477871 1119.788818
v 12.219141 -41.189934 1360.716064
v 9.331319 -41.249512 1362.615479
v 5.894090 -41.249512 1362.435547
v 3.220356 -41.189934 1360.245117
v 2.331376 -41.096275 1356.880981
v 3.566691 -41.006828 1353.628784
v 6.454534 -40.943916 1351.729004
v 9.891763 -40.943916 1351.908813
v 12.565474 -41.006828 1354.099854
v 13.454484 -41.096275 1357.463257
v 20.334087 -39.477871 1119.497681
v 7.892930 -41.096275 1357.172119
v 13.115100 -17.714220 1343.599854
v 14.293101 -20.178665 1341.442383
v 13.346617 -22.645130 1339.176880
v 10.637652 -24.165512 1337.659424
v 7.200423 -24.165512 1337.479492
v 4.347834 -22.645130 1338.705933
v 3.169993 -20.178665 1340.860107
v 4.116316 -17.714220 1343.128784
v 6.825408 -16.192244 1344.643799
v 10.262638 -16.192244 1344.823730
v 19.129210 -9.821548 1322.454346
v 20.218483 -13.094916 1321.991943
v 19.183268 -16.368286 1321.421631
v 16.419506 -18.391335 1320.950928
v 12.982278 -18.391335 1320.770996
v 10.184484 -16.368286 1320.950562
v 9.095375 -13.094916 1321.409790
v 10.130425 -9.821548 1321.983276
v 12.894317 -7.798492 1322.451416
v 16.331547 -7.798492 1322.631348
v 17.155947 -9.485329 1300.868530
v 18.161346 -12.457050 1299.360840
v 17.150591 -15.670622 1298.487061
v 14.506866 -17.896811 1298.572266
v 11.243315 -18.287319 1299.593872
v 8.606501 -16.692986 1301.161621
v 7.600271 -13.720760 1302.666748
v 8.611855 -10.507692 1303.543091
v 11.254932 -8.281105 1303.455933
v 14.518484 -7.890596 1302.434326
v 11.748599 -9.808075 1285.132690
v 12.837840 -13.081444 1284.670898
v 11.802657 -16.354813 1284.099976
v 9.038870 -18.377863 1283.629761
v 5.601642 -18.377865 1283.449829
v 2.803874 -16.354813 1283.628906
v 1.714732 -13.081444 1284.088623
v 2.749815 -9.808075 1284.661621
v 5.513680 -7.785021 1285.130249
v 8.950911 -7.785020 1285.310181
v 10.333555 -9.800670 1268.690430
v 11.422778 -13.074039 1268.229126
v 10.387613 -16.347408 1267.657715
v 7.623812 -18.370459 1267.187866
v 4.186583 -18.370459 1267.007935
v 1.388830 -16.347408 1267.186646
v 0.299670 -13.074039 1267.646851
v 1.334770 -9.800671 1268.219482
v 4.098621 -7.777617 1268.688354
v 7.535852 -7.777616 1268.868286
v 15.216361 -9.793274 1252.380127
v 16.395121 -13.066644 1252.282959
v 15.590795 -16.340014 1251.416138
v 13.112621 -18.363064 1250.105469
v 9.904221 -18.363066 1248.859253
v 7.191092 -16.340014 1248.153442
v 6.012517 -13.066645 1248.250122
v 6.816657 -9.793276 1249.117432
v 9.294971 -7.770223 1250.427734
v 12.503372 -7.770222 1251.673950
v 22.936871 -9.785003 1232.667969
v 24.100979 -13.058372 1232.459717
v 23.218094 -16.331741 1231.672852
v 20.626595 -18.354794 1230.603638
v 17.314371 -18.354794 1229.667603
v 14.546572 -16.331741 1229.222412
v 13.382390 -13.058373 1229.430786
v 14.265349 -9.785004 1230.217529
v 16.856785 -7.761951 1231.286865
v 20.169010 -7.761951 1232.222900
v 28.535627 -9.777355 1215.119507
v 29.693991 -13.050725 1214.882202
v 28.791519 -16.324093 1214.117554
v 26.173664 -18.347147 1213.114746
v 22.838764 -18.347147 1212.263062
v 20.060638 -16.324095 1211.887817
v 18.902029 -13.050725 1212.126099
v 19.804747 -9.777356 1212.889771
v 22.422400 -7.754305 1213.893433
v 25.757301 -7.754304 1214.745117
v 33.791901 -9.770000 1197.141968
v 34.923332 -13.043370 1196.799072
v 33.954136 -16.316740 1196.120605
v 31.254795 -18.339794 1195.364258
v 27.855480 -18.339794 1194.824219
v 25.054611 -16.316740 1194.707031
v 23.922913 -13.043371 1195.051636
v 24.892374 -9.770000 1195.728271
v 27.591499 -7.746951 1196.486084
v 30.990818 -7.746950 1197.026123
v 34.945694 -9.761949 1177.594482
v 35.948299 -13.035319 1176.968262
v 34.835514 -16.308687 1176.566162
v 32.032333 -18.331743 1176.541382
v 28.609989 -18.331743 1176.908081
v 25.875698 -16.308689 1177.526245
v 24.873352 -13.035320 1178.154907
v 25.985874 -9.761950 1178.554443
v 28.789263 -7.738900 1178.581177
v 32.211605 -7.738900 1178.214478
v 27.357265 -9.753522 1156.302612
v 28.316544 -13.026893 1155.612183
v 27.179642 -16.300261 1155.283813
v 24.380964 -18.323317 1155.443970
v 20.990183 -18.323317 1156.035156
v 18.302452 -16.300261 1156.831543
v 17.343735 -13.026893 1157.525269
v 18.480078 -9.753523 1157.850342
v 21.279198 -7.730474 1157.692871
v 24.669981 -7.730474 1157.101685
v 24.400551 -18.739849 1128.003784
v 25.326355 -20.783348 1130.664307
v 24.127934 -22.830143 1133.211914
v 21.262993 -24.096912 1134.674072
v 17.825764 -24.096912 1134.494263
v 15.129149 -22.830143 1132.740845
v 14.203249 -20.783348 1130.082031
v 15.401768 -18.739849 1127.532715
v 18.266632 -17.470469 1126.071899
v 21.703861 -17.470467 1126.251831
v -37.669731 -35.898998 1137.723145
v -40.887909 -35.829636 1137.320068
v -43.707375 -35.829636 1138.895264
v -45.051201 -35.898998 1141.847046
v -44.406784 -35.999641 1145.046753
v -42.019600 -36.104233 1147.273438
v -38.801613 -36.170452 1147.676147
v -35.982147 -36.170452 1146.100952
v -34.638130 -36.104233 1143.149414
v -35.282791 -35.999641 1139.949341
v 74.282310 -37.606110 1338.108154
v 72.938461 -37.662010 1341.059937
v 70.118996 -37.662010 1342.635132
v 66.900841 -37.606110 1342.232056
v 64.513412 -37.518227 1340.005005
v 63.868759 -37.434296 1336.804810
v 65.212418 -37.375267 1333.852661
v 68.031883 -37.375263 1332.277466
v 71.250229 -37.434296 1332.680908
v 73.637405 -37.518227 1334.907471
v -39.844788 -35.999641 1142.498047
v 69.075409 -37.518227 1337.456299
v 66.438347 -15.578278 1324.067993
v 66.295448 -17.890728 1321.765991
v 64.411453 -20.205070 1320.440063
v 61.501747 -21.631681 1320.589111
v 58.682281 -21.631681 1322.164307
v 57.029984 -20.205070 1324.563965
v 57.171455 -17.890728 1326.863525
v 59.056877 -15.578278 1328.192017
v 61.965462 -14.150171 1328.040894
v 64.784927 -14.150170 1326.465698
v 60.644798 -8.172392 1304.270142
v 61.278702 -11.243873 1303.358521
v 60.171532 -14.315355 1303.422974
v 57.741554 -16.213631 1304.430664
v 54.922089 -16.213631 1306.005859
v 52.790062 -14.315355 1307.546875
v 52.154701 -11.243874 1308.455933
v 53.263336 -8.172393 1308.394043
v 55.692162 -6.274111 1307.384277
v 58.511627 -6.274110 1305.809082
v 48.288284 -7.856910 1288.114868
v 48.333107 -10.645348 1286.415161
v 47.093681 -13.660720 1286.226440
v 45.036884 -15.749607 1287.615601
v 42.955902 -16.116030 1290.058105
v 41.645599 -14.620029 1292.621094
v 41.598904 -11.831118 1294.319336
v 42.840206 -8.816219 1294.509521
v 44.895538 -6.726958 1293.119141
v 46.976517 -6.360534 1290.676636
v 36.128822 -8.159750 1278.321777
v 36.763008 -11.231232 1277.410645
v 35.655548 -14.302713 1277.474609
v 33.225807 -16.200991 1278.482788
v 30.406338 -16.200991 1280.057983
v 28.274082 -14.302713 1281.598511
v 27.639015 -11.231232 1282.508057
v 28.747353 -8.159751 1282.445679
v 31.176413 -6.261470 1281.436279
v 33.995880 -6.261469 1279.861084
v 26.786619 -8.152802 1265.972168
v 27.420967 -11.224283 1265.061401
v 26.313345 -14.295765 1265.125000
v 23.883732 -16.194042 1266.133423
v 21.064262 -16.194042 1267.708618
v 18.931877 -14.295766 1269.249023
v 18.296974 -11.224283 1270.158813
v 19.405151 -8.152802 1270.096069
v 21.834335 -6.254522 1269.086914
v 24.653805 -6.254522 1267.511719
v 22.511497 -8.145863 1250.579346
v 23.399015 -11.217344 1249.912964
v 22.327003 -14.288826 1249.626709
v 19.703938 -16.187105 1249.824585
v 16.533197 -16.187105 1250.438599
v 14.025902 -14.288826 1251.234253
v 13.138291 -11.217345 1251.900146
v 14.210396 -8.145864 1252.187012
v 16.833393 -6.247584 1251.988770
v 20.004131 -6.247583 1251.374634
v 18.789455 -8.138102 1231.066650
v 19.609808 -11.209583 1230.319458
v 18.515348 -14.281065 1230.135864
v 15.922999 -16.179344 1230.582153
v 12.824883 -16.179344 1231.494507
v 10.404371 -14.281065 1232.524292
v 9.584089 -11.209584 1233.271729
v 10.678478 -8.138102 1233.455200
v 13.270889 -6.239823 1233.009033
v 16.369005 -6.239822 1232.096802
v 14.464013 -8.130924 1214.332764
v 15.265255 -11.202408 1213.565308
v 14.166384 -14.273889 1213.409180
v 11.586272 -16.172169 1213.921387
v 8.512289 -16.172169 1214.911987
v 6.118596 -14.273890 1216.002563
v 5.317642 -11.202408 1216.770996
v 6.416225 -8.130926 1216.926270
v 8.996569 -6.232648 1216.414795
v 12.070550 -6.232648 1215.424194
v 9.652136 -8.124023 1197.429321
v 10.379183 -11.195507 1196.591431
v 9.270456 -14.266988 1196.537231
v 6.748791 -16.165268 1197.285767
v 3.779463 -16.165268 1198.556152
v 1.496650 -14.266989 1199.862915
v 0.770226 -11.195507 1200.702271
v 1.878327 -8.124025 1200.755127
v 4.400493 -6.225748 1200.007690
v 7.369825 -6.225747 1198.737427
v 0.797673 -8.116469 1181.329712
v 1.280835 -11.187952 1180.331299
v 0.196212 -14.259433 1180.568237
v -2.042210 -16.157715 1181.949707
v -4.576628 -16.157715 1183.951538
v -6.438993 -14.259434 1185.809204
v -6.920729 -11.187953 1186.809448
v -5.837532 -8.116469 1186.570679
v -3.597977 -6.218194 1185.190552
v -1.063557 -6.218193 1183.188721
v -15.870916 -8.108562 1168.214722
v -15.454273 -11.180045 1167.186890
v -16.521193 -14.251526 1167.494507
v -18.663626 -16.149807 1169.020508
v -21.060778 -16.149807 1171.184814
v -22.797029 -14.251526 1173.160767
v -23.211630 -11.180045 1174.190796
v -22.146749 -8.108562 1173.880981
v -20.002695 -6.210287 1172.356812
v -17.605537 -6.210287 1170.192505
v -32.363846 -16.540649 1147.220215
v -30.298800 -18.458115 1148.870239
v -29.977110 -20.378674 1151.492310
v -31.521276 -21.567314 1154.085571
v -34.340744 -21.567314 1155.660767
v -37.358582 -20.378674 1155.616211
v -39.422791 -18.458115 1153.967651
v -39.745316 -16.540649 1151.344116
v -38.200485 -15.349560 1148.752075
v -35.381012 -15.349559 1147.176880
v -74.469604 -34.598915 1288.961426
v -74.827576 -34.535744 1291.893433
v -73.384979 -34.535744 1294.456665
v -70.692841 -34.598915 1295.672119
v -67.780609 -34.690571 1295.076172
v -65.759567 -34.785828 1292.895752
v -65.401917 -34.846134 1289.963867
v -66.844513 -34.846134 1287.400635
v -69.536331 -34.785828 1286.184937
v -72.448959 -34.690571 1286.781128
v 107.707764 -36.153633 1186.433228
v 110.399857 -36.204544 1187.648682
v 111.842453 -36.204544 1190.212036
v 111.484528 -36.153633 1193.144043
v 109.463089 -36.073597 1195.324707
v 106.550476 -35.997158 1195.920898
v 103.858078 -35.943398 1194.705566
v 102.415482 -35.943394 1192.142334
v 102.773712 -35.997158 1189.210083
v 104.794739 -36.073597 1187.029663
v -70.114777 -34.690571 1290.928711
v 107.128922 -36.073597 1191.177246
v 94.943436 -16.092192 1193.616943
v 92.847321 -18.198212 1193.753662
v 91.645111 -20.305958 1195.473267
v 91.789108 -21.605217 1198.122681
v 93.231705 -21.605217 1200.686035
v 95.421875 -20.305958 1202.183960
v 97.515671 -18.198212 1202.048584
v 98.720200 -16.092192 1200.327759
v 98.574371 -14.791570 1197.679199
v 97.131775 -14.791569 1195.115967
v 76.929413 -9.347418 1198.949585
v 76.097366 -12.144712 1198.374878
v 76.159271 -14.942008 1199.383057
v 77.083931 -16.670828 1201.593262
v 78.526527 -16.670828 1204.156494
v 79.936035 -14.942009 1206.093872
v 80.765717 -12.144712 1206.669922
v 80.706184 -9.347418 1205.660400
v 79.779663 -7.618593 1203.451294
v 78.337067 -7.618592 1200.887939
v 62.251602 -9.060098 1210.249023
v 60.703442 -11.599616 1210.213013
v 60.535130 -14.345811 1211.342407
v 61.806114 -16.248226 1213.211548
v 64.036499 -16.581940 1215.099854
v 66.374374 -15.219484 1216.285889
v 67.921143 -12.679535 1216.323608
v 68.090851 -9.933771 1215.192505
v 66.818771 -8.031015 1213.324707
v 64.588394 -7.697300 1211.436401
v 53.367321 -9.335904 1221.350830
v 52.535740 -12.133199 1220.775879
v 52.597172 -14.930494 1221.784302
v 53.522209 -16.659315 1223.994263
v 54.964809 -16.659317 1226.557495
v 56.373940 -14.930495 1228.494995
v 57.204086 -12.133200 1229.070801
v 57.144089 -9.335905 1228.061646
v 56.217937 -7.607080 1225.852295
v 54.775337 -7.607080 1223.288940
v 42.146797 -9.329576 1229.894165
v 41.315487 -12.126871 1229.319092
v 41.376652 -14.924167 1230.327637
v 42.301899 -16.652988 1232.537476
v 43.744495 -16.652988 1235.100708
v 45.153419 -14.924167 1237.038452
v 45.983833 -12.126871 1237.614014
v 45.923569 -9.329576 1236.604980
v 44.997620 -7.600753 1234.395508
v 43.555023 -7.600752 1231.832275
v 28.140297 -9.323256 1233.831421
v 27.530935 -12.120552 1233.025146
v 27.273209 -14.917848 1234.002197
v 27.460896 -16.646669 1236.390503
v 28.029156 -16.646669 1239.276489
v 28.760937 -14.917848 1241.557617
v 29.369869 -12.120552 1242.364136
v 29.628027 -9.323257 1241.386963
v 29.440014 -7.594434 1238.998657
v 28.871754 -7.594433 1236.112793
v 10.380199 -9.316188 1237.276733
v 9.697351 -12.113483 1236.531738
v 9.533236 -14.910779 1237.529053
v 9.947076 -16.639601 1239.888672
v 10.786762 -16.639603 1242.707642
v 11.731564 -14.910779 1244.909180
v 12.414633 -12.113483 1245.654053
v 12.578526 -9.316189 1244.656860
v 12.164874 -7.587366 1242.297119
v 11.325189 -7.587366 1239.478271
v -4.847506 -9.309652 1241.263672
v -5.548735 -12.106948 1240.536133
v -5.687796 -14.904243 1241.537354
v -5.214006 -16.633066 1243.885742
v -4.303093 -16.633068 1246.682495
v -3.302996 -14.904243 1248.859375
v -2.600958 -12.106949 1249.586670
v -2.462704 -9.309653 1248.585693
v -2.935839 -7.580832 1246.237183
v -3.846752 -7.580831 1243.440430
v -20.228222 -9.303368 1245.694092
v -20.993389 -12.100663 1245.034424
v -21.039642 -14.897959 1246.044312
v -20.350731 -16.626781 1248.338745
v -19.185360 -16.626781 1251.039307
v -17.988663 -14.897959 1253.114624
v -17.222168 -12.100664 1253.773804
v -17.177238 -9.303368 1252.764526
v -17.865089 -7.574547 1250.469604
v -19.030457 -7.574546 1247.768921
v -34.865372 -9.296487 1253.803955
v -35.776054 -12.093783 1253.366821
v -35.557163 -14.891078 1254.353882
v -34.292652 -16.619904 1256.388550
v -32.462307 -16.619904 1258.691040
v -30.765270 -14.891078 1260.381836
v -29.852947 -12.093783 1260.817749
v -30.073475 -9.296487 1259.831909
v -31.336689 -7.567667 1257.796143
v -33.167027 -7.567667 1255.493774
v -46.762119 -9.289286 1269.021851
v -47.699345 -12.086582 1268.645264
v -47.416203 -14.883877 1269.616089
v -46.020306 -16.612701 1271.562866
v -44.042377 -16.612701 1273.739868
v -42.237915 -14.883877 1275.315552
v -41.298630 -12.086582 1275.690186
v -41.583832 -9.289286 1274.721191
v -42.978100 -7.560466 1272.772949
v -44.956024 -7.560466 1270.595947
v -65.835434 -16.968655 1284.102173
v -64.338608 -18.714951 1282.216797
v -61.951550 -20.464062 1281.916260
v -59.585438 -21.546597 1283.315186
v -58.142841 -21.546597 1285.878540
v -58.174786 -20.464062 1288.627075
v -59.670261 -18.714951 1290.511719
v -62.058674 -16.968655 1290.812866
v -64.423706 -15.883890 1289.413330
v -65.866302 -15.883890 1286.850098
vt 0.626409 0.064409
vt 0.548284 0.007647
vt 0.451716 0.007647
vt 0.373591 0.064409
vt 0.343750 0.156250
vt 0.373591 0.248091
vt 0.451716 0.304853
vt 0.548284 0.304853
vt 0.626409 0.248091
vt 0.656250 0.156250
vt 0.375000 0.312500
vt 0.400000 0.312500
vt 0.425000 0.312500
vt 0.450000 0.312500
vt 0.475000 0.312500
vt 0.500000 0.312500
vt 0.525000 0.312500
vt 0.550000 0.312500
vt 0.575000 0.312500
vt 0.600000 0.312500
vt 0.625000 0.312500
vt 0.375000 0.687500
vt 0.400000 0.687500
vt 0.425000 0.687500
vt 0.450000 0.687500
vt 0.475000 0.687500
vt 0.500000 0.687500
vt 0.525000 0.687500
vt 0.550000 0.687500
vt 0.575000 0.687500
vt 0.600000 0.687500
vt 0.625000 0.687500
vt 0.626409 0.751909
vt 0.548284 0.695147
vt 0.451716 0.695147
vt 0.373591 0.751909
vt 0.343750 0.843750
vt 0.373591 0.935591
vt 0.451716 0.992353
vt 0.548284 0.992353
vt 0.626409 0.935591
vt 0.656250 0.843750
vt 0.500000 0.156250
vt 0.500000 0.843750
vt 0.625000 0.663259
vt 0.375000 0.663259
vt 0.600000 0.663259
vt 0.575000 0.663259
vt 0.550000 0.663259
vt 0.525000 0.663259
vt 0.500000 0.663259
vt 0.475000 0.663259
vt 0.450000 0.663259
vt 0.425000 0.663259
vt 0.400000 0.663259
vt 0.625000 0.639937
vt 0.375000 0.639937
vt 0.600000 0.639937
vt 0.575000 0.639937
vt 0.550000 0.639937
vt 0.525000 0.639937
vt 0.500000 0.639937
vt 0.475000 0.639937
vt 0.450000 0.639937
vt 0.425000 0.639937
vt 0.400000 0.639937
vt 0.625000 0.615074
vt 0.375000 0.615074
vt 0.600000 0.615074
vt 0.575000 0.615074
vt 0.550000 0.615074
vt 0.525000 0.615074
vt 0.500000 0.615074
vt 0.475000 0.615074
vt 0.450000 0.615074
vt 0.425000 0.615074
vt 0.400000 0.615074
vt 0.625000 0.583705
vt 0.375000 0.583705
vt 0.600000 0.583705
vt 0.575000 0.583705
vt 0.550000 0.583705
vt 0.525000 0.583705
vt 0.500000 0.583705
vt 0.475000 0.583705
vt 0.450000 0.583705
vt 0.425000 0.583705
vt 0.400000 0.583705
vt 0.625000 0.552798
vt 0.375000 0.552798
vt 0.600000 0.552798
vt 0.575000 0.552798
vt 0.550000 0.552798
vt 0.525000 0.552798
vt 0.500000 0.552798
vt 0.475000 0.552798
vt 0.450000 0.552798
vt 0.425000 0.552798
vt 0.400000 0.552798
vt 0.625000 0.521934
vt 0.375000 0.521934
vt 0.600000 0.521934
vt 0.575000 0.521934
vt 0.550000 0.521934
vt 0.525000 0.521934
vt 0.500000 0.521934
vt 0.475000 0.521934
vt 0.450000 0.521934
vt 0.425000 0.521934
vt 0.400000 0.521934
vt 0.625000 0.487410
vt 0.375000 0.487410
vt 0.600000 0.487410
vt 0.575000 0.487410
vt 0.550000 0.487410
vt 0.525000 0.487410
vt 0.500000 0.487410
vt 0.475000 0.487410
vt 0.450000 0.487410
vt 0.425000 0.487410
vt 0.400000 0.487410
vt 0.625000 0.455491
vt 0.375000 0.455491
vt 0.600000 0.455491
vt 0.575000 0.455491
vt 0.550000 0.455491
vt 0.525000 0.455491
vt 0.500000 0.455491
vt 0.475000 0.455491
vt 0.450000 0.455491
vt 0.425000 0.455491
vt 0.400000 0.455491
vt 0.625000 0.424794
vt 0.375000 0.424794
vt 0.600000 0.424794
vt 0.575000 0.424794
vt 0.550000 0.424794
vt 0.525000 0.424794
vt 0.500000 0.424794
vt 0.475000 0.424794
vt 0.450000 0.424794
vt 0.425000 0.424794
vt 0.400000 0.424794
vt 0.625000 0.391190
vt 0.375000 0.391190
vt 0.600000 0.391190
vt 0.575000 0.391190
vt 0.550000 0.391190
vt 0.525000 0.391190
vt 0.500000 0.391190
vt 0.475000 0.391190
vt 0.450000 0.391190
vt 0.425000 0.391190
vt 0.400000 0.391190
vt 0.625000 0.356015
vt 0.375000 0.356015
vt 0.600000 0.356015
vt 0.575000 0.356015
vt 0.550000 0.356015
vt 0.525000 0.356015
vt 0.500000 0.356015
vt 0.475000 0.356015
vt 0.450000 0.356015
vt 0.425000 0.356015
vt 0.400000 0.356015
vt 0.625000 0.332739
vt 0.375000 0.332739
vt 0.600000 0.332739
vt 0.575000 0.332739
vt 0.550000 0.332739
vt 0.525000 0.332739
vt 0.500000 0.332739
vt 0.475000 0.332739
vt 0.450000 0.332739
vt 0.425000 0.332739
vt 0.400000 0.332739
vt 0.375000 0.312500
vt 0.400000 0.312500
vt 0.400000 0.332739
vt 0.375000 0.332739
vt 0.425000 0.312500
vt 0.425000 0.332739
vt 0.450000 0.312500
vt 0.450000 0.332739
vt 0.475000 0.312500
vt 0.475000 0.332739
vt 0.500000 0.312500
vt 0.500000 0.332739
vt 0.525000 0.312500
vt 0.525000 0.332739
vt 0.550000 0.312500
vt 0.550000 0.332739
vt 0.575000 0.312500
vt 0.575000 0.332739
vt 0.600000 0.312500
vt 0.600000 0.332739
vt 0.625000 0.312500
vt 0.625000 0.332739
vt 0.548284 0.007647
vt 0.626409 0.064409
vt 0.500000 0.156250
vt 0.451716 0.007647
vt 0.373591 0.064409
vt 0.343750 0.156250
vt 0.373591 0.248091
vt 0.451716 0.304853
vt 0.548284 0.304853
vt 0.626409 0.248091
vt 0.656250 0.156250
vt 0.626409 0.935591
vt 0.548284 0.992353
vt 0.500000 0.843750
vt 0.451716 0.992353
vt 0.373591 0.935591
vt 0.343750 0.843750
vt 0.373591 0.751909
vt 0.451716 0.695147
vt 0.548284 0.695147
vt 0.626409 0.751909
vt 0.656250 0.843750
vt 0.600000 0.663259
vt 0.625000 0.663259
vt 0.625000 0.687500
vt 0.600000 0.687500
vt 0.575000 0.663259
vt 0.575000 0.687500
vt 0.550000 0.663259
vt 0.550000 0.687500
vt 0.525000 0.663259
vt 0.525000 0.687500
vt 0.500000 0.663259
vt 0.500000 0.687500
vt 0.475000 0.663259
vt 0.475000 0.687500
vt 0.450000 0.663259
vt 0.450000 0.687500
vt 0.425000 0.663259
vt 0.425000 0.687500
vt 0.400000 0.663259
vt 0.400000 0.687500
vt 0.375000 0.663259
vt 0.375000 0.687500
vt 0.600000 0.639937
vt 0.625000 0.639937
vt 0.575000 0.639937
vt 0.550000 0.639937
vt 0.525000 0.639937
vt 0.500000 0.639937
vt 0.475000 0.639937
vt 0.450000 0.639937
vt 0.425000 0.639937
vt 0.400000 0.639937
vt 0.375000 0.639937
vt 0.600000 0.615074
vt 0.625000 0.615074
vt 0.575000 0.615074
vt 0.550000 0.615074
vt 0.525000 0.615074
vt 0.500000 0.615074
vt 0.475000 0.615074
vt 0.450000 0.615074
vt 0.425000 0.615074
vt 0.400000 0.615074
vt 0.375000 0.615074
vt 0.600000 0.583705
vt 0.625000 0.583705
vt 0.575000 0.583705
vt 0.550000 0.583705
vt 0.525000 0.583705
vt 0.500000 0.583705
vt 0.475000 0.583705
vt 0.450000 0.583705
vt 0.425000 0.583705
vt 0.400000 0.583705
vt 0.375000 0.583705
vt 0.600000 0.552798
vt 0.625000 0.552798
vt 0.575000 0.552798
vt 0.550000 0.552798
vt 0.525000 0.552798
vt 0.500000 0.552798
vt 0.475000 0.552798
vt 0.450000 0.552798
vt 0.425000 0.552798
vt 0.400000 0.552798
vt 0.375000 0.552798
vt 0.600000 0.521934
vt 0.625000 0.521934
vt 0.575000 0.521934
vt 0.550000 0.521934
vt 0.525000 0.521934
vt 0.500000 0.521934
vt 0.475000 0.521934
vt 0.450000 0.521934
vt 0.425000 0.521934
vt 0.400000 0.521934
vt 0.375000 0.521934
vt 0.600000 0.487410
vt 0.625000 0.487410
vt 0.575000 0.487410
vt 0.550000 0.487410
vt 0.525000 0.487410
vt 0.500000 0.487410
vt 0.475000 0.487410
vt 0.450000 0.487410
vt 0.425000 0.487410
vt 0.400000 0.487410
vt 0.375000 0.487410
vt 0.600000 0.455491
vt 0.625000 0.455491
vt 0.575000 0.455491
vt 0.550000 0.455491
vt 0.525000 0.455491
vt 0.500000 0.455491
vt 0.475000 0.455491
vt 0.450000 0.455491
vt 0.425000 0.455491
vt 0.400000 0.455491
vt 0.375000 0.455491
vt 0.600000 0.424794
vt 0.625000 0.424794
vt 0.575000 0.424794
vt 0.550000 0.424794
vt 0.525000 0.424794
vt 0.500000 0.424794
vt 0.475000 0.424794
vt 0.450000 0.424794
vt 0.425000 0.424794
vt 0.400000 0.424794
vt 0.375000 0.424794
vt 0.600000 0.391190
vt 0.625000 0.391190
vt 0.575000 0.391190
vt 0.550000 0.391190
vt 0.525000 0.391190
vt 0.500000 0.391190
vt 0.475000 0.391190
vt 0.450000 0.391190
vt 0.425000 0.391190
vt 0.400000 0.391190
vt 0.375000 0.391190
vt 0.600000 0.356015
vt 0.625000 0.356015
vt 0.575000 0.356015
vt 0.550000 0.356015
vt 0.525000 0.356015
vt 0.500000 0.356015
vt 0.475000 0.356015
vt 0.450000 0.356015
vt 0.425000 0.356015
vt 0.400000 0.356015
vt 0.375000 0.356015
vt 0.375000 0.312500
vt 0.400000 0.312500
vt 0.400000 0.332739
vt 0.375000 0.332739
vt 0.425000 0.312500
vt 0.425000 0.332739
vt 0.450000 0.312500
vt 0.450000 0.332739
vt 0.475000 0.312500
vt 0.475000 0.332739
vt 0.500000 0.312500
vt 0.500000 0.332739
vt 0.525000 0.312500
vt 0.525000 0.332739
vt 0.550000 0.312500
vt 0.550000 0.332739
vt 0.575000 0.312500
vt 0.575000 0.332739
vt 0.600000 0.312500
vt 0.600000 0.332739
vt 0.625000 0.312500
vt 0.625000 0.332739
vt 0.548284 0.007647
vt 0.626409 0.064409
vt 0.500000 0.156250
vt 0.451716 0.007647
vt 0.373591 0.064409
vt 0.343750 0.156250
vt 0.373591 0.248091
vt 0.451716 0.304853
vt 0.548284 0.304853
vt 0.626409 0.248091
vt 0.656250 0.156250
vt 0.626409 0.935591
vt 0.548284 0.992353
vt 0.500000 0.843750
vt 0.451716 0.992353
vt 0.373591 0.935591
vt 0.343750 0.843750
vt 0.373591 0.751909
vt 0.451716 0.695147
vt 0.548284 0.695147
vt 0.626409 0.751909
vt 0.656250 0.843750
vt 0.600000 0.663259
vt 0.625000 0.663259
vt 0.625000 0.687500
vt 0.600000 0.687500
vt 0.575000 0.663259
vt 0.575000 0.687500
vt 0.550000 0.663259
vt 0.550000 0.687500
vt 0.525000 0.663259
vt 0.525000 0.687500
vt 0.500000 0.663259
vt 0.500000 0.687500
vt 0.475000 0.663259
vt 0.475000 0.687500
vt 0.450000 0.663259
vt 0.450000 0.687500
vt 0.425000 0.663259
vt 0.425000 0.687500
vt 0.400000 0.663259
vt 0.400000 0.687500
vt 0.375000 0.663259
vt 0.375000 0.687500
vt 0.600000 0.639937
vt 0.625000 0.639937
vt 0.575000 0.639937
vt 0.550000 0.639937
vt 0.525000 0.639937
vt 0.500000 0.639937
vt 0.475000 0.639937
vt 0.450000 0.639937
vt 0.425000 0.639937
vt 0.400000 0.639937
vt 0.375000 0.639937
vt 0.600000 0.615074
vt 0.625000 0.615074
vt 0.575000 0.615074
vt 0.550000 0.615074
vt 0.525000 0.615074
vt 0.500000 0.615074
vt 0.475000 0.615074
vt 0.450000 0.615074
vt 0.425000 0.615074
vt 0.400000 0.615074
vt 0.375000 0.615074
vt 0.600000 0.583705
vt 0.625000 0.583705
vt 0.575000 0.583705
vt 0.550000 0.583705
vt 0.525000 0.583705
vt 0.500000 0.583705
vt 0.475000 0.583705
vt 0.450000 0.583705
vt 0.425000 0.583705
vt 0.400000 0.583705
vt 0.375000 0.583705
vt 0.600000 0.552798
vt 0.625000 0.552798
vt 0.575000 0.552798
vt 0.550000 0.552798
vt 0.525000 0.552798
vt 0.500000 0.552798
vt 0.475000 0.552798
vt 0.450000 0.552798
vt 0.425000 0.552798
vt 0.400000 0.552798
vt 0.375000 0.552798
vt 0.600000 0.521934
vt 0.625000 0.521934
vt 0.575000 0.521934
vt 0.550000 0.521934
vt 0.525000 0.521934
vt 0.500000 0.521934
vt 0.475000 0.521934
vt 0.450000 0.521934
vt 0.425000 0.521934
vt 0.400000 0.521934
vt 0.375000 0.521934
vt 0.600000 0.487410
vt 0.625000 0.487410
vt 0.575000 0.487410
vt 0.550000 0.487410
vt 0.525000 0.487410
vt 0.500000 0.487410
vt 0.475000 0.487410
vt 0.450000 0.487410
vt 0.425000 0.487410
vt 0.400000 0.487410
vt 0.375000 0.487410
vt 0.600000 0.455491
vt 0.625000 0.455491
vt 0.575000 0.455491
vt 0.550000 0.455491
vt 0.525000 0.455491
vt 0.500000 0.455491
vt 0.475000 0.455491
vt 0.450000 0.455491
vt 0.425000 0.455491
vt 0.400000 0.455491
vt 0.375000 0.455491
vt 0.600000 0.424794
vt 0.625000 0.424794
vt 0.575000 0.424794
vt 0.550000 0.424794
vt 0.525000 0.424794
vt 0.500000 0.424794
vt 0.475000 0.424794
vt 0.450000 0.424794
vt 0.425000 0.424794
vt 0.400000 0.424794
vt 0.375000 0.424794
vt 0.600000 0.391190
vt 0.625000 0.391190
vt 0.575000 0.391190
vt 0.550000 0.391190
vt 0.525000 0.391190
vt 0.500000 0.391190
vt 0.475000 0.391190
vt 0.450000 0.391190
vt 0.425000 0.391190
vt 0.400000 0.391190
vt 0.375000 0.391190
vt 0.600000 0.356015
vt 0.625000 0.356015
vt 0.575000 0.356015
vt 0.550000 0.356015
vt 0.525000 0.356015
vt 0.500000 0.356015
vt 0.475000 0.356015
vt 0.450000 0.356015
vt 0.425000 0.356015
vt 0.400000 0.356015
vt 0.375000 0.356015
vt 0.375000 0.312500
vt 0.400000 0.312500
vt 0.400000 0.332739
vt 0.375000 0.332739
vt 0.425000 0.312500
vt 0.425000 0.332739
vt 0.450000 0.312500
vt 0.450000 0.332739
vt 0.475000 0.312500
vt 0.475000 0.332739
vt 0.500000 0.312500
vt 0.500000 0.332739
vt 0.525000 0.312500
vt 0.525000 0.332739
vt 0.550000 0.312500
vt 0.550000 0.332739
vt 0.575000 0.312500
vt 0.575000 0.332739
vt 0.600000 0.312500
vt 0.600000 0.332739
vt 0.625000 0.312500
vt 0.625000 0.332739
vt 0.548284 0.007647
vt 0.626409 0.064409
vt 0.500000 0.156250
vt 0.451716 0.007647
vt 0.373591 0.064409
vt 0.343750 0.156250
vt 0.373591 0.248091
vt 0.451716 0.304853
vt 0.548284 0.304853
vt 0.626409 0.248091
vt 0.656250 0.156250
vt 0.626409 0.935591
vt 0.548284 0.992353
vt 0.500000 0.843750
vt 0.451716 0.992353
vt 0.373591 0.935591
vt 0.343750 0.843750
vt 0.373591 0.751909
vt 0.451716 0.695147
vt 0.548284 0.695147
vt 0.626409 0.751909
vt 0.656250 0.843750
vt 0.600000 0.663259
vt 0.625000 0.663259
vt 0.625000 0.687500
vt 0.600000 0.687500
vt 0.575000 0.663259
vt 0.575000 0.687500
vt 0.550000 0.663259
vt 0.550000 0.687500
vt 0.525000 0.663259
vt 0.525000 0.687500
vt 0.500000 0.663259
vt 0.500000 0.687500
vt 0.475000 0.663259
vt 0.475000 0.687500
vt 0.450000 0.663259
vt 0.450000 0.687500
vt 0.425000 0.663259
vt 0.425000 0.687500
vt 0.400000 0.663259
vt 0.400000 0.687500
vt 0.375000 0.663259
vt 0.375000 0.687500
vt 0.600000 0.639937
vt 0.625000 0.639937
vt 0.575000 0.639937
vt 0.550000 0.639937
vt 0.525000 0.639937
vt 0.500000 0.639937
vt 0.475000 0.639937
vt 0.450000 0.639937
vt 0.425000 0.639937
vt 0.400000 0.639937
vt 0.375000 0.639937
vt 0.600000 0.615074
vt 0.625000 0.615074
vt 0.575000 0.615074
vt 0.550000 0.615074
vt 0.525000 0.615074
vt 0.500000 0.615074
vt 0.475000 0.615074
vt 0.450000 0.615074
vt 0.425000 0.615074
vt 0.400000 0.615074
vt 0.375000 0.615074
vt 0.600000 0.583705
vt 0.625000 0.583705
vt 0.575000 0.583705
vt 0.550000 0.583705
vt 0.525000 0.583705
vt 0.500000 0.583705
vt 0.475000 0.583705
vt 0.450000 0.583705
vt 0.425000 0.583705
vt 0.400000 0.583705
vt 0.375000 0.583705
vt 0.600000 0.552798
vt 0.625000 0.552798
vt 0.575000 0.552798
vt 0.550000 0.552798
vt 0.525000 0.552798
vt 0.500000 0.552798
vt 0.475000 0.552798
vt 0.450000 0.552798
vt 0.425000 0.552798
vt 0.400000 0.552798
vt 0.375000 0.552798
vt 0.600000 0.521934
vt 0.625000 0.521934
vt 0.575000 0.521934
vt 0.550000 0.521934
vt 0.525000 0.521934
vt 0.500000 0.521934
vt 0.475000 0.521934
vt 0.450000 0.521934
vt 0.425000 0.521934
vt 0.400000 0.521934
vt 0.375000 0.521934
vt 0.600000 0.487410
vt 0.625000 0.487410
vt 0.575000 0.487410
vt 0.550000 0.487410
vt 0.525000 0.487410
vt 0.500000 0.487410
vt 0.475000 0.487410
vt 0.450000 0.487410
vt 0.425000 0.487410
vt 0.400000 0.487410
vt 0.375000 0.487410
vt 0.600000 0.455491
vt 0.625000 0.455491
vt 0.575000 0.455491
vt 0.550000 0.455491
vt 0.525000 0.455491
vt 0.500000 0.455491
vt 0.475000 0.455491
vt 0.450000 0.455491
vt 0.425000 0.455491
vt 0.400000 0.455491
vt 0.375000 0.455491
vt 0.600000 0.424794
vt 0.625000 0.424794
vt 0.575000 0.424794
vt 0.550000 0.424794
vt 0.525000 0.424794
vt 0.500000 0.424794
vt 0.475000 0.424794
vt 0.450000 0.424794
vt 0.425000 0.424794
vt 0.400000 0.424794
vt 0.375000 0.424794
vt 0.600000 0.391190
vt 0.625000 0.391190
vt 0.575000 0.391190
vt 0.550000 0.391190
vt 0.525000 0.391190
vt 0.500000 0.391190
vt 0.475000 0.391190
vt 0.450000 0.391190
vt 0.425000 0.391190
vt 0.400000 0.391190
vt 0.375000 0.391190
vt 0.600000 0.356015
vt 0.625000 0.356015
vt 0.575000 0.356015
vt 0.550000 0.356015
vt 0.525000 0.356015
vt 0.500000 0.356015
vt 0.475000 0.356015
vt 0.450000 0.356015
vt 0.425000 0.356015
vt 0.400000 0.356015
vt 0.375000 0.356015
vt 0.375000 0.312500
vt 0.400000 0.312500
vt 0.400000 0.332739
vt 0.375000 0.332739
vt 0.425000 0.312500
vt 0.425000 0.332739
vt 0.450000 0.312500
vt 0.450000 0.332739
vt 0.475000 0.312500
vt 0.475000 0.332739
vt 0.500000 0.312500
vt 0.500000 0.332739
vt 0.525000 0.312500
vt 0.525000 0.332739
vt 0.550000 0.312500
vt 0.550000 0.332739
vt 0.575000 0.312500
vt 0.575000 0.332739
vt 0.600000 0.312500
vt 0.600000 0.332739
vt 0.625000 0.312500
vt 0.625000 0.332739
vt 0.548284 0.007647
vt 0.626409 0.064409
vt 0.500000 0.156250
vt 0.451716 0.007647
vt 0.373591 0.064409
vt 0.343750 0.156250
vt 0.373591 0.248091
vt 0.451716 0.304853
vt 0.548284 0.304853
vt 0.626409 0.248091
vt 0.656250 0.156250
vt 0.626409 0.935591
vt 0.548284 0.992353
vt 0.500000 0.843750
vt 0.451716 0.992353
vt 0.373591 0.935591
vt 0.343750 0.843750
vt 0.373591 0.751909
vt 0.451716 0.695147
vt 0.548284 0.695147
vt 0.626409 0.751909
vt 0.656250 0.843750
vt 0.600000 0.663259
vt 0.625000 0.663259
vt 0.625000 0.687500
vt 0.600000 0.687500
vt 0.575000 0.663259
vt 0.575000 0.687500
vt 0.550000 0.663259
vt 0.550000 0.687500
vt 0.525000 0.663259
vt 0.525000 0.687500
vt 0.500000 0.663259
vt 0.500000 0.687500
vt 0.475000 0.663259
vt 0.475000 0.687500
vt 0.450000 0.663259
vt 0.450000 0.687500
vt 0.425000 0.663259
vt 0.425000 0.687500
vt 0.400000 0.663259
vt 0.400000 0.687500
vt 0.375000 0.663259
vt 0.375000 0.687500
vt 0.600000 0.639937
vt 0.625000 0.639937
vt 0.575000 0.639937
vt 0.550000 0.639937
vt 0.525000 0.639937
vt 0.500000 0.639937
vt 0.475000 0.639937
vt 0.450000 0.639937
vt 0.425000 0.639937
vt 0.400000 0.639937
vt 0.375000 0.639937
vt 0.600000 0.615074
vt 0.625000 0.615074
vt 0.575000 0.615074
vt 0.550000 0.615074
vt 0.525000 0.615074
vt 0.500000 0.615074
vt 0.475000 0.615074
vt 0.450000 0.615074
vt 0.425000 0.615074
vt 0.400000 0.615074
vt 0.375000 0.615074
vt 0.600000 0.583705
vt 0.625000 0.583705
vt 0.575000 0.583705
vt 0.550000 0.583705
vt 0.525000 0.583705
vt 0.500000 0.583705
vt 0.475000 0.583705
vt 0.450000 0.583705
vt 0.425000 0.583705
vt 0.400000 0.583705
vt 0.375000 0.583705
vt 0.600000 0.552798
vt 0.625000 0.552798
vt 0.575000 0.552798
vt 0.550000 0.552798
vt 0.525000 0.552798
vt 0.500000 0.552798
vt 0.475000 0.552798
vt 0.450000 0.552798
vt 0.425000 0.552798
vt 0.400000 0.552798
vt 0.375000 0.552798
vt 0.600000 0.521934
vt 0.625000 0.521934
vt 0.575000 0.521934
vt 0.550000 0.521934
vt 0.525000 0.521934
vt 0.500000 0.521934
vt 0.475000 0.521934
vt 0.450000 0.521934
vt 0.425000 0.521934
vt 0.400000 0.521934
vt 0.375000 0.521934
vt 0.600000 0.487410
vt 0.625000 0.487410
vt 0.575000 0.487410
vt 0.550000 0.487410
vt 0.525000 0.487410
vt 0.500000 0.487410
vt 0.475000 0.487410
vt 0.450000 0.487410
vt 0.425000 0.487410
vt 0.400000 0.487410
vt 0.375000 0.487410
vt 0.600000 0.455491
vt 0.625000 0.455491
vt 0.575000 0.455491
vt 0.550000 0.455491
vt 0.525000 0.455491
vt 0.500000 0.455491
vt 0.475000 0.455491
vt 0.450000 0.455491
vt 0.425000 0.455491
vt 0.400000 0.455491
vt 0.375000 0.455491
vt 0.600000 0.424794
vt 0.625000 0.424794
vt 0.575000 0.424794
vt 0.550000 0.424794
vt 0.525000 0.424794
vt 0.500000 0.424794
vt 0.475000 0.424794
vt 0.450000 0.424794
vt 0.425000 0.424794
vt 0.400000 0.424794
vt 0.375000 0.424794
vt 0.600000 0.391190
vt 0.625000 0.391190
vt 0.575000 0.391190
vt 0.550000 0.391190
vt 0.525000 0.391190
vt 0.500000 0.391190
vt 0.475000 0.391190
vt 0.450000 0.391190
vt 0.425000 0.391190
vt 0.400000 0.391190
vt 0.375000 0.391190
vt 0.600000 0.356015
vt 0.625000 0.356015
vt 0.575000 0.356015
vt 0.550000 0.356015
vt 0.525000 0.356015
vt 0.500000 0.356015
vt 0.475000 0.356015
vt 0.450000 0.356015
vt 0.425000 0.356015
vt 0.400000 0.356015
vt 0.375000 0.356015
vn 0.812539 0.400052 -0.423957
vn 0.812539 0.400052 -0.423957
vn 0.744197 0.608574 -0.275334
vn 0.717863 0.655864 -0.233486
vn 0.357689 0.482804 -0.799349
vn 0.357689 0.482804 -0.799349
vn 0.228671 0.797183 -0.558757
vn 0.215515 0.818119 -0.533136
vn -0.225210 0.400056 -0.888389
vn -0.225210 0.400056 -0.888389
vn -0.366588 0.690615 -0.623429
vn -0.358564 0.673756 -0.646131
vn -0.748514 0.160908 -0.643301
vn -0.748514 0.160908 -0.643301
vn -0.825971 0.310063 -0.470779
vn -0.813439 0.279660 -0.510007
vn -0.977330 -0.166051 -0.131353
vn -0.977330 -0.166051 -0.131353
vn -0.962096 -0.226773 -0.151480
vn -0.966974 -0.209145 -0.145671
vn -0.802686 -0.433030 0.410099
vn -0.802686 -0.433030 0.410099
vn -0.707325 -0.672933 0.216453
vn -0.738557 -0.618745 0.267746
vn -0.346194 -0.530801 0.773563
vn -0.346194 -0.530801 0.773563
vn -0.207347 -0.836353 0.507466
vn -0.225191 -0.809180 0.542694
vn 0.228976 -0.433035 0.871809
vn 0.228976 -0.433035 0.871809
vn 0.359140 -0.683627 0.635353
vn 0.367427 -0.699628 0.612796
vn 0.749121 -0.166044 0.641285
vn 0.749121 -0.166044 0.641285
vn 0.813223 -0.279095 0.510661
vn 0.826258 -0.309120 0.470895
vn 0.978432 0.160911 0.129532
vn 0.978432 0.160911 0.129532
vn 0.967759 0.206147 0.144727
vn 0.963165 0.222967 0.150330
vn 0.013270 -0.999422 -0.031312
vn 0.012975 -0.999445 -0.030678
vn 0.013734 -0.999435 -0.030689
vn 0.014509 -0.999422 -0.030759
vn 0.014232 -0.999445 -0.030117
vn 0.013480 -0.999455 -0.030122
vn 0.013683 -0.999427 -0.030947
vn 0.013748 -0.999422 -0.031088
vn 0.014022 -0.999422 -0.030967
vn 0.013962 -0.999427 -0.030824
vn 0.013480 -0.999455 -0.030122
vn 0.011768 -0.999595 -0.025921
vn 0.011829 -0.999590 -0.026063
vn 0.011540 -0.999601 -0.025785
vn 0.011554 -0.999590 -0.026186
vn 0.011489 -0.999595 -0.026045
vn 0.011285 -0.999618 -0.025217
vn 0.012037 -0.999610 -0.025211
vn 0.012314 -0.999590 -0.025854
vn 0.011076 -0.999590 -0.026408
vn 0.010782 -0.999610 -0.025773
vn 0.011285 -0.999618 -0.025217
vn 0.738238 0.204613 0.642758
vn 0.739454 0.204622 0.641356
vn 0.745923 0.204663 0.633808
vn 0.745923 0.204663 0.633808
vn 0.902141 -0.305046 0.305105
vn 0.908787 -0.298065 0.292000
vn 0.967386 -0.212929 0.137209
vn 0.967386 -0.212929 0.137209
vn 0.699920 -0.696249 -0.159214
vn 0.695903 -0.702570 -0.148711
vn 0.756527 -0.538475 -0.371094
vn 0.756527 -0.538475 -0.371094
vn 0.247226 -0.796049 -0.552436
vn 0.231825 -0.823354 -0.518021
vn 0.311169 -0.647842 -0.695323
vn 0.311169 -0.647842 -0.695323
vn -0.281823 -0.611814 -0.739094
vn -0.297565 -0.632358 -0.715247
vn -0.227294 -0.538492 -0.811396
vn -0.227294 -0.538492 -0.811396
vn -0.736540 -0.206241 -0.644184
vn -0.734282 -0.204793 -0.647217
vn -0.746874 -0.212926 -0.629954
vn -0.746874 -0.212926 -0.629954
vn -0.914849 0.289268 -0.281736
vn -0.909830 0.294943 -0.291922
vn -0.969624 0.204660 -0.133957
vn -0.969624 0.204660 -0.133957
vn -0.721543 0.666195 0.188573
vn -0.725997 0.657839 0.200438
vn -0.776030 0.489651 0.397516
vn -0.776030 0.489651 0.397516
vn -0.255099 0.781007 0.570046
vn -0.267287 0.756186 0.597278
vn -0.332905 0.579475 0.743897
vn -0.332905 0.579475 0.743897
vn 0.294937 0.609055 0.736250
vn 0.282384 0.589192 0.757042
vn 0.220638 0.489652 0.843540
vn 0.220638 0.489652 0.843540
vn 0.836679 0.278164 0.471797
vn 0.838208 0.279357 0.468366
vn 0.870428 -0.334993 0.360744
vn 0.873796 -0.332147 0.355189
vn 0.584931 -0.799740 0.135172
vn 0.586554 -0.798295 0.136674
vn 0.094344 -0.985739 -0.139346
vn 0.091243 -0.987730 -0.126744
vn -0.457080 -0.800507 -0.387642
vn -0.462326 -0.804539 -0.372789
vn -0.831418 -0.272857 -0.484038
vn -0.833503 -0.274486 -0.479511
vn -0.862612 0.339316 -0.375187
vn -0.861788 0.340013 -0.376448
vn -0.588299 0.798176 -0.129692
vn -0.588282 0.798575 -0.127293
vn -0.103106 0.981313 0.162462
vn -0.104892 0.979956 0.169363
vn 0.452687 0.797274 0.399286
vn 0.451280 0.796161 0.403080
vn 0.919945 0.369756 0.130316
vn 0.914780 0.357565 0.187951
vn 0.957179 -0.251127 0.144028
vn 0.946124 -0.263126 0.188715
vn 0.622891 -0.775411 0.103655
vn 0.619271 -0.776855 0.114013
vn 0.057193 -0.998321 0.009212
vn 0.056976 -0.998325 0.010088
vn -0.528751 -0.842423 -0.103662
vn -0.530828 -0.843620 -0.080793
vn -0.915304 -0.358500 -0.183568
vn -0.919603 -0.368541 -0.136042
vn -0.946141 0.263109 -0.188655
vn -0.957114 0.251189 -0.144353
vn -0.618694 0.777062 -0.115729
vn -0.623544 0.775128 -0.101831
vn -0.057454 0.998315 -0.008160
vn -0.056750 0.998328 -0.010997
vn 0.530979 0.843627 0.079721
vn 0.528706 0.842328 0.104655
vn 0.921557 0.357979 0.150281
vn 0.922216 0.361208 0.138008
vn 0.949399 -0.261831 0.173451
vn 0.958491 -0.250844 0.135544
vn 0.601339 -0.789976 0.119705
vn 0.615762 -0.782380 0.093374
vn 0.022127 -0.999729 0.007250
vn 0.031444 -0.999450 0.010505
vn -0.550384 -0.828949 -0.099608
vn -0.548312 -0.831484 -0.089376
vn -0.920820 -0.358415 -0.153717
vn -0.920381 -0.356413 -0.160834
vn -0.957535 0.251852 -0.140349
vn -0.950953 0.259881 -0.167780
vn -0.622921 0.778629 -0.075543
vn -0.609592 0.786154 -0.101787
vn -0.037498 0.999268 0.007601
vn -0.027569 0.999604 0.005689
vn 0.548994 0.831392 0.085989
vn 0.550926 0.828976 0.096335
vn 0.835741 0.312386 0.451611
vn 0.852133 0.315757 0.417333
vn 0.835766 -0.308989 0.453896
vn 0.850748 -0.306574 0.426897
vn 0.516490 -0.810214 0.277113
vn 0.519837 -0.810074 0.271200
vn 0.000203 -1.000000 -0.000374
vn 0.000204 -1.000000 -0.000372
vn -0.520041 -0.811464 -0.266616
vn -0.511769 -0.810503 -0.284917
vn -0.846463 -0.314651 -0.429529
vn -0.830129 -0.311246 -0.462614
vn -0.848919 0.305882 -0.431013
vn -0.834474 0.308004 -0.456932
vn -0.523064 0.809171 -0.267669
vn -0.519232 0.809305 -0.274634
vn -0.000204 1.000000 0.000372
vn -0.000203 1.000000 0.000374
vn 0.516610 0.810903 0.274865
vn 0.524108 0.811657 0.257920
vn 0.723545 0.298372 0.622461
vn 0.727770 0.297624 0.617876
vn 0.717676 -0.315704 0.620703
vn 0.721535 -0.315927 0.616098
vn 0.445023 -0.808938 0.384155
vn 0.446883 -0.808748 0.382390
vn 0.000239 -1.000000 -0.000321
vn 0.000238 -1.000000 -0.000321
vn -0.453246 -0.804226 -0.384433
vn -0.451907 -0.804455 -0.385529
vn -0.732128 -0.297652 -0.612692
vn -0.727641 -0.298337 -0.617684
vn -0.730386 0.315075 -0.606023
vn -0.724638 0.315167 -0.612837
vn -0.452686 0.808771 -0.375453
vn -0.449418 0.809015 -0.378837
vn -0.000238 1.000000 0.000321
vn -0.000239 1.000000 0.000320
vn 0.451877 0.804966 0.384495
vn 0.453360 0.804798 0.383099
vn 0.724348 0.302224 0.619662
vn 0.720150 0.302136 0.624578
vn 0.721800 -0.314891 0.616319
vn 0.718673 -0.314881 0.619967
vn 0.445747 -0.810150 0.380745
vn 0.445120 -0.810142 0.381496
vn 0.000251 -1.000000 -0.000321
vn 0.000251 -1.000000 -0.000322
vn -0.446855 -0.807137 -0.385812
vn -0.449001 -0.807174 -0.383234
vn -0.720513 -0.302148 -0.624154
vn -0.724716 -0.302235 -0.619226
vn -0.716895 0.315284 -0.621818
vn -0.720186 0.315260 -0.618016
vn -0.443167 0.810261 -0.383510
vn -0.443794 0.810267 -0.382772
vn -0.000251 1.000000 0.000322
vn -0.000251 1.000000 0.000321
vn 0.447848 0.807044 0.384855
vn 0.445551 0.806991 0.387621
vn 0.752034 0.299477 0.587162
vn 0.750345 0.300037 0.589034
vn 0.748651 -0.316720 0.582418
vn 0.747360 -0.316422 0.584235
vn 0.462765 -0.810298 0.359535
vn 0.462395 -0.810290 0.360028
vn 0.000233 -1.000000 -0.000338
vn 0.000232 -1.000000 -0.000338
vn -0.465472 -0.806366 -0.364842
vn -0.466431 -0.806206 -0.363969
vn -0.749867 -0.299961 -0.589680
vn -0.751476 -0.299370 -0.587930
vn -0.744928 0.316785 -0.587137
vn -0.745934 0.317125 -0.585673
vn -0.460243 0.810351 -0.362640
vn -0.460497 0.810360 -0.362297
vn -0.000232 1.000000 0.000338
vn -0.000233 1.000000 0.000338
vn 0.465593 0.806019 0.365453
vn 0.464683 0.806198 0.366218
vn 0.825548 0.301815 0.476841
vn 0.814993 0.301314 0.494971
vn 0.823871 -0.315327 0.470962
vn 0.813246 -0.316151 0.488549
vn 0.508051 -0.810557 0.291345
vn 0.503789 -0.810751 0.298127
vn 0.000193 -1.000000 -0.000371
vn 0.000193 -1.000000 -0.000372
vn -0.505652 -0.807516 -0.303702
vn -0.510058 -0.807556 -0.296134
vn -0.812671 -0.301291 -0.498788
vn -0.823520 -0.301896 -0.480285
vn -0.806022 0.317274 -0.499666
vn -0.816400 0.316567 -0.482986
vn -0.498282 0.810889 -0.306877
vn -0.501841 0.810754 -0.301386
vn -0.000193 1.000000 0.000372
vn -0.000194 1.000000 0.000371
vn 0.508779 0.806859 0.300205
vn 0.504114 0.806860 0.307971
vn 0.928377 0.324192 0.181702
vn 0.922334 0.321936 0.213674
vn 0.938919 -0.294485 0.178072
vn 0.929906 -0.298190 0.215307
vn 0.581869 -0.805889 0.109408
vn 0.576594 -0.806950 0.127950
vn 0.000123 -1.000000 -0.000388
vn 0.000126 -1.000000 -0.000389
vn -0.570323 -0.813262 -0.115486
vn -0.571851 -0.813296 -0.107406
vn -0.925398 -0.323470 -0.197499
vn -0.930871 -0.325582 -0.165758
vn -0.931757 0.297940 -0.207512
vn -0.940664 0.293953 -0.169537
vn -0.575374 0.807598 -0.129345
vn -0.580702 0.806489 -0.111179
vn -0.000125 1.000000 0.000389
vn -0.000124 1.000000 0.000388
vn 0.569782 0.813382 0.117293
vn 0.567815 0.813274 0.127172
vn 0.950186 0.292511 0.107629
vn 0.949044 0.304095 0.082714
vn 0.911303 -0.354364 0.209652
vn 0.932597 -0.329267 0.147804
vn 0.516698 -0.830919 0.206390
vn 0.542155 -0.825477 0.157024
vn -0.042159 -0.990312 0.132307
vn -0.038261 -0.992029 0.120062
vn -0.595349 -0.802951 0.028818
vn -0.596555 -0.801808 0.035014
vn -0.949307 -0.304291 -0.078889
vn -0.950413 -0.293346 -0.103260
vn -0.926717 0.335159 -0.169897
vn -0.904340 0.358134 -0.232183
vn -0.522122 0.826805 -0.209241
vn -0.496712 0.828641 -0.258130
vn 0.053240 0.984503 -0.167093
vn 0.055967 0.982860 -0.175656
vn 0.600831 0.797944 -0.047831
vn 0.598848 0.799947 -0.038288
vn 0.605289 0.400048 -0.688177
vn 0.605289 0.400048 -0.688177
vn 0.595070 0.608565 -0.524920
vn 0.585578 0.655854 -0.476397
vn 0.045764 0.482800 -0.874534
vn 0.045764 0.482800 -0.874534
vn 0.012049 0.797179 -0.603623
vn 0.009001 0.818122 -0.574975
vn -0.530127 0.400048 -0.747614
vn -0.530127 0.400048 -0.747614
vn -0.566557 0.690614 -0.449517
vn -0.567250 0.673746 -0.473597
vn -0.929979 0.160920 -0.330520
vn -0.929979 0.160920 -0.330520
vn -0.940100 0.310072 -0.141656
vn -0.942539 0.279675 -0.182763
vn -0.959040 -0.166040 0.229505
vn -0.959040 -0.166040 0.229505
vn -0.952078 -0.226765 0.205246
vn -0.954537 -0.209135 0.212421
vn -0.601048 -0.433043 0.671725
vn -0.601048 -0.433043 0.671725
vn -0.581860 -0.672940 0.456718
vn -0.592514 -0.618755 0.515819
vn -0.044316 -0.530802 0.846337
vn -0.044316 -0.530802 0.846337
vn -0.010631 -0.836353 0.548088
vn -0.014589 -0.809181 0.587378
vn 0.527653 -0.433033 0.730797
vn 0.527653 -0.433032 0.730797
vn 0.563890 -0.683631 0.463332
vn 0.563494 -0.699634 0.439302
vn 0.929831 -0.166049 0.328392
vn 0.929832 -0.166049 0.328392
vn 0.942578 -0.279099 0.183440
vn 0.940415 -0.309118 0.141655
vn 0.959409 0.160915 -0.231606
vn 0.959409 0.160915 -0.231606
vn 0.954925 0.206150 -0.213589
vn 0.952657 0.222971 -0.206708
vn 0.001099 -0.999422 -0.033990
vn 0.001054 -0.999445 -0.033293
vn 0.001757 -0.999435 -0.033576
vn 0.002455 -0.999422 -0.033919
vn 0.002427 -0.999445 -0.033221
vn 0.001725 -0.999455 -0.032957
vn 0.001618 -0.999427 -0.033801
vn 0.001628 -0.999422 -0.033954
vn 0.001925 -0.999422 -0.033938
vn 0.001920 -0.999427 -0.033784
vn 0.001726 -0.999455 -0.032955
vn 0.001641 -0.999595 -0.028421
vn 0.001647 -0.999590 -0.028574
vn 0.001477 -0.999601 -0.028211
vn 0.001346 -0.999590 -0.028591
vn 0.001337 -0.999595 -0.028436
vn 0.001446 -0.999618 -0.027590
vn 0.002147 -0.999610 -0.027855
vn 0.002174 -0.999590 -0.028554
vn 0.000819 -0.999590 -0.028625
vn 0.000771 -0.999610 -0.027926
vn 0.001442 -0.999618 -0.027591
vn 0.920214 0.204609 0.333678
vn 0.920843 0.204619 0.331932
vn 0.924159 0.204663 0.322557
vn 0.924159 0.204663 0.322557
vn 0.951482 -0.305048 -0.040339
vn 0.952962 -0.298067 -0.054960
vn 0.951869 -0.212933 -0.220467
vn 0.951869 -0.212933 -0.220467
vn 0.595571 -0.696257 -0.400651
vn 0.595608 -0.702576 -0.389407
vn 0.572040 -0.538490 -0.618707
vn 0.572040 -0.538490 -0.618707
vn 0.031659 -0.796045 -0.604409
vn 0.029685 -0.823351 -0.566755
vn 0.039851 -0.647840 -0.760733
vn 0.039851 -0.647840 -0.760733
vn -0.529156 -0.611806 -0.587952
vn -0.535250 -0.632352 -0.560034
vn -0.504335 -0.538485 -0.675041
vn -0.504335 -0.538485 -0.675041
vn -0.919134 -0.206254 -0.335638
vn -0.918121 -0.204805 -0.339278
vn -0.923643 -0.212942 -0.318653
vn -0.923643 -0.212942 -0.318653
vn -0.954918 0.289275 0.066719
vn -0.953904 0.294953 0.055405
vn -0.952784 0.204665 0.224311
vn -0.952784 0.204665 0.224311
vn -0.605176 0.666197 0.435824
vn -0.605057 0.657841 0.448498
vn -0.580738 0.489653 0.650372
vn -0.580738 0.489653 0.650372
vn -0.032628 0.781004 0.623673
vn -0.034185 0.756180 0.653470
vn -0.042566 0.579473 0.813879
vn -0.042566 0.579473 0.813879
vn 0.540321 0.609066 0.580596
vn 0.536095 0.589204 0.604517
vn 0.509626 0.489667 0.707466
vn 0.509626 0.489667 0.707466
vn 0.950463 0.278160 0.138734
vn 0.950653 0.279351 0.134992
vn 0.941941 -0.334992 0.022989
vn 0.943083 -0.332143 0.016586
vn 0.594361 -0.799736 -0.084604
vn 0.596415 -0.798291 -0.083788
vn 0.037818 -0.985739 -0.163976
vn 0.039465 -0.987730 -0.151102
vn -0.566036 -0.800505 -0.196967
vn -0.565579 -0.804536 -0.181226
vn -0.949962 -0.272861 -0.152049
vn -0.950276 -0.274488 -0.147079
vn -0.939850 0.339321 -0.039280
vn -0.939535 0.340018 -0.040753
vn -0.595524 0.798175 0.090930
vn -0.594645 0.798573 0.093160
vn -0.037673 0.981313 0.188693
vn -0.036853 0.979954 0.195786
vn 0.566128 0.797273 0.209417
vn 0.566182 0.796163 0.213456
vn 0.905132 0.369751 -0.209809
vn 0.921074 0.357561 -0.154187
vn 0.944805 -0.251121 -0.210433
vn 0.950590 -0.263121 -0.164762
vn 0.618415 -0.775410 -0.127679
vn 0.618770 -0.776854 -0.116713
vn 0.056672 -0.998321 -0.012008
vn 0.056784 -0.998325 -0.011113
vn -0.530594 -0.842424 0.093761
vn -0.524293 -0.843621 0.115845
vn -0.919983 -0.358498 0.158462
vn -0.906874 -0.368541 0.204348
vn -0.950582 0.263107 0.164827
vn -0.944860 0.251189 0.210103
vn -0.618845 0.777065 0.114901
vn -0.618362 0.775131 0.129617
vn -0.056537 0.998315 0.013084
vn -0.056902 0.998328 0.010183
vn 0.524050 0.843627 -0.116898
vn 0.530911 0.842329 -0.092818
vn 0.913826 0.357975 -0.191769
vn 0.910021 0.361204 -0.203454
vn 0.948146 -0.261826 -0.180183
vn 0.942973 -0.250839 -0.218818
vn 0.604088 -0.789978 -0.104939
vn 0.608059 -0.782381 -0.134704
vn 0.023254 -0.999729 -0.001207
vn 0.033116 -0.999450 -0.001527
vn -0.549319 -0.828947 0.105336
vn -0.543700 -0.831483 0.114136
vn -0.914376 -0.358413 0.188299
vn -0.916531 -0.356411 0.181498
vn -0.943810 0.251853 0.213991
vn -0.947551 0.259879 0.186037
vn -0.608310 0.778633 0.153915
vn -0.605331 0.786156 0.124630
vn -0.032243 0.999268 0.020599
vn -0.023669 0.999604 0.015237
vn 0.543115 0.831391 -0.117540
vn 0.548643 0.828975 -0.108586
vn 0.942317 0.312377 0.120250
vn 0.945261 0.315750 0.082360
vn 0.943159 -0.308993 0.122373
vn 0.947411 -0.306576 0.091782
vn 0.581640 -0.810212 0.072461
vn 0.582632 -0.810073 0.065742
vn 0.000054 -1.000000 -0.000422
vn 0.000057 -1.000000 -0.000420
vn -0.581170 -0.811464 -0.061389
vn -0.580045 -0.810503 -0.081445
vn -0.944362 -0.314651 -0.095785
vn -0.941043 -0.311246 -0.132530
vn -0.947189 0.305879 -0.096285
vn -0.943050 0.308001 -0.125666
vn -0.584368 0.809171 -0.061283
vn -0.583302 0.809305 -0.069161
vn -0.000057 1.000000 0.000420
vn -0.000055 1.000000 0.000422
vn 0.580935 0.810907 0.070318
vn 0.581826 0.811661 0.051818
vn 0.899197 0.298357 0.320042
vn 0.901488 0.297609 0.314242
vn 0.893083 -0.315712 0.320514
vn 0.895024 -0.315935 0.314830
vn 0.553539 -0.808929 0.198064
vn 0.554637 -0.808740 0.195748
vn 0.000107 -1.000000 -0.000385
vn 0.000107 -1.000000 -0.000386
vn -0.561290 -0.804232 -0.195358
vn -0.560435 -0.804461 -0.196862
vn -0.903683 -0.297650 -0.307833
vn -0.901296 -0.298334 -0.314107
vn -0.899655 0.315070 -0.302244
vn -0.896748 0.315163 -0.310670
vn -0.557540 0.808772 -0.187182
vn -0.555711 0.809016 -0.191517
vn -0.000106 1.000000 0.000385
vn -0.000108 1.000000 0.000385
vn 0.560035 0.804973 0.195907
vn 0.560915 0.804805 0.194071
vn 0.898936 0.302216 0.317142
vn 0.896792 0.302126 0.323241
vn 0.895350 -0.314898 0.314940
vn 0.893748 -0.314888 0.319469
vn 0.552985 -0.810142 0.194622
vn 0.552671 -0.810133 0.195548
vn 0.000119 -1.000000 -0.000390
vn 0.000118 -1.000000 -0.000391
vn -0.555822 -0.807145 -0.198945
vn -0.556896 -0.807182 -0.195768
vn -0.896976 -0.302145 -0.322712
vn -0.899121 -0.302232 -0.316602
vn -0.892756 0.315287 -0.321839
vn -0.894456 0.315265 -0.317108
vn -0.551562 0.810261 -0.198130
vn -0.551882 0.810267 -0.197217
vn -0.000118 1.000000 0.000391
vn -0.000119 1.000000 0.000390
vn 0.556408 0.807048 0.197695
vn 0.555262 0.806996 0.201101
vn 0.913055 0.299471 0.276853
vn 0.912153 0.300033 0.279208
vn 0.908188 -0.316724 0.273644
vn 0.907638 -0.316427 0.275804
vn 0.561214 -0.810295 0.168705
vn 0.561046 -0.810287 0.169299
vn 0.000096 -1.000000 -0.000399
vn 0.000095 -1.000000 -0.000399
vn -0.565642 -0.806370 -0.172677
vn -0.566222 -0.806210 -0.171517
vn -0.911939 -0.299964 -0.279981
vn -0.912809 -0.299373 -0.277768
vn -0.906411 0.316801 -0.279387
vn -0.906822 0.317143 -0.277658
vn -0.559977 0.810349 -0.172512
vn -0.560091 0.810358 -0.172100
vn -0.000095 1.000000 0.000399
vn -0.000096 1.000000 0.000399
vn 0.565973 0.806024 0.173207
vn 0.565399 0.806202 0.174248
vn 0.941897 0.301808 0.147450
vn 0.938580 0.301306 0.168172
vn 0.938211 -0.315328 0.142574
vn 0.934634 -0.316152 0.162808
vn 0.578896 -0.810554 0.088780
vn 0.577363 -0.810748 0.096640
vn 0.000046 -1.000000 -0.000416
vn 0.000046 -1.000000 -0.000416
vn -0.581103 -0.807517 -0.101168
vn -0.582487 -0.807557 -0.092523
vn -0.937788 -0.301290 -0.172566
vn -0.941243 -0.301894 -0.151397
vn -0.931895 0.317288 -0.175784
vn -0.935570 0.316580 -0.156479
vn -0.575380 0.810885 -0.106786
vn -0.576721 0.810751 -0.100385
vn -0.000046 1.000000 0.000416
vn -0.000047 1.000000 0.000416
vn 0.582761 0.806859 0.096784
vn 0.581207 0.806861 0.105706
vn 0.931507 0.324190 -0.164911
vn 0.937386 0.321934 -0.132911
vn 0.940032 -0.294489 -0.172094
vn 0.945036 -0.298193 -0.134115
vn 0.582222 -0.805887 -0.107540
vn 0.583980 -0.806948 -0.088334
vn -0.000025 -1.000000 -0.000407
vn -0.000023 -1.000000 -0.000408
vn -0.573635 -0.813263 0.097708
vn -0.572151 -0.813297 0.105792
vn -0.934418 -0.323469 0.149098
vn -0.928088 -0.325582 0.180689
vn -0.943954 0.297944 0.142056
vn -0.938585 0.293958 0.180684
vn -0.583345 0.807595 0.086596
vn -0.581771 0.806486 0.105464
vn 0.000023 1.000000 0.000408
vn 0.000025 1.000000 0.000407
vn 0.573786 0.813379 -0.095830
vn 0.575510 0.813271 -0.085900
vn 0.925168 0.292511 -0.241869
vn 0.915128 0.304096 -0.264701
vn 0.925646 -0.354363 -0.132687
vn 0.923232 -0.329268 -0.198053
vn 0.556349 -0.830924 0.006413
vn 0.562317 -0.825480 -0.048811
vn 0.008334 -0.990312 0.138610
vn 0.007560 -0.992029 0.125784
vn -0.545002 -0.802949 0.241341
vn -0.543896 -0.801807 0.247554
vn -0.913996 -0.304291 0.268362
vn -0.923808 -0.293344 0.246024
vn -0.925703 0.335164 0.175326
vn -0.927265 0.358137 0.109165
vn -0.562445 0.826804 -0.007113
vn -0.556350 0.828641 -0.061884
vn -0.010535 0.984502 -0.175055
vn -0.011076 0.982861 -0.184015
vn 0.543276 0.797937 -0.261052
vn 0.544863 0.799940 -0.251438
vn 0.605282 0.400050 -0.688181
vn 0.605282 0.400050 -0.688181
vn 0.595069 0.608566 -0.524919
vn 0.585578 0.655853 -0.476398
vn 0.045786 0.482800 -0.874533
vn 0.045786 0.482800 -0.874533
vn 0.012068 0.797180 -0.603622
vn 0.009021 0.818121 -0.574976
vn -0.530111 0.400055 -0.747622
vn -0.530111 0.400055 -0.747622
vn -0.566551 0.690615 -0.449523
vn -0.567243 0.673751 -0.473598
vn -0.929984 0.160915 -0.330508
vn -0.929984 0.160915 -0.330508
vn -0.940103 0.310065 -0.141653
vn -0.942542 0.279668 -0.182759
vn -0.959040 -0.166041 0.229506
vn -0.959040 -0.166041 0.229506
vn -0.952077 -0.226768 0.205247
vn -0.954536 -0.209137 0.212422
vn -0.601065 -0.433037 0.671715
vn -0.601065 -0.433037 0.671715
vn -0.581876 -0.672930 0.456712
vn -0.592532 -0.618739 0.515818
vn -0.044281 -0.530803 0.846338
vn -0.044281 -0.530803 0.846338
vn -0.010618 -0.836349 0.548094
vn -0.014571 -0.809187 0.587370
vn 0.527668 -0.433030 0.730788
vn 0.527668 -0.433030 0.730788
vn 0.563907 -0.683626 0.463319
vn 0.563512 -0.699620 0.439302
vn 0.929832 -0.166049 0.328390
vn 0.929832 -0.166049 0.328390
vn 0.942578 -0.279098 0.183444
vn 0.940414 -0.309123 0.141651
vn 0.959407 0.160917 -0.231610
vn 0.959407 0.160917 -0.231610
vn 0.954924 0.206153 -0.213592
vn 0.952656 0.222973 -0.206711
vn 0.001100 -0.999422 -0.033990
vn 0.001054 -0.999445 -0.033293
vn 0.001758 -0.999435 -0.033576
vn 0.002456 -0.999422 -0.033920
vn 0.002429 -0.999445 -0.033221
vn 0.001725 -0.999455 -0.032956
vn 0.001617 -0.999427 -0.033801
vn 0.001628 -0.999422 -0.033954
vn 0.001925 -0.999422 -0.033938
vn 0.001919 -0.999427 -0.033785
vn 0.001725 -0.999455 -0.032956
vn 0.001641 -0.999595 -0.028419
vn 0.001647 -0.999590 -0.028575
vn 0.001477 -0.999601 -0.028211
vn 0.001345 -0.999590 -0.028591
vn 0.001335 -0.999595 -0.028435
vn 0.001444 -0.999618 -0.027588
vn 0.002147 -0.999610 -0.027857
vn 0.002174 -0.999590 -0.028555
vn 0.000819 -0.999590 -0.028625
vn 0.000773 -0.999610 -0.027927
vn 0.001444 -0.999618 -0.027588
vn 0.920212 0.204609 0.333685
vn 0.920841 0.204620 0.331939
vn 0.924154 0.204668 0.322568
vn 0.924154 0.204668 0.322568
vn 0.951483 -0.305045 -0.040339
vn 0.952962 -0.298065 -0.054959
vn 0.951869 -0.212933 -0.220467
vn 0.951869 -0.212933 -0.220467
vn 0.595581 -0.696251 -0.400646
vn 0.595617 -0.702571 -0.389402
vn 0.572067 -0.538480 -0.618691
vn 0.572067 -0.538480 -0.618691
vn 0.031629 -0.796045 -0.604411
vn 0.029660 -0.823352 -0.566755
vn 0.039805 -0.647841 -0.760735
vn 0.039805 -0.647841 -0.760735
vn -0.529146 -0.611809 -0.587958
vn -0.535241 -0.632357 -0.560037
vn -0.504326 -0.538488 -0.675045
vn -0.504326 -0.538488 -0.675045
vn -0.919139 -0.206247 -0.335629
vn -0.918125 -0.204799 -0.339270
vn -0.923653 -0.212928 -0.318633
vn -0.923653 -0.212928 -0.318633
vn -0.954921 0.289267 0.066717
vn -0.953907 0.294944 0.055404
vn -0.952787 0.204660 0.224304
vn -0.952786 0.204660 0.224304
vn -0.605178 0.666196 0.435823
vn -0.605059 0.657841 0.448496
vn -0.580742 0.489652 0.650369
vn -0.580743 0.489652 0.650369
vn -0.032641 0.781003 0.623674
vn -0.034200 0.756185 0.653463
vn -0.042597 0.579472 0.813878
vn -0.042597 0.579472 0.813878
vn 0.540344 0.609054 0.580587
vn 0.536122 0.589191 0.604506
vn 0.509668 0.489651 0.707447
vn 0.509668 0.489651 0.707447
vn 0.950463 0.278158 0.138738
vn 0.950653 0.279350 0.134993
vn 0.941941 -0.334990 0.022989
vn 0.943083 -0.332142 0.016588
vn 0.594356 -0.799739 -0.084604
vn 0.596411 -0.798294 -0.083788
vn 0.037817 -0.985739 -0.163978
vn 0.039465 -0.987730 -0.151101
vn -0.566034 -0.800505 -0.196970
vn -0.565577 -0.804537 -0.181226
vn -0.949961 -0.272861 -0.152057
vn -0.950275 -0.274490 -0.147078
vn -0.939852 0.339316 -0.039278
vn -0.939537 0.340015 -0.040754
vn -0.595522 0.798177 0.090930
vn -0.594642 0.798575 0.093160
vn -0.037667 0.981313 0.188697
vn -0.036847 0.979955 0.195782
vn 0.566130 0.797272 0.209413
vn 0.566185 0.796160 0.213458
vn 0.905128 0.369758 -0.209813
vn 0.921072 0.357566 -0.154184
vn 0.944804 -0.251128 -0.210431
vn 0.950588 -0.263125 -0.164764
vn 0.618416 -0.775410 -0.127680
vn 0.618770 -0.776854 -0.116713
vn 0.056672 -0.998321 -0.012008
vn 0.056784 -0.998325 -0.011113
vn -0.530598 -0.842422 0.093760
vn -0.524296 -0.843619 0.115845
vn -0.919984 -0.358496 0.158464
vn -0.906875 -0.368537 0.204348
vn -0.950584 0.263104 0.164825
vn -0.944861 0.251182 0.210106
vn -0.618844 0.777065 0.114902
vn -0.618363 0.775131 0.129616
vn -0.056536 0.998315 0.013084
vn -0.056901 0.998328 0.010183
vn 0.524049 0.843628 -0.116897
vn 0.530910 0.842330 -0.092818
vn 0.913826 0.357978 -0.191766
vn 0.910019 0.361209 -0.203455
vn 0.948145 -0.261829 -0.180184
vn 0.942972 -0.250845 -0.218817
vn 0.604087 -0.789979 -0.104939
vn 0.608058 -0.782381 -0.134704
vn 0.023253 -0.999729 -0.001207
vn 0.033116 -0.999450 -0.001527
vn -0.549314 -0.828950 0.105336
vn -0.543697 -0.831485 0.114134
vn -0.914378 -0.358409 0.188297
vn -0.916532 -0.356408 0.181501
vn -0.943812 0.251844 0.213993
vn -0.947554 0.259872 0.186034
vn -0.608312 0.778631 0.153914
vn -0.605333 0.786155 0.124629
vn -0.032242 0.999268 0.020599
vn -0.023669 0.999604 0.015237
vn 0.543115 0.831391 -0.117541
vn 0.548644 0.828975 -0.108586
vn 0.942316 0.312379 0.120246
vn 0.945261 0.315750 0.082365
vn 0.943159 -0.308992 0.122373
vn 0.947411 -0.306575 0.091783
vn 0.581641 -0.810212 0.072462
vn 0.582633 -0.810072 0.065741
vn 0.000055 -1.000000 -0.000422
vn 0.000057 -1.000000 -0.000420
vn -0.581166 -0.811466 -0.061392
vn -0.580042 -0.810505 -0.081443
vn -0.944363 -0.314650 -0.095783
vn -0.941043 -0.311245 -0.132532
vn -0.947189 0.305880 -0.096284
vn -0.943049 0.308003 -0.125669
vn -0.584369 0.809170 -0.061284
vn -0.583304 0.809305 -0.069160
vn -0.000057 1.000000 0.000420
vn -0.000055 1.000000 0.000422
vn 0.580936 0.810906 0.070322
vn 0.581828 0.811660 0.051814
vn 0.899195 0.298364 0.320043
vn 0.901486 0.297615 0.314243
vn 0.893083 -0.315709 0.320516
vn 0.895023 -0.315933 0.314832
vn 0.553535 -0.808931 0.198063
vn 0.554635 -0.808742 0.195747
vn 0.000108 -1.000000 -0.000385
vn 0.000107 -1.000000 -0.000386
vn -0.561291 -0.804231 -0.195358
vn -0.560437 -0.804460 -0.196863
vn -0.903682 -0.297653 -0.307834
vn -0.901294 -0.298338 -0.314107
vn -0.899653 0.315076 -0.302244
vn -0.896746 0.315168 -0.310671
vn -0.557543 0.808770 -0.187183
vn -0.555714 0.809014 -0.191517
vn -0.000107 1.000000 0.000385
vn -0.000108 1.000000 0.000385
vn 0.560037 0.804971 0.195908
vn 0.560917 0.804803 0.194072
vn 0.898936 0.302219 0.317142
vn 0.896791 0.302130 0.323241
vn 0.895352 -0.314893 0.314940
vn 0.893750 -0.314883 0.319469
vn 0.552980 -0.810145 0.194621
vn 0.552666 -0.810137 0.195548
vn 0.000119 -1.000000 -0.000390
vn 0.000118 -1.000000 -0.000391
vn -0.555826 -0.807142 -0.198947
vn -0.556900 -0.807178 -0.195769
vn -0.896974 -0.302151 -0.322712
vn -0.899119 -0.302237 -0.316602
vn -0.892756 0.315289 -0.321839
vn -0.894456 0.315266 -0.317107
vn -0.551565 0.810259 -0.198131
vn -0.551885 0.810265 -0.197217
vn -0.000118 1.000000 0.000391
vn -0.000119 1.000000 0.000390
vn 0.556411 0.807046 0.197696
vn 0.555265 0.806993 0.201103
vn 0.913056 0.299472 0.276850
vn 0.912154 0.300033 0.279205
vn 0.908188 -0.316723 0.273643
vn 0.907638 -0.316426 0.275803
vn 0.561214 -0.810294 0.168706
vn 0.561047 -0.810287 0.169299
vn 0.000095 -1.000000 -0.000399
vn 0.000095 -1.000000 -0.000399
vn -0.565648 -0.806365 -0.172678
vn -0.566228 -0.806206 -0.171518
vn -0.911938 -0.299967 -0.279982
vn -0.912808 -0.299376 -0.277769
vn -0.906413 0.316795 -0.279386
vn -0.906825 0.317135 -0.277657
vn -0.559977 0.810349 -0.172511
vn -0.560090 0.810358 -0.172100
vn -0.000095 1.000000 0.000399
vn -0.000096 1.000000 0.000399
vn 0.565978 0.806020 0.173208
vn 0.565404 0.806198 0.174249
vn 0.941895 0.301812 0.147454
vn 0.938580 0.301310 0.168168
vn 0.938211 -0.315330 0.142573
vn 0.934633 -0.316154 0.162810
vn 0.578897 -0.810553 0.088781
vn 0.577365 -0.810747 0.096640
vn 0.000046 -1.000000 -0.000416
vn 0.000046 -1.000000 -0.000416
vn -0.581105 -0.807516 -0.101170
vn -0.582489 -0.807556 -0.092521
vn -0.937787 -0.301292 -0.172564
vn -0.941243 -0.301896 -0.151398
vn -0.931898 0.317282 -0.175781
vn -0.935571 0.316575 -0.156482
vn -0.575376 0.810888 -0.106787
vn -0.576718 0.810753 -0.100384
vn -0.000046 1.000000 0.000416
vn -0.000047 1.000000 0.000416
vn 0.582764 0.806858 0.096782
vn 0.581209 0.806859 0.105709
vn 0.931508 0.324189 -0.164910
vn 0.937386 0.321934 -0.132913
vn 0.940033 -0.294483 -0.172098
vn 0.945038 -0.298189 -0.134110
vn 0.582221 -0.805888 -0.107537
vn 0.583979 -0.806948 -0.088337
vn -0.000025 -1.000000 -0.000407
vn -0.000023 -1.000000 -0.000408
vn -0.573635 -0.813263 0.097706
vn -0.572150 -0.813297 0.105793
vn -0.934418 -0.323469 0.149099
vn -0.928089 -0.325583 0.180686
vn -0.943954 0.297944 0.142055
vn -0.938585 0.293957 0.180684
vn -0.583344 0.807595 0.086598
vn -0.581771 0.806486 0.105464
vn 0.000023 1.000000 0.000408
vn 0.000025 1.000000 0.000407
vn 0.573784 0.813381 -0.095828
vn 0.575507 0.813273 -0.085901
vn 0.925168 0.292512 -0.241871
vn 0.915128 0.304094 -0.264701
vn 0.925647 -0.354362 -0.132685
vn 0.923233 -0.329262 -0.198058
vn 0.556359 -0.830917 0.006411
vn 0.562324 -0.825475 -0.048809
vn 0.008332 -0.990312 0.138609
vn 0.007559 -0.992029 0.125785
vn -0.545009 -0.802944 0.241340
vn -0.543904 -0.801802 0.247553
vn -0.913995 -0.304294 0.268364
vn -0.923807 -0.293346 0.246024
vn -0.925704 0.335161 0.175324
vn -0.927267 0.358133 0.109165
vn -0.562447 0.826803 -0.007112
vn -0.556351 0.828640 -0.061885
vn -0.010526 0.984503 -0.175053
vn -0.011067 0.982860 -0.184019
vn 0.543278 0.797935 -0.261052
vn 0.544865 0.799939 -0.251435
vn 0.145652 0.400050 -0.904845
vn 0.145652 0.400050 -0.904845
vn 0.223980 0.608571 -0.761232
vn 0.241796 0.655858 -0.715112
vn -0.427158 0.482788 -0.764494
vn -0.427159 0.482788 -0.764494
vn -0.311360 0.797175 -0.517269
vn -0.298678 0.818116 -0.491404
vn -0.846885 0.400063 -0.350335
vn -0.846885 0.400063 -0.350335
vn -0.718928 0.690623 -0.078632
vn -0.732339 0.673758 -0.098639
vn -0.963112 0.160914 0.215690
vn -0.963112 0.160914 0.215690
vn -0.871070 0.310067 0.380913
vn -0.895033 0.279668 0.347422
vn -0.689375 -0.166042 0.705118
vn -0.689375 -0.166042 0.705118
vn -0.696411 -0.226764 0.680875
vn -0.694668 -0.209136 0.688258
vn -0.150885 -0.433030 0.888661
vn -0.150885 -0.433030 0.888661
vn -0.249165 -0.672929 0.696479
vn -0.226700 -0.618735 0.752180
vn 0.413336 -0.530806 0.739864
vn 0.413336 -0.530806 0.739864
vn 0.282973 -0.836352 0.469513
vn 0.300551 -0.809183 0.504869
vn 0.835859 -0.433028 0.337381
vn 0.835859 -0.433028 0.337381
vn 0.724050 -0.683621 0.091729
vn 0.710916 -0.699623 0.071604
vn 0.961852 -0.166051 -0.217410
vn 0.961852 -0.166051 -0.217410
vn 0.895425 -0.279104 -0.346864
vn 0.871333 -0.309127 -0.381077
vn 0.688583 0.160912 -0.707080
vn 0.688583 0.160912 -0.707079
vn 0.694382 0.206149 -0.689447
vn 0.696127 0.222970 -0.682416
vn -0.017176 -0.999422 -0.029353
vn -0.016844 -0.999445 -0.028738
vn -0.016399 -0.999435 -0.029352
vn -0.015992 -0.999422 -0.030014
vn -0.015642 -0.999445 -0.029409
vn -0.016095 -0.999455 -0.028810
vn -0.016637 -0.999427 -0.029466
vn -0.016710 -0.999422 -0.029603
vn -0.016449 -0.999422 -0.029748
vn -0.016372 -0.999427 -0.029614
vn -0.016096 -0.999455 -0.028810
vn -0.013751 -0.999595 -0.024926
vn -0.013828 -0.999590 -0.025061
vn -0.013778 -0.999601 -0.024661
vn -0.014091 -0.999590 -0.024913
vn -0.014017 -0.999595 -0.024776
vn -0.013473 -0.999618 -0.024118
vn -0.013020 -0.999610 -0.024717
vn -0.013369 -0.999590 -0.025322
vn -0.014554 -0.999590 -0.024662
vn -0.014223 -0.999610 -0.024047
vn -0.013475 -0.999618 -0.024118
vn 0.956534 0.204606 -0.207795
vn 0.956137 0.204616 -0.209608
vn 0.953951 0.204655 -0.219305
vn 0.953951 0.204655 -0.219305
vn 0.783750 -0.305049 -0.541000
vn 0.777214 -0.298071 -0.554159
vn 0.688111 -0.212942 -0.693656
vn 0.688111 -0.212942 -0.693656
vn 0.290588 -0.696261 -0.656338
vn 0.296610 -0.702582 -0.646839
vn 0.154516 -0.538485 -0.828347
vn 0.154516 -0.538485 -0.828347
vn -0.295175 -0.796048 -0.528374
vn -0.276786 -0.823355 -0.495455
vn -0.371511 -0.647847 -0.665037
vn -0.371511 -0.647847 -0.665037
vn -0.761021 -0.611813 -0.215712
vn -0.751306 -0.632359 -0.188841
vn -0.786412 -0.538486 -0.302636
vn -0.786412 -0.538486 -0.302636
vn -0.956661 -0.206251 0.205571
vn -0.957743 -0.204803 0.201950
vn -0.951431 -0.212934 0.222348
vn -0.951431 -0.212934 0.222348
vn -0.772613 0.289272 0.565147
vn -0.777780 0.294947 0.555036
vn -0.686852 0.204664 0.697386
vn -0.686852 0.204664 0.697386
vn -0.280003 0.666202 0.691211
vn -0.273147 0.657842 0.701879
vn -0.145024 0.489657 0.859770
vn -0.145024 0.489657 0.859770
vn 0.304603 0.781003 0.545208
vn 0.319151 0.756185 0.571251
vn 0.397490 0.579477 0.711484
vn 0.397490 0.579477 0.711484
vn 0.766575 0.609053 0.203512
vn 0.775742 0.589191 0.226005
vn 0.808188 0.489654 0.327218
vn 0.808188 0.489654 0.327218
vn 0.878289 0.278158 -0.388893
vn 0.876452 0.279351 -0.392167
vn 0.809418 -0.334983 -0.482317
vn 0.806976 -0.332137 -0.488338
vn 0.457933 -0.799742 -0.388213
vn 0.460107 -0.798297 -0.388617
vn -0.055349 -0.985739 -0.158919
vn -0.047095 -0.987730 -0.148899
vn -0.583954 -0.800512 0.134827
vn -0.575183 -0.804542 0.147904
vn -0.884956 -0.272864 0.377357
vn -0.882571 -0.274493 0.381737
vn -0.816327 0.339317 0.467412
vn -0.816846 0.340015 0.465997
vn -0.455559 0.798176 0.394184
vn -0.453627 0.798574 0.395603
vn 0.068645 0.981312 0.179762
vn 0.073113 0.979954 0.185322
vn 0.590677 0.797269 -0.124347
vn 0.592878 0.796157 -0.120954
vn 0.654253 0.369751 -0.659725
vn 0.697376 0.357560 -0.621142
vn 0.687500 -0.251116 -0.681384
vn 0.716723 -0.263115 -0.645816
vn 0.455351 -0.775413 -0.437482
vn 0.461493 -0.776856 -0.428391
vn 0.041565 -0.998321 -0.040351
vn 0.042137 -0.998325 -0.039654
vn -0.399099 -0.842424 0.361996
vn -0.382003 -0.843620 0.377331
vn -0.694176 -0.358499 0.624177
vn -0.658639 -0.368541 0.656027
vn -0.716683 0.263107 0.645864
vn -0.687722 0.251188 0.681133
vn -0.462523 0.777066 0.426896
vn -0.454278 0.775133 0.439091
vn -0.040877 0.998315 0.041190
vn -0.042731 0.998328 0.038930
vn 0.381234 0.843627 -0.378092
vn 0.399868 0.842330 -0.361368
vn 0.671221 0.357974 -0.649089
vn 0.661775 0.361204 -0.656952
vn 0.706440 -0.261819 -0.657566
vn 0.681481 -0.250833 -0.687507
vn 0.455337 -0.789983 -0.410604
vn 0.442844 -0.782387 -0.437905
vn 0.019037 -0.999729 -0.013408
vn 0.027214 -0.999450 -0.018934
vn -0.408780 -0.828947 0.381767
vn -0.399337 -0.831483 0.386221
vn -0.673537 -0.358412 0.646444
vn -0.678982 -0.356410 0.641837
vn -0.684762 0.251848 0.683867
vn -0.702820 0.259876 0.662200
vn -0.432824 0.778636 0.454300
vn -0.445900 0.786161 0.427931
vn -0.016314 0.999268 0.034608
vn -0.011914 0.999604 0.025504
vn 0.397029 0.831389 -0.388794
vn 0.406480 0.828973 -0.384160
vn 0.861544 0.312377 -0.400202
vn 0.843856 0.315749 -0.433832
vn 0.863391 -0.308986 -0.398852
vn 0.850693 -0.306569 -0.427009
vn 0.530842 -0.810215 -0.248513
vn 0.528102 -0.810076 -0.254727
vn -0.000179 -1.000000 -0.000386
vn -0.000176 -1.000000 -0.000386
vn -0.524549 -0.811464 0.257631
vn -0.534280 -0.810504 0.240061
vn -0.850244 -0.314651 0.421995
vn -0.867008 -0.311247 0.389129
vn -0.852902 0.305880 0.423079
vn -0.865050 0.308001 0.396010
vn -0.527196 0.809174 0.259427
vn -0.530491 0.809308 0.252193
vn 0.000176 1.000000 0.000386
vn 0.000178 1.000000 0.000386
vn 0.529110 0.810905 -0.249952
vn 0.520008 0.811658 -0.266087
vn 0.931480 0.298366 -0.208143
vn 0.930329 0.297617 -0.214272
vn 0.926558 -0.315713 -0.204489
vn 0.925173 -0.315935 -0.210332
vn 0.573967 -0.808932 -0.127244
vn 0.573663 -0.808743 -0.129790
vn -0.000114 -1.000000 -0.000383
vn -0.000115 -1.000000 -0.000383
vn -0.579092 -0.804230 0.133666
vn -0.579171 -0.804459 0.131937
vn -0.928774 -0.297653 0.220867
vn -0.930095 -0.298337 0.214286
vn -0.922387 0.315072 0.223454
vn -0.924416 0.315164 0.214772
vn -0.571562 0.808771 0.138587
vn -0.572323 0.809015 0.133944
vn 0.000115 1.000000 0.000383
vn 0.000114 1.000000 0.000383
vn 0.578323 0.804971 -0.132533
vn 0.578090 0.804803 -0.134555
vn 0.929715 0.302220 -0.210461
vn 0.931148 0.302132 -0.204157
vn 0.925507 -0.314900 -0.210416
vn 0.926563 -0.314890 -0.205729
vn 0.571666 -0.810144 -0.129863
vn 0.571893 -0.810136 -0.128911
vn -0.000107 -1.000000 -0.000393
vn -0.000109 -1.000000 -0.000394
vn -0.576377 -0.807142 0.127718
vn -0.575593 -0.807178 0.130978
vn -0.931023 -0.302149 0.204702
vn -0.929584 -0.302236 0.211017
vn -0.926989 0.315284 0.203194
vn -0.925906 0.315261 0.208105
vn -0.572334 0.810261 0.126137
vn -0.572118 0.810267 0.127080
vn 0.000108 1.000000 0.000394
vn 0.000107 1.000000 0.000393
vn 0.576204 0.807047 -0.129088
vn 0.577050 0.806994 -0.125593
vn 0.920202 0.299470 -0.252082
vn 0.920694 0.300031 -0.249608
vn 0.914374 -0.316725 -0.252203
vn 0.915059 -0.316428 -0.250082
vn 0.564829 -0.810294 -0.156181
vn 0.565003 -0.810286 -0.155590
vn -0.000132 -1.000000 -0.000389
vn -0.000132 -1.000000 -0.000388
vn -0.570696 -0.806366 0.155179
vn -0.570570 -0.806206 0.156470
vn -0.920924 -0.299967 0.248837
vn -0.920481 -0.299376 0.251174
vn -0.915932 0.316793 0.246397
vn -0.915359 0.317134 0.248079
vn -0.565808 0.810349 0.152301
vn -0.565685 0.810358 0.152709
vn 0.000132 1.000000 0.000388
vn 0.000132 1.000000 0.000389
vn 0.571254 0.806023 -0.154907
vn 0.571322 0.806201 -0.153720
vn 0.875679 0.301809 -0.376958
vn 0.883909 0.301308 -0.357658
vn 0.869963 -0.315330 -0.379119
vn 0.877713 -0.316154 -0.360092
vn 0.537214 -0.810555 -0.233241
vn 0.540105 -0.810749 -0.225772
vn -0.000182 -1.000000 -0.000377
vn -0.000183 -1.000000 -0.000377
vn -0.545687 -0.807514 0.223935
vn -0.542252 -0.807555 0.231987
vn -0.885579 -0.301293 0.353514
vn -0.877227 -0.301897 0.373270
vn -0.882310 0.317280 0.347653
vn -0.875137 0.316572 0.365947
vn -0.543829 0.810888 0.216128
vn -0.541553 0.810753 0.222259
vn 0.000183 1.000000 0.000377
vn 0.000182 1.000000 0.000377
vn 0.544748 0.806861 -0.228528
vn 0.548187 0.806862 -0.220146
vn 0.700494 0.324189 -0.635775
vn 0.722512 0.321934 -0.611829
vn 0.703879 -0.294489 -0.646399
vn 0.728349 -0.298194 -0.616918
vn 0.435452 -0.805887 -0.401157
vn 0.447167 -0.806948 -0.385844
vn -0.000238 -1.000000 -0.000331
vn -0.000237 -1.000000 -0.000333
vn -0.433419 -0.813267 0.388260
vn -0.427854 -0.813301 0.394314
vn -0.711379 -0.323466 0.623947
vn -0.689197 -0.325579 0.647307
vn -0.723206 0.297939 0.623062
vn -0.698083 0.293952 0.652896
vn -0.447550 0.807600 0.384033
vn -0.436171 0.806491 0.399158
vn 0.000237 1.000000 0.000333
vn 0.000238 1.000000 0.000331
vn 0.434547 0.813383 -0.386753
vn 0.441295 0.813274 -0.379268
vn 0.654131 0.292512 -0.697531
vn 0.633473 0.304096 -0.711504
vn 0.712697 -0.354369 -0.605381
vn 0.675833 -0.329272 -0.659416
vn 0.474265 -0.830919 -0.290941
vn 0.449896 -0.825476 -0.340858
vn 0.080894 -0.990312 0.112867
vn 0.073407 -0.992029 0.102425
vn -0.332682 -0.802949 0.494566
vn -0.328438 -0.801805 0.499237
vn -0.630566 -0.304287 0.714000
vn -0.650769 -0.293340 0.700323
vn -0.690033 0.335159 0.641501
vn -0.726598 0.358133 0.586342
vn -0.479786 0.826806 0.293593
vn -0.503805 0.828642 0.243994
vn -0.102160 0.984503 -0.142538
vn -0.107395 0.982860 -0.149839
vn 0.320714 0.797939 -0.510329
vn 0.327180 0.799942 -0.503036
vn -0.905299 0.400043 -0.142824
vn -0.905299 0.400043 -0.142824
vn -0.761937 0.608560 -0.221601
vn -0.715874 0.655847 -0.239561
vn -0.763176 0.482791 0.429505
vn -0.763176 0.482791 0.429505
vn -0.516302 0.797177 0.312957
vn -0.490478 0.818116 0.300197
vn -0.347637 0.400058 0.847999
vn -0.347637 0.400058 0.847999
vn -0.076366 0.690612 0.719182
vn -0.096328 0.673748 0.732656
vn 0.218653 0.160924 0.962442
vn 0.218653 0.160924 0.962442
vn 0.383610 0.310081 0.869881
vn 0.350191 0.279682 0.893949
vn 0.707271 -0.166048 0.687165
vn 0.707271 -0.166048 0.687165
vn 0.683049 -0.226771 0.694276
vn 0.690427 -0.209143 0.692510
vn 0.889135 -0.433019 0.148099
vn 0.889135 -0.433019 0.148099
vn 0.697267 -0.672921 0.246976
vn 0.752893 -0.618728 0.224338
vn 0.738557 -0.530809 -0.415662
vn 0.738557 -0.530809 -0.415662
vn 0.468618 -0.836357 -0.284438
vn 0.503922 -0.809185 -0.302129
vn 0.334816 -0.433030 -0.836889
vn 0.334816 -0.433030 -0.836889
vn 0.089488 -0.683624 -0.724327
vn 0.069405 -0.699624 -0.711132
vn -0.220461 -0.166037 -0.961160
vn -0.220461 -0.166037 -0.961160
vn -0.349684 -0.279085 -0.894334
vn -0.383819 -0.309111 -0.870134
vn -0.709227 0.160926 -0.686367
vn -0.709227 0.160926 -0.686367
vn -0.691612 0.206159 -0.692222
vn -0.684587 0.222978 -0.693989
vn -0.029297 -0.999422 0.017269
vn -0.028684 -0.999445 0.016933
vn -0.029300 -0.999435 0.016490
vn -0.029964 -0.999422 0.016086
vn -0.029361 -0.999445 0.015734
vn -0.028759 -0.999455 0.016184
vn -0.029414 -0.999427 0.016728
vn -0.029549 -0.999422 0.016802
vn -0.029696 -0.999422 0.016540
vn -0.029564 -0.999427 0.016463
vn -0.028759 -0.999455 0.016184
vn -0.024883 -0.999595 0.013829
vn -0.025016 -0.999590 0.013907
vn -0.024618 -0.999601 0.013855
vn -0.024868 -0.999590 0.014167
vn -0.024733 -0.999595 0.014093
vn -0.024076 -0.999618 0.013550
vn -0.024677 -0.999610 0.013100
vn -0.025281 -0.999590 0.013449
vn -0.024616 -0.999590 0.014631
vn -0.024002 -0.999610 0.014298
vn -0.024075 -0.999618 0.013549
vn -0.210778 0.204606 -0.955881
vn -0.212589 0.204617 -0.955478
vn -0.222276 0.204663 -0.953261
vn -0.222276 0.204663 -0.953261
vn -0.543438 -0.305051 -0.782061
vn -0.556577 -0.298071 -0.775484
vn -0.695787 -0.212936 -0.685959
vn -0.695787 -0.212936 -0.685959
vn -0.657243 -0.696250 -0.288562
vn -0.647762 -0.702571 -0.294614
vn -0.828825 -0.538475 -0.151967
vn -0.828825 -0.538475 -0.151967
vn -0.527453 -0.796041 0.296838
vn -0.494593 -0.823348 0.278346
vn -0.663873 -0.647833 0.373611
vn -0.663873 -0.647833 0.373611
vn -0.213348 -0.611808 0.761692
vn -0.186503 -0.632356 0.751893
vn -0.300200 -0.538478 0.787351
vn -0.300200 -0.538478 0.787351
vn 0.208558 -0.206251 0.956015
vn 0.204940 -0.204803 0.957108
vn 0.225327 -0.212936 0.950729
vn 0.225327 -0.212936 0.950729
vn 0.567562 0.289266 0.770843
vn 0.557468 0.294940 0.776041
vn 0.699538 0.204655 0.684663
vn 0.699538 0.204655 0.684663
vn 0.692092 0.666195 0.277838
vn 0.702730 0.657840 0.270954
vn 0.860218 0.489656 0.142348
vn 0.860218 0.489656 0.142348
vn 0.544245 0.781009 -0.306303
vn 0.570244 0.756190 -0.320935
vn 0.710232 0.579479 -0.399719
vn 0.710232 0.579479 -0.399719
vn 0.201129 0.609056 -0.767201
vn 0.223591 0.589194 -0.776439
vn 0.324697 0.489656 -0.809203
vn 0.324697 0.489656 -0.809203
vn -0.391634 0.278160 -0.877069
vn -0.394902 0.279352 -0.875223
vn -0.484844 -0.335000 -0.807899
vn -0.490860 -0.332153 -0.805438
vn -0.389638 -0.799739 -0.456727
vn -0.390049 -0.798294 -0.458899
vn -0.158749 -0.985739 0.055843
vn -0.148754 -0.987730 0.047557
vn 0.136650 -0.800513 0.583529
vn 0.149697 -0.804542 0.574720
vn 0.380117 -0.272864 0.883774
vn 0.384487 -0.274493 0.881376
vn 0.469954 0.339323 0.814864
vn 0.468541 0.340020 0.815387
vn 0.395619 0.798172 0.454320
vn 0.397032 0.798571 0.452383
vn 0.179540 0.981314 -0.069199
vn 0.185084 0.979957 -0.073683
vn -0.126185 0.797274 -0.590281
vn -0.122796 0.796161 -0.592493
vn -0.661764 0.369759 -0.652186
vn -0.623315 0.357568 -0.695430
vn -0.683529 -0.251135 -0.685361
vn -0.648052 -0.263136 -0.714695
vn -0.438908 -0.775408 -0.453986
vn -0.429836 -0.776851 -0.460156
vn -0.040482 -0.998321 -0.041439
vn -0.039786 -0.998325 -0.042014
vn 0.363238 -0.842426 0.397966
vn 0.378520 -0.843621 0.380823
vn 0.626345 -0.358502 0.692220
vn 0.658083 -0.368543 0.656584
vn 0.648099 0.263116 0.714659
vn 0.683281 0.251194 0.685587
vn 0.428348 0.777059 0.461191
vn 0.440516 0.775125 0.452909
vn 0.041317 0.998315 0.040748
vn 0.039063 0.998328 0.042609
vn -0.379279 0.843628 -0.380053
vn -0.362615 0.842330 -0.398737
vn -0.651184 0.357972 -0.669190
vn -0.659018 0.361203 -0.659719
vn -0.659769 -0.261832 -0.704378
vn -0.689632 -0.250847 -0.679326
vn -0.412031 -0.789977 -0.454056
vn -0.439296 -0.782379 -0.441477
vn -0.013468 -0.999729 -0.018995
vn -0.019019 -0.999450 -0.027155
vn 0.383040 -0.828950 0.407581
vn 0.387465 -0.831485 0.398126
vn 0.648545 -0.358411 0.671513
vn 0.643956 -0.356409 0.676973
vn 0.686005 0.251845 0.682621
vn 0.664397 0.259869 0.700746
vn 0.455657 0.778630 0.431408
vn 0.429324 0.786156 0.444568
vn 0.034660 0.999268 0.016206
vn 0.025541 0.999604 0.011834
vn -0.390028 0.831391 -0.395812
vn -0.385425 0.828976 -0.405274
vn -0.402891 0.312361 -0.860296
vn -0.436471 0.315734 -0.842499
vn -0.401555 -0.308983 -0.862138
vn -0.429665 -0.306569 -0.849355
vn -0.250169 -0.810212 -0.530068
vn -0.256377 -0.810072 -0.527308
vn -0.000386 -1.000000 0.000180
vn -0.000385 -1.000000 0.000177
vn 0.259265 -0.811468 0.523738
vn 0.241728 -0.810507 0.533522
vn 0.424655 -0.314647 0.848920
vn 0.391839 -0.311242 0.865789
vn 0.425743 0.305868 0.851580
vn 0.398710 0.307990 0.863813
vn 0.261070 0.809174 0.526384
vn 0.253845 0.809308 0.529701
vn 0.000385 1.000000 -0.000177
vn 0.000386 1.000000 -0.000180
vn -0.251601 0.810913 -0.528316
vn -0.267708 0.811666 -0.519164
vn -0.211053 0.298345 -0.930831
vn -0.217177 0.297596 -0.929662
vn -0.207381 -0.315703 -0.925918
vn -0.213223 -0.315925 -0.924515
vn -0.129037 -0.808929 -0.573571
vn -0.131581 -0.808740 -0.573259
vn -0.000383 -1.000000 0.000115
vn -0.000383 -1.000000 0.000116
vn 0.135473 -0.804230 0.578671
vn 0.133744 -0.804459 0.578756
vn 0.223770 -0.297650 0.928080
vn 0.217193 -0.298334 0.929421
vn 0.226334 0.315064 0.921687
vn 0.217662 0.315156 0.923743
vn 0.140371 0.808774 0.571122
vn 0.135731 0.809018 0.571897
vn 0.000383 1.000000 -0.000117
vn 0.000383 1.000000 -0.000115
vn -0.134335 0.804982 -0.577891
vn -0.136357 0.804814 -0.577651
vn -0.213367 0.302214 -0.929054
vn -0.207069 0.302123 -0.930508
vn -0.213305 -0.314899 -0.924846
vn -0.208620 -0.314888 -0.925918
vn -0.131650 -0.810143 -0.571259
vn -0.130699 -0.810134 -0.571490
vn -0.000393 -1.000000 0.000108
vn -0.000393 -1.000000 0.000109
vn 0.129520 -0.807142 0.575974
vn 0.132779 -0.807179 0.575180
vn 0.207611 -0.302146 0.930380
vn 0.213922 -0.302232 0.928920
vn 0.206093 0.315284 0.926349
vn 0.210999 0.315261 0.925251
vn 0.127923 0.810263 0.571935
vn 0.128865 0.810268 0.571716
vn 0.000393 1.000000 -0.000110
vn 0.000393 1.000000 -0.000109
vn -0.130885 0.807057 -0.575785
vn -0.127393 0.807005 -0.576641
vn -0.254957 0.299466 -0.919411
vn -0.252484 0.300029 -0.919910
vn -0.255061 -0.316725 -0.913580
vn -0.252942 -0.316429 -0.914272
vn -0.157945 -0.810297 -0.564334
vn -0.157354 -0.810289 -0.564510
vn -0.000389 -1.000000 0.000133
vn -0.000388 -1.000000 0.000133
vn 0.156961 -0.806369 0.570204
vn 0.158250 -0.806209 0.570074
vn 0.251715 -0.299964 0.920142
vn 0.254049 -0.299374 0.919693
vn 0.249255 0.316796 0.915157
vn 0.250936 0.317136 0.914580
vn 0.154067 0.810349 0.565330
vn 0.154475 0.810358 0.565205
vn 0.000388 1.000000 -0.000134
vn 0.000388 1.000000 -0.000133
vn -0.156686 0.806028 -0.570761
vn -0.155500 0.806207 -0.570833
vn -0.379697 0.301794 -0.874500
vn -0.360420 0.301293 -0.882791
vn -0.381840 -0.315322 -0.868775
vn -0.362835 -0.316146 -0.876586
vn -0.234917 -0.810557 -0.536480
vn -0.227457 -0.810751 -0.539394
vn -0.000376 -1.000000 0.000184
vn -0.000376 -1.000000 0.000184
vn 0.225635 -0.807517 0.544983
vn 0.233679 -0.807556 0.541522
vn 0.356281 -0.301294 0.884469
vn 0.376012 -0.301899 0.876055
vn 0.350409 0.317279 0.881219
vn 0.368678 0.316572 0.873990
vn 0.217823 0.810889 0.543150
vn 0.223949 0.810755 0.540855
vn 0.000376 1.000000 -0.000184
vn 0.000376 1.000000 -0.000183
vn -0.230230 0.806861 -0.544031
vn -0.221858 0.806862 -0.547496
vn -0.637963 0.324183 -0.698505
vn -0.614083 0.321925 -0.720601
vn -0.648594 -0.294480 -0.701860
vn -0.619195 -0.298184 -0.726419
vn -0.402515 -0.805888 -0.434197
vn -0.387238 -0.806949 -0.445960
vn -0.000330 -1.000000 0.000239
vn -0.000332 -1.000000 0.000238
vn 0.389616 -0.813263 0.432206
vn 0.395651 -0.813297 0.426624
vn 0.626169 -0.323469 0.709422
vn 0.649459 -0.325582 0.687168
vn 0.625319 0.297943 0.721253
vn 0.655076 0.293957 0.696035
vn 0.385426 0.807600 0.446351
vn 0.400521 0.806490 0.434922
vn 0.000332 1.000000 -0.000238
vn 0.000330 1.000000 -0.000239
vn -0.388111 0.813380 -0.433338
vn -0.380649 0.813272 -0.440109
vn -0.699571 0.292514 -0.651948
vn -0.713478 0.304097 -0.631248
vn -0.607608 -0.354358 -0.710804
vn -0.661529 -0.329261 -0.673770
vn -0.292426 -0.830917 -0.473353
vn -0.342262 -0.825475 -0.448830
vn 0.112615 -0.990312 -0.081241
vn 0.102197 -0.992029 -0.073722
vn 0.495610 -0.802946 0.331131
vn 0.500267 -0.801803 0.326872
vn 0.715968 -0.304292 0.628327
vn 0.702354 -0.293345 0.648573
vn 0.643650 0.335170 0.688023
vn 0.588601 0.358146 0.724762
vn 0.295090 0.826803 0.478872
vn 0.245573 0.828639 0.503043
vn -0.142219 0.984503 0.102608
vn -0.149503 0.982860 0.107865
vn -0.511333 0.797935 -0.319121
vn -0.504060 0.799939 -0.325609
s 1
g pasted__pasted__pasted__pCylinder4
usemtl lambert2SG
f 1/11/1 2/12/2 142/176/3 133/167/4
s 2
f 2/12/5 3/13/6 141/175/7 142/176/8
s 3
f 3/13/9 4/14/10 140/174/11 141/175/12
s 4
f 4/14/13 5/15/14 139/173/15 140/174/16
s 5
f 5/15/17 6/16/18 138/172/19 139/173/20
s 6
f 6/16/21 7/17/22 137/171/23 138/172/24
s 7
f 7/17/25 8/18/26 136/170/27 137/171/28
s 8
f 8/18/29 9/19/30 135/169/31 136/170/32
s 9
f 9/19/33 10/20/34 134/168/35 135/169/36
s 10
f 10/20/37 1/21/38 133/166/39 134/168/40
s 11
f 2/2/41 1/1/42 21/43/43
f 3/3/44 2/2/41 21/43/43
f 4/4/45 3/3/44 21/43/43
f 5/5/46 4/4/45 21/43/43
f 6/6/47 5/5/46 21/43/43
f 7/7/48 6/6/47 21/43/43
f 8/8/49 7/7/48 21/43/43
f 9/9/50 8/8/49 21/43/43
f 10/10/51 9/9/50 21/43/43
f 1/1/42 10/10/51 21/43/43
s 12
f 11/41/52 12/40/53 22/44/54
f 12/40/53 13/39/55 22/44/54
f 13/39/55 14/38/56 22/44/54
f 14/38/56 15/37/57 22/44/54
f 15/37/57 16/36/58 22/44/54
f 16/36/58 17/35/59 22/44/54
f 17/35/59 18/34/60 22/44/54
f 18/34/60 19/33/61 22/44/54
f 19/33/61 20/42/62 22/44/54
f 20/42/62 11/41/52 22/44/54
s 10
f 24/47/63 23/45/64 11/32/65 20/31/66
s 9
f 25/48/67 24/47/68 20/31/69 19/30/70
s 8
f 26/49/71 25/48/72 19/30/73 18/29/74
s 7
f 27/50/75 26/49/76 18/29/77 17/28/78
s 6
f 28/51/79 27/50/80 17/28/81 16/27/82
s 5
f 29/52/83 28/51/84 16/27/85 15/26/86
s 4
f 30/53/87 29/52/88 15/26/89 14/25/90
s 3
f 31/54/91 30/53/92 14/25/93 13/24/94
s 2
f 32/55/95 31/54/96 13/24/97 12/23/98
s 1
f 23/46/99 32/55/100 12/23/101 11/22/102
s 10
f 34/58/103 33/56/104 23/45/64 24/47/63
s 9
f 35/59/105 34/58/106 24/47/68 25/48/67
s 8
f 36/60/107 35/59/108 25/48/72 26/49/71
s 7
f 37/61/109 36/60/110 26/49/76 27/50/75
s 6
f 38/62/111 37/61/112 27/50/80 28/51/79
s 5
f 39/63/113 38/62/114 28/51/84 29/52/83
s 4
f 40/64/115 39/63/116 29/52/88 30/53/87
s 3
f 41/65/117 40/64/118 30/53/92 31/54/91
s 2
f 42/66/119 41/65/120 31/54/96 32/55/95
s 1
f 33/57/121 42/66/122 32/55/100 23/46/99
s 10
f 44/69/123 43/67/124 33/56/104 34/58/103
s 9
f 45/70/125 44/69/126 34/58/106 35/59/105
s 8
f 46/71/127 45/70/128 35/59/108 36/60/107
s 7
f 47/72/129 46/71/130 36/60/110 37/61/109
s 6
f 48/73/131 47/72/132 37/61/112 38/62/111
s 5
f 49/74/133 48/73/134 38/62/114 39/63/113
s 4
f 50/75/135 49/74/136 39/63/116 40/64/115
s 3
f 51/76/137 50/75/138 40/64/118 41/65/117
s 2
f 52/77/139 51/76/140 41/65/120 42/66/119
s 1
f 43/68/141 52/77/142 42/66/122 33/57/121
s 10
f 54/80/143 53/78/144 43/67/124 44/69/123
s 9
f 55/81/145 54/80/146 44/69/126 45/70/125
s 8
f 56/82/147 55/81/148 45/70/128 46/71/127
s 7
f 57/83/149 56/82/150 46/71/130 47/72/129
s 6
f 58/84/151 57/83/152 47/72/132 48/73/131
s 5
f 59/85/153 58/84/154 48/73/134 49/74/133
s 4
f 60/86/155 59/85/156 49/74/136 50/75/135
s 3
f 61/87/157 60/86/158 50/75/138 51/76/137
s 2
f 62/88/159 61/87/160 51/76/140 52/77/139
s 1
f 53/79/161 62/88/162 52/77/142 43/68/141
s 10
f 64/91/163 63/89/164 53/78/144 54/80/143
s 9
f 65/92/165 64/91/166 54/80/146 55/81/145
s 8
f 66/93/167 65/92/168 55/81/148 56/82/147
s 7
f 67/94/169 66/93/170 56/82/150 57/83/149
s 6
f 68/95/171 67/94/172 57/83/152 58/84/151
s 5
f 69/96/173 68/95/174 58/84/154 59/85/153
s 4
f 70/97/175 69/96/176 59/85/156 60/86/155
s 3
f 71/98/177 70/97/178 60/86/158 61/87/157
s 2
f 72/99/179 71/98/180 61/87/160 62/88/159
s 1
f 63/90/181 72/99/182 62/88/162 53/79/161
s 10
f 74/102/183 73/100/184 63/89/164 64/91/163
s 9
f 75/103/185 74/102/186 64/91/166 65/92/165
s 8
f 76/104/187 75/103/188 65/92/168 66/93/167
s 7
f 77/105/189 76/104/190 66/93/170 67/94/169
s 6
f 78/106/191 77/105/192 67/94/172 68/95/171
s 5
f 79/107/193 78/106/194 68/95/174 69/96/173
s 4
f 80/108/195 79/107/196 69/96/176 70/97/175
s 3
f 81/109/197 80/108/198 70/97/178 71/98/177
s 2
f 82/110/199 81/109/200 71/98/180 72/99/179
s 1
f 73/101/201 82/110/202 72/99/182 63/90/181
s 10
f 84/113/203 83/111/204 73/100/184 74/102/183
s 9
f 85/114/205 84/113/206 74/102/186 75/103/185
s 8
f 86/115/207 85/114/208 75/103/188 76/104/187
s 7
f 87/116/209 86/115/210 76/104/190 77/105/189
s 6
f 88/117/211 87/116/212 77/105/192 78/106/191
s 5
f 89/118/213 88/117/214 78/106/194 79/107/193
s 4
f 90/119/215 89/118/216 79/107/196 80/108/195
s 3
f 91/120/217 90/119/218 80/108/198 81/109/197
s 2
f 92/121/219 91/120/220 81/109/200 82/110/199
s 1
f 83/112/221 92/121/222 82/110/202 73/101/201
s 10
f 94/124/223 93/122/224 83/111/204 84/113/203
s 9
f 95/125/225 94/124/226 84/113/206 85/114/205
s 8
f 96/126/227 95/125/228 85/114/208 86/115/207
s 7
f 97/127/229 96/126/230 86/115/210 87/116/209
s 6
f 98/128/231 97/127/232 87/116/212 88/117/211
s 5
f 99/129/233 98/128/234 88/117/214 89/118/213
s 4
f 100/130/235 99/129/236 89/118/216 90/119/215
s 3
f 101/131/237 100/130/238 90/119/218 91/120/217
s 2
f 102/132/239 101/131/240 91/120/220 92/121/219
s 1
f 93/123/241 102/132/242 92/121/222 83/112/221
s 10
f 104/135/243 103/133/244 93/122/224 94/124/223
s 9
f 105/136/245 104/135/246 94/124/226 95/125/225
s 8
f 106/137/247 105/136/248 95/125/228 96/126/227
s 7
f 107/138/249 106/137/250 96/126/230 97/127/229
s 6
f 108/139/251 107/138/252 97/127/232 98/128/231
s 5
f 109/140/253 108/139/254 98/128/234 99/129/233
s 4
f 110/141/255 109/140/256 99/129/236 100/130/235
s 3
f 111/142/257 110/141/258 100/130/238 101/131/237
s 2
f 112/143/259 111/142/260 101/131/240 102/132/239
s 1
f 103/134/261 112/143/262 102/132/242 93/123/241
s 10
f 114/146/263 113/144/264 103/133/244 104/135/243
s 9
f 115/147/265 114/146/266 104/135/246 105/136/245
s 8
f 116/148/267 115/147/268 105/136/248 106/137/247
s 7
f 117/149/269 116/148/270 106/137/250 107/138/249
s 6
f 118/150/271 117/149/272 107/138/252 108/139/251
s 5
f 119/151/273 118/150/274 108/139/254 109/140/253
s 4
f 120/152/275 119/151/276 109/140/256 110/141/255
s 3
f 121/153/277 120/152/278 110/141/258 111/142/257
s 2
f 122/154/279 121/153/280 111/142/260 112/143/259
s 1
f 113/145/281 122/154/282 112/143/262 103/134/261
s 10
f 124/157/283 123/155/284 113/144/264 114/146/263
s 9
f 125/158/285 124/157/286 114/146/266 115/147/265
s 8
f 126/159/287 125/158/288 115/147/268 116/148/267
s 7
f 127/160/289 126/159/290 116/148/270 117/149/269
s 6
f 128/161/291 127/160/292 117/149/272 118/150/271
s 5
f 129/162/293 128/161/294 118/150/274 119/151/273
s 4
f 130/163/295 129/162/296 119/151/276 120/152/275
s 3
f 131/164/297 130/163/298 120/152/278 121/153/277
s 2
f 132/165/299 131/164/300 121/153/280 122/154/279
s 1
f 123/156/301 132/165/302 122/154/282 113/145/281
s 10
f 134/168/40 133/166/39 123/155/284 124/157/283
s 9
f 135/169/36 134/168/35 124/157/286 125/158/285
s 8
f 136/170/32 135/169/31 125/158/288 126/159/287
s 7
f 137/171/28 136/170/27 126/159/290 127/160/289
s 6
f 138/172/24 137/171/23 127/160/292 128/161/291
s 5
f 139/173/20 138/172/19 128/161/294 129/162/293
s 4
f 140/174/16 139/173/15 129/162/296 130/163/295
s 3
f 141/175/12 140/174/11 130/163/298 131/164/297
s 2
f 142/176/8 141/175/7 131/164/300 132/165/299
s 1
f 133/167/4 142/176/3 132/165/302 123/156/301
s 23
f 143/177/303 144/178/304 284/179/305 275/180/306
s 24
f 144/178/307 145/181/308 283/182/309 284/179/310
s 25
f 145/181/311 146/183/312 282/184/313 283/182/314
s 26
f 146/183/315 147/185/316 281/186/317 282/184/318
s 27
f 147/185/319 148/187/320 280/188/321 281/186/322
s 28
f 148/187/323 149/189/324 279/190/325 280/188/326
s 29
f 149/189/327 150/191/328 278/192/329 279/190/330
s 30
f 150/191/331 151/193/332 277/194/333 278/192/334
s 31
f 151/193/335 152/195/336 276/196/337 277/194/338
s 32
f 152/195/339 143/197/340 275/198/341 276/196/342
s 33
f 144/199/343 143/200/344 163/201/345
f 145/202/346 144/199/343 163/201/345
f 146/203/347 145/202/346 163/201/345
f 147/204/348 146/203/347 163/201/345
f 148/205/349 147/204/348 163/201/345
f 149/206/350 148/205/349 163/201/345
f 150/207/351 149/206/350 163/201/345
f 151/208/352 150/207/351 163/201/345
f 152/209/353 151/208/352 163/201/345
f 143/200/344 152/209/353 163/201/345
s 34
f 153/210/354 154/211/355 164/212/356
f 154/211/355 155/213/357 164/212/356
f 155/213/357 156/214/358 164/212/356
f 156/214/358 157/215/359 164/212/356
f 157/215/359 158/216/360 164/212/356
f 158/216/360 159/217/361 164/212/356
f 159/217/361 160/218/362 164/212/356
f 160/218/362 161/219/363 164/212/356
f 161/219/363 162/220/364 164/212/356
f 162/220/364 153/210/354 164/212/356
s 32
f 166/221/365 165/222/366 153/223/367 162/224/368
s 31
f 167/225/369 166/221/370 162/224/371 161/226/372
s 30
f 168/227/373 167/225/374 161/226/375 160/228/376
s 29
f 169/229/377 168/227/378 160/228/379 159/230/380
s 28
f 170/231/381 169/229/382 159/230/383 158/232/384
s 27
f 171/233/385 170/231/386 158/232/387 157/234/388
s 26
f 172/235/389 171/233/390 157/234/391 156/236/392
s 25
f 173/237/393 172/235/394 156/236/395 155/238/396
s 24
f 174/239/397 173/237/398 155/238/399 154/240/400
s 23
f 165/241/401 174/239/402 154/240/403 153/242/404
s 32
f 176/243/405 175/244/406 165/222/366 166/221/365
s 31
f 177/245/407 176/243/408 166/221/370 167/225/369
s 30
f 178/246/409 177/245/410 167/225/374 168/227/373
s 29
f 179/247/411 178/246/412 168/227/378 169/229/377
s 28
f 180/248/413 179/247/414 169/229/382 170/231/381
s 27
f 181/249/415 180/248/416 170/231/386 171/233/385
s 26
f 182/250/417 181/249/418 171/233/390 172/235/389
s 25
f 183/251/419 182/250/420 172/235/394 173/237/393
s 24
f 184/252/421 183/251/422 173/237/398 174/239/397
s 23
f 175/253/423 184/252/424 174/239/402 165/241/401
s 32
f 186/254/425 185/255/426 175/244/406 176/243/405
s 31
f 187/256/427 186/254/428 176/243/408 177/245/407
s 30
f 188/257/429 187/256/430 177/245/410 178/246/409
s 29
f 189/258/431 188/257/432 178/246/412 179/247/411
s 28
f 190/259/433 189/258/434 179/247/414 180/248/413
s 27
f 191/260/435 190/259/436 180/248/416 181/249/415
s 26
f 192/261/437 191/260/438 181/249/418 182/250/417
s 25
f 193/262/439 192/261/440 182/250/420 183/251/419
s 24
f 194/263/441 193/262/442 183/251/422 184/252/421
s 23
f 185/264/443 194/263/444 184/252/424 175/253/423
s 32
f 196/265/445 195/266/446 185/255/426 186/254/425
s 31
f 197/267/447 196/265/448 186/254/428 187/256/427
s 30
f 198/268/449 197/267/450 187/256/430 188/257/429
s 29
f 199/269/451 198/268/452 188/257/432 189/258/431
s 28
f 200/270/453 199/269/454 189/258/434 190/259/433
s 27
f 201/271/455 200/270/456 190/259/436 191/260/435
s 26
f 202/272/457 201/271/458 191/260/438 192/261/437
s 25
f 203/273/459 202/272/460 192/261/440 193/262/439
s 24
f 204/274/461 203/273/462 193/262/442 194/263/441
s 23
f 195/275/463 204/274/464 194/263/444 185/264/443
s 32
f 206/276/465 205/277/466 195/266/446 196/265/445
s 31
f 207/278/467 206/276/468 196/265/448 197/267/447
s 30
f 208/279/469 207/278/470 197/267/450 198/268/449
s 29
f 209/280/471 208/279/472 198/268/452 199/269/451
s 28
f 210/281/473 209/280/474 199/269/454 200/270/453
s 27
f 211/282/475 210/281/476 200/270/456 201/271/455
s 26
f 212/283/477 211/282/478 201/271/458 202/272/457
s 25
f 213/284/479 212/283/480 202/272/460 203/273/459
s 24
f 214/285/481 213/284/482 203/273/462 204/274/461
s 23
f 205/286/483 214/285/484 204/274/464 195/275/463
s 32
f 216/287/485 215/288/486 205/277/466 206/276/465
s 31
f 217/289/487 216/287/488 206/276/468 207/278/467
s 30
f 218/290/489 217/289/490 207/278/470 208/279/469
s 29
f 219/291/491 218/290/492 208/279/472 209/280/471
s 28
f 220/292/493 219/291/494 209/280/474 210/281/473
s 27
f 221/293/495 220/292/496 210/281/476 211/282/475
s 26
f 222/294/497 221/293/498 211/282/478 212/283/477
s 25
f 223/295/499 222/294/500 212/283/480 213/284/479
s 24
f 224/296/501 223/295/502 213/284/482 214/285/481
s 23
f 215/297/503 224/296/504 214/285/484 205/286/483
s 32
f 226/298/505 225/299/506 215/288/486 216/287/485
s 31
f 227/300/507 226/298/508 216/287/488 217/289/487
s 30
f 228/301/509 227/300/510 217/289/490 218/290/489
s 29
f 229/302/511 228/301/512 218/290/492 219/291/491
s 28
f 230/303/513 229/302/514 219/291/494 220/292/493
s 27
f 231/304/515 230/303/516 220/292/496 221/293/495
s 26
f 232/305/517 231/304/518 221/293/498 222/294/497
s 25
f 233/306/519 232/305/520 222/294/500 223/295/499
s 24
f 234/307/521 233/306/522 223/295/502 224/296/501
s 23
f 225/308/523 234/307/524 224/296/504 215/297/503
s 32
f 236/309/525 235/310/526 225/299/506 226/298/505
s 31
f 237/311/527 236/309/528 226/298/508 227/300/507
s 30
f 238/312/529 237/311/530 227/300/510 228/301/509
s 29
f 239/313/531 238/312/532 228/301/512 229/302/511
s 28
f 240/314/533 239/313/534 229/302/514 230/303/513
s 27
f 241/315/535 240/314/536 230/303/516 231/304/515
s 26
f 242/316/537 241/315/538 231/304/518 232/305/517
s 25
f 243/317/539 242/316/540 232/305/520 233/306/519
s 24
f 244/318/541 243/317/542 233/306/522 234/307/521
s 23
f 235/319/543 244/318/544 234/307/524 225/308/523
s 32
f 246/320/545 245/321/546 235/310/526 236/309/525
s 31
f 247/322/547 246/320/548 236/309/528 237/311/527
s 30
f 248/323/549 247/322/550 237/311/530 238/312/529
s 29
f 249/324/551 248/323/552 238/312/532 239/313/531
s 28
f 250/325/553 249/324/554 239/313/534 240/314/533
s 27
f 251/326/555 250/325/556 240/314/536 241/315/535
s 26
f 252/327/557 251/326/558 241/315/538 242/316/537
s 25
f 253/328/559 252/327/560 242/316/540 243/317/539
s 24
f 254/329/561 253/328/562 243/317/542 244/318/541
s 23
f 245/330/563 254/329/564 244/318/544 235/319/543
s 32
f 256/331/565 255/332/566 245/321/546 246/320/545
s 31
f 257/333/567 256/331/568 246/320/548 247/322/547
s 30
f 258/334/569 257/333/570 247/322/550 248/323/549
s 29
f 259/335/571 258/334/572 248/323/552 249/324/551
s 28
f 260/336/573 259/335/574 249/324/554 250/325/553
s 27
f 261/337/575 260/336/576 250/325/556 251/326/555
s 26
f 262/338/577 261/337/578 251/326/558 252/327/557
s 25
f 263/339/579 262/338/580 252/327/560 253/328/559
s 24
f 264/340/581 263/339/582 253/328/562 254/329/561
s 23
f 255/341/583 264/340/584 254/329/564 245/330/563
s 32
f 266/342/585 265/343/586 255/332/566 256/331/565
s 31
f 267/344/587 266/342/588 256/331/568 257/333/567
s 30
f 268/345/589 267/344/590 257/333/570 258/334/569
s 29
f 269/346/591 268/345/592 258/334/572 259/335/571
s 28
f 270/347/593 269/346/594 259/335/574 260/336/573
s 27
f 271/348/595 270/347/596 260/336/576 261/337/575
s 26
f 272/349/597 271/348/598 261/337/578 262/338/577
s 25
f 273/350/599 272/349/600 262/338/580 263/339/579
s 24
f 274/351/601 273/350/602 263/339/582 264/340/581
s 23
f 265/352/603 274/351/604 264/340/584 255/341/583
s 32
f 276/196/342 275/198/341 265/343/586 266/342/585
s 31
f 277/194/338 276/196/337 266/342/588 267/344/587
s 30
f 278/192/334 277/194/333 267/344/590 268/345/589
s 29
f 279/190/330 278/192/329 268/345/592 269/346/591
s 28
f 280/188/326 279/190/325 269/346/594 270/347/593
s 27
f 281/186/322 280/188/321 270/347/596 271/348/595
s 26
f 282/184/318 281/186/317 271/348/598 272/349/597
s 25
f 283/182/314 282/184/313 272/349/600 273/350/599
s 24
f 284/179/310 283/182/309 273/350/602 274/351/601
s 23
f 275/180/306 284/179/305 274/351/604 265/352/603
s 45
f 285/353/605 286/354/606 426/355/607 417/356/608
s 46
f 286/354/609 287/357/610 425/358/611 426/355/612
s 47
f 287/357/613 288/359/614 424/360/615 425/358/616
s 48
f 288/359/617 289/361/618 423/362/619 424/360/620
s 49
f 289/361/621 290/363/622 422/364/623 423/362/624
s 50
f 290/363/625 291/365/626 421/366/627 422/364/628
s 51
f 291/365/629 292/367/630 420/368/631 421/366/632
s 52
f 292/367/633 293/369/634 419/370/635 420/368/636
s 53
f 293/369/637 294/371/638 418/372/639 419/370/640
s 54
f 294/371/641 285/373/642 417/374/643 418/372/644
s 55
f 286/375/645 285/376/646 305/377/647
f 287/378/648 286/375/645 305/377/647
f 288/379/649 287/378/648 305/377/647
f 289/380/650 288/379/649 305/377/647
f 290/381/651 289/380/650 305/377/647
f 291/382/652 290/381/651 305/377/647
f 292/383/653 291/382/652 305/377/647
f 293/384/654 292/383/653 305/377/647
f 294/385/655 293/384/654 305/377/647
f 285/376/646 294/385/655 305/377/647
s 56
f 295/386/656 296/387/657 306/388/658
f 296/387/657 297/389/659 306/388/658
f 297/389/659 298/390/660 306/388/658
f 298/390/660 299/391/661 306/388/658
f 299/391/661 300/392/662 306/388/658
f 300/392/662 301/393/663 306/388/658
f 301/393/663 302/394/664 306/388/658
f 302/394/664 303/395/665 306/388/658
f 303/395/665 304/396/666 306/388/658
f 304/396/666 295/386/656 306/388/658
s 54
f 308/397/667 307/398/668 295/399/669 304/400/670
s 53
f 309/401/671 308/397/672 304/400/673 303/402/674
s 52
f 310/403/675 309/401/676 303/402/677 302/404/678
s 51
f 311/405/679 310/403/680 302/404/681 301/406/682
s 50
f 312/407/683 311/405/684 301/406/685 300/408/686
s 49
f 313/409/687 312/407/688 300/408/689 299/410/690
s 48
f 314/411/691 313/409/692 299/410/693 298/412/694
s 47
f 315/413/695 314/411/696 298/412/697 297/414/698
s 46
f 316/415/699 315/413/700 297/414/701 296/416/702
s 45
f 307/417/703 316/415/704 296/416/705 295/418/706
s 54
f 318/419/707 317/420/708 307/398/668 308/397/667
s 53
f 319/421/709 318/419/710 308/397/672 309/401/671
s 52
f 320/422/711 319/421/712 309/401/676 310/403/675
s 51
f 321/423/713 320/422/714 310/403/680 311/405/679
s 50
f 322/424/715 321/423/716 311/405/684 312/407/683
s 49
f 323/425/717 322/424/718 312/407/688 313/409/687
s 48
f 324/426/719 323/425/720 313/409/692 314/411/691
s 47
f 325/427/721 324/426/722 314/411/696 315/413/695
s 46
f 326/428/723 325/427/724 315/413/700 316/415/699
s 45
f 317/429/725 326/428/726 316/415/704 307/417/703
s 54
f 328/430/727 327/431/728 317/420/708 318/419/707
s 53
f 329/432/729 328/430/730 318/419/710 319/421/709
s 52
f 330/433/731 329/432/732 319/421/712 320/422/711
s 51
f 331/434/733 330/433/734 320/422/714 321/423/713
s 50
f 332/435/735 331/434/736 321/423/716 322/424/715
s 49
f 333/436/737 332/435/738 322/424/718 323/425/717
s 48
f 334/437/739 333/436/740 323/425/720 324/426/719
s 47
f 335/438/741 334/437/742 324/426/722 325/427/721
s 46
f 336/439/743 335/438/744 325/427/724 326/428/723
s 45
f 327/440/745 336/439/746 326/428/726 317/429/725
s 54
f 338/441/747 337/442/748 327/431/728 328/430/727
s 53
f 339/443/749 338/441/750 328/430/730 329/432/729
s 52
f 340/444/751 339/443/752 329/432/732 330/433/731
s 51
f 341/445/753 340/444/754 330/433/734 331/434/733
s 50
f 342/446/755 341/445/756 331/434/736 332/435/735
s 49
f 343/447/757 342/446/758 332/435/738 333/436/737
s 48
f 344/448/759 343/447/760 333/436/740 334/437/739
s 47
f 345/449/761 344/448/762 334/437/742 335/438/741
s 46
f 346/450/763 345/449/764 335/438/744 336/439/743
s 45
f 337/451/765 346/450/766 336/439/746 327/440/745
s 54
f 348/452/767 347/453/768 337/442/748 338/441/747
s 53
f 349/454/769 348/452/770 338/441/750 339/443/749
s 52
f 350/455/771 349/454/772 339/443/752 340/444/751
s 51
f 351/456/773 350/455/774 340/444/754 341/445/753
s 50
f 352/457/775 351/456/776 341/445/756 342/446/755
s 49
f 353/458/777 352/457/778 342/446/758 343/447/757
s 48
f 354/459/779 353/458/780 343/447/760 344/448/759
s 47
f 355/460/781 354/459/782 344/448/762 345/449/761
s 46
f 356/461/783 355/460/784 345/449/764 346/450/763
s 45
f 347/462/785 356/461/786 346/450/766 337/451/765
s 54
f 358/463/787 357/464/788 347/453/768 348/452/767
s 53
f 359/465/789 358/463/790 348/452/770 349/454/769
s 52
f 360/466/791 359/465/792 349/454/772 350/455/771
s 51
f 361/467/793 360/466/794 350/455/774 351/456/773
s 50
f 362/468/795 361/467/796 351/456/776 352/457/775
s 49
f 363/469/797 362/468/798 352/457/778 353/458/777
s 48
f 364/470/799 363/469/800 353/458/780 354/459/779
s 47
f 365/471/801 364/470/802 354/459/782 355/460/781
s 46
f 366/472/803 365/471/804 355/460/784 356/461/783
s 45
f 357/473/805 366/472/806 356/461/786 347/462/785
s 54
f 368/474/807 367/475/808 357/464/788 358/463/787
s 53
f 369/476/809 368/474/810 358/463/790 359/465/789
s 52
f 370/477/811 369/476/812 359/465/792 360/466/791
s 51
f 371/478/813 370/477/814 360/466/794 361/467/793
s 50
f 372/479/815 371/478/816 361/467/796 362/468/795
s 49
f 373/480/817 372/479/818 362/468/798 363/469/797
s 48
f 374/481/819 373/480/820 363/469/800 364/470/799
s 47
f 375/482/821 374/481/822 364/470/802 365/471/801
s 46
f 376/483/823 375/482/824 365/471/804 366/472/803
s 45
f 367/484/825 376/483/826 366/472/806 357/473/805
s 54
f 378/485/827 377/486/828 367/475/808 368/474/807
s 53
f 379/487/829 378/485/830 368/474/810 369/476/809
s 52
f 380/488/831 379/487/832 369/476/812 370/477/811
s 51
f 381/489/833 380/488/834 370/477/814 371/478/813
s 50
f 382/490/835 381/489/836 371/478/816 372/479/815
s 49
f 383/491/837 382/490/838 372/479/818 373/480/817
s 48
f 384/492/839 383/491/840 373/480/820 374/481/819
s 47
f 385/493/841 384/492/842 374/481/822 375/482/821
s 46
f 386/494/843 385/493/844 375/482/824 376/483/823
s 45
f 377/495/845 386/494/846 376/483/826 367/484/825
s 54
f 388/496/847 387/497/848 377/486/828 378/485/827
s 53
f 389/498/849 388/496/850 378/485/830 379/487/829
s 52
f 390/499/851 389/498/852 379/487/832 380/488/831
s 51
f 391/500/853 390/499/854 380/488/834 381/489/833
s 50
f 392/501/855 391/500/856 381/489/836 382/490/835
s 49
f 393/502/857 392/501/858 382/490/838 383/491/837
s 48
f 394/503/859 393/502/860 383/491/840 384/492/839
s 47
f 395/504/861 394/503/862 384/492/842 385/493/841
s 46
f 396/505/863 395/504/864 385/493/844 386/494/843
s 45
f 387/506/865 396/505/866 386/494/846 377/495/845
s 54
f 398/507/867 397/508/868 387/497/848 388/496/847
s 53
f 399/509/869 398/507/870 388/496/850 389/498/849
s 52
f 400/510/871 399/509/872 389/498/852 390/499/851
s 51
f 401/511/873 400/510/874 390/499/854 391/500/853
s 50
f 402/512/875 401/511/876 391/500/856 392/501/855
s 49
f 403/513/877 402/512/878 392/501/858 393/502/857
s 48
f 404/514/879 403/513/880 393/502/860 394/503/859
s 47
f 405/515/881 404/514/882 394/503/862 395/504/861
s 46
f 406/516/883 405/515/884 395/504/864 396/505/863
s 45
f 397/517/885 406/516/886 396/505/866 387/506/865
s 54
f 408/518/887 407/519/888 397/508/868 398/507/867
s 53
f 409/520/889 408/518/890 398/507/870 399/509/869
s 52
f 410/521/891 409/520/892 399/509/872 400/510/871
s 51
f 411/522/893 410/521/894 400/510/874 401/511/873
s 50
f 412/523/895 411/522/896 401/511/876 402/512/875
s 49
f 413/524/897 412/523/898 402/512/878 403/513/877
s 48
f 414/525/899 413/524/900 403/513/880 404/514/879
s 47
f 415/526/901 414/525/902 404/514/882 405/515/881
s 46
f 416/527/903 415/526/904 405/515/884 406/516/883
s 45
f 407/528/905 416/527/906 406/516/886 397/517/885
s 54
f 418/372/644 417/374/643 407/519/888 408/518/887
s 53
f 419/370/640 418/372/639 408/518/890 409/520/889
s 52
f 420/368/636 419/370/635 409/520/892 410/521/891
s 51
f 421/366/632 420/368/631 410/521/894 411/522/893
s 50
f 422/364/628 421/366/627 411/522/896 412/523/895
s 49
f 423/362/624 422/364/623 412/523/898 413/524/897
s 48
f 424/360/620 423/362/619 413/524/900 414/525/899
s 47
f 425/358/616 424/360/615 414/525/902 415/526/901
s 46
f 426/355/612 425/358/611 415/526/904 416/527/903
s 45
f 417/356/608 426/355/607 416/527/906 407/528/905
s 67
f 427/529/907 428/530/908 568/531/909 559/532/910
s 68
f 428/530/911 429/533/912 567/534/913 568/531/914
s 69
f 429/533/915 430/535/916 566/536/917 567/534/918
s 70
f 430/535/919 431/537/920 565/538/921 566/536/922
s 71
f 431/537/923 432/539/924 564/540/925 565/538/926
s 72
f 432/539/927 433/541/928 563/542/929 564/540/930
s 73
f 433/541/931 434/543/932 562/544/933 563/542/934
s 74
f 434/543/935 435/545/936 561/546/937 562/544/938
s 75
f 435/545/939 436/547/940 560/548/941 561/546/942
s 76
f 436/547/943 427/549/944 559/550/945 560/548/946
s 77
f 428/551/947 427/552/948 447/553/949
f 429/554/950 428/551/947 447/553/949
f 430/555/951 429/554/950 447/553/949
f 431/556/952 430/555/951 447/553/949
f 432/557/953 431/556/952 447/553/949
f 433/558/954 432/557/953 447/553/949
f 434/559/955 433/558/954 447/553/949
f 435/560/956 434/559/955 447/553/949
f 436/561/957 435/560/956 447/553/949
f 427/552/948 436/561/957 447/553/949
s 78
f 437/562/958 438/563/959 448/564/960
f 438/563/959 439/565/961 448/564/960
f 439/565/961 440/566/962 448/564/960
f 440/566/962 441/567/963 448/564/960
f 441/567/963 442/568/964 448/564/960
f 442/568/964 443/569/965 448/564/960
f 443/569/965 444/570/966 448/564/960
f 444/570/966 445/571/967 448/564/960
f 445/571/967 446/572/968 448/564/960
f 446/572/968 437/562/958 448/564/960
s 76
f 450/573/969 449/574/970 437/575/971 446/576/972
s 75
f 451/577/973 450/573/974 446/576/975 445/578/976
s 74
f 452/579/977 451/577/978 445/578/979 444/580/980
s 73
f 453/581/981 452/579/982 444/580/983 443/582/984
s 72
f 454/583/985 453/581/986 443/582/987 442/584/988
s 71
f 455/585/989 454/583/990 442/584/991 441/586/992
s 70
f 456/587/993 455/585/994 441/586/995 440/588/996
s 69
f 457/589/997 456/587/998 440/588/999 439/590/1000
s 68
f 458/591/1001 457/589/1002 439/590/1003 438/592/1004
s 67
f 449/593/1005 458/591/1006 438/592/1007 437/594/1008
s 76
f 460/595/1009 459/596/1010 449/574/970 450/573/969
s 75
f 461/597/1011 460/595/1012 450/573/974 451/577/973
s 74
f 462/598/1013 461/597/1014 451/577/978 452/579/977
s 73
f 463/599/1015 462/598/1016 452/579/982 453/581/981
s 72
f 464/600/1017 463/599/1018 453/581/986 454/583/985
s 71
f 465/601/1019 464/600/1020 454/583/990 455/585/989
s 70
f 466/602/1021 465/601/1022 455/585/994 456/587/993
s 69
f 467/603/1023 466/602/1024 456/587/998 457/589/997
s 68
f 468/604/1025 467/603/1026 457/589/1002 458/591/1001
s 67
f 459/605/1027 468/604/1028 458/591/1006 449/593/1005
s 76
f 470/606/1029 469/607/1030 459/596/1010 460/595/1009
s 75
f 471/608/1031 470/606/1032 460/595/1012 461/597/1011
s 74
f 472/609/1033 471/608/1034 461/597/1014 462/598/1013
s 73
f 473/610/1035 472/609/1036 462/598/1016 463/599/1015
s 72
f 474/611/1037 473/610/1038 463/599/1018 464/600/1017
s 71
f 475/612/1039 474/611/1040 464/600/1020 465/601/1019
s 70
f 476/613/1041 475/612/1042 465/601/1022 466/602/1021
s 69
f 477/614/1043 476/613/1044 466/602/1024 467/603/1023
s 68
f 478/615/1045 477/614/1046 467/603/1026 468/604/1025
s 67
f 469/616/1047 478/615/1048 468/604/1028 459/605/1027
s 76
f 480/617/1049 479/618/1050 469/607/1030 470/606/1029
s 75
f 481/619/1051 480/617/1052 470/606/1032 471/608/1031
s 74
f 482/620/1053 481/619/1054 471/608/1034 472/609/1033
s 73
f 483/621/1055 482/620/1056 472/609/1036 473/610/1035
s 72
f 484/622/1057 483/621/1058 473/610/1038 474/611/1037
s 71
f 485/623/1059 484/622/1060 474/611/1040 475/612/1039
s 70
f 486/624/1061 485/623/1062 475/612/1042 476/613/1041
s 69
f 487/625/1063 486/624/1064 476/613/1044 477/614/1043
s 68
f 488/626/1065 487/625/1066 477/614/1046 478/615/1045
s 67
f 479/627/1067 488/626/1068 478/615/1048 469/616/1047
s 76
f 490/628/1069 489/629/1070 479/618/1050 480/617/1049
s 75
f 491/630/1071 490/628/1072 480/617/1052 481/619/1051
s 74
f 492/631/1073 491/630/1074 481/619/1054 482/620/1053
s 73
f 493/632/1075 492/631/1076 482/620/1056 483/621/1055
s 72
f 494/633/1077 493/632/1078 483/621/1058 484/622/1057
s 71
f 495/634/1079 494/633/1080 484/622/1060 485/623/1059
s 70
f 496/635/1081 495/634/1082 485/623/1062 486/624/1061
s 69
f 497/636/1083 496/635/1084 486/624/1064 487/625/1063
s 68
f 498/637/1085 497/636/1086 487/625/1066 488/626/1065
s 67
f 489/638/1087 498/637/1088 488/626/1068 479/627/1067
s 76
f 500/639/1089 499/640/1090 489/629/1070 490/628/1069
s 75
f 501/641/1091 500/639/1092 490/628/1072 491/630/1071
s 74
f 502/642/1093 501/641/1094 491/630/1074 492/631/1073
s 73
f 503/643/1095 502/642/1096 492/631/1076 493/632/1075
s 72
f 504/644/1097 503/643/1098 493/632/1078 494/633/1077
s 71
f 505/645/1099 504/644/1100 494/633/1080 495/634/1079
s 70
f 506/646/1101 505/645/1102 495/634/1082 496/635/1081
s 69
f 507/647/1103 506/646/1104 496/635/1084 497/636/1083
s 68
f 508/648/1105 507/647/1106 497/636/1086 498/637/1085
s 67
f 499/649/1107 508/648/1108 498/637/1088 489/638/1087
s 76
f 510/650/1109 509/651/1110 499/640/1090 500/639/1089
s 75
f 511/652/1111 510/650/1112 500/639/1092 501/641/1091
s 74
f 512/653/1113 511/652/1114 501/641/1094 502/642/1093
s 73
f 513/654/1115 512/653/1116 502/642/1096 503/643/1095
s 72
f 514/655/1117 513/654/1118 503/643/1098 504/644/1097
s 71
f 515/656/1119 514/655/1120 504/644/1100 505/645/1099
s 70
f 516/657/1121 515/656/1122 505/645/1102 506/646/1101
s 69
f 517/658/1123 516/657/1124 506/646/1104 507/647/1103
s 68
f 518/659/1125 517/658/1126 507/647/1106 508/648/1105
s 67
f 509/660/1127 518/659/1128 508/648/1108 499/649/1107
s 76
f 520/661/1129 519/662/1130 509/651/1110 510/650/1109
s 75
f 521/663/1131 520/661/1132 510/650/1112 511/652/1111
s 74
f 522/664/1133 521/663/1134 511/652/1114 512/653/1113
s 73
f 523/665/1135 522/664/1136 512/653/1116 513/654/1115
s 72
f 524/666/1137 523/665/1138 513/654/1118 514/655/1117
s 71
f 525/667/1139 524/666/1140 514/655/1120 515/656/1119
s 70
f 526/668/1141 525/667/1142 515/656/1122 516/657/1121
s 69
f 527/669/1143 526/668/1144 516/657/1124 517/658/1123
s 68
f 528/670/1145 527/669/1146 517/658/1126 518/659/1125
s 67
f 519/671/1147 528/670/1148 518/659/1128 509/660/1127
s 76
f 530/672/1149 529/673/1150 519/662/1130 520/661/1129
s 75
f 531/674/1151 530/672/1152 520/661/1132 521/663/1131
s 74
f 532/675/1153 531/674/1154 521/663/1134 522/664/1133
s 73
f 533/676/1155 532/675/1156 522/664/1136 523/665/1135
s 72
f 534/677/1157 533/676/1158 523/665/1138 524/666/1137
s 71
f 535/678/1159 534/677/1160 524/666/1140 525/667/1139
s 70
f 536/679/1161 535/678/1162 525/667/1142 526/668/1141
s 69
f 537/680/1163 536/679/1164 526/668/1144 527/669/1143
s 68
f 538/681/1165 537/680/1166 527/669/1146 528/670/1145
s 67
f 529/682/1167 538/681/1168 528/670/1148 519/671/1147
s 76
f 540/683/1169 539/684/1170 529/673/1150 530/672/1149
s 75
f 541/685/1171 540/683/1172 530/672/1152 531/674/1151
s 74
f 542/686/1173 541/685/1174 531/674/1154 532/675/1153
s 73
f 543/687/1175 542/686/1176 532/675/1156 533/676/1155
s 72
f 544/688/1177 543/687/1178 533/676/1158 534/677/1157
s 71
f 545/689/1179 544/688/1180 534/677/1160 535/678/1159
s 70
f 546/690/1181 545/689/1182 535/678/1162 536/679/1161
s 69
f 547/691/1183 546/690/1184 536/679/1164 537/680/1163
s 68
f 548/692/1185 547/691/1186 537/680/1166 538/681/1165
s 67
f 539/693/1187 548/692/1188 538/681/1168 529/682/1167
s 76
f 550/694/1189 549/695/1190 539/684/1170 540/683/1169
s 75
f 551/696/1191 550/694/1192 540/683/1172 541/685/1171
s 74
f 552/697/1193 551/696/1194 541/685/1174 542/686/1173
s 73
f 553/698/1195 552/697/1196 542/686/1176 543/687/1175
s 72
f 554/699/1197 553/698/1198 543/687/1178 544/688/1177
s 71
f 555/700/1199 554/699/1200 544/688/1180 545/689/1179
s 70
f 556/701/1201 555/700/1202 545/689/1182 546/690/1181
s 69
f 557/702/1203 556/701/1204 546/690/1184 547/691/1183
s 68
f 558/703/1205 557/702/1206 547/691/1186 548/692/1185
s 67
f 549/704/1207 558/703/1208 548/692/1188 539/693/1187
s 76
f 560/548/946 559/550/945 549/695/1190 550/694/1189
s 75
f 561/546/942 560/548/941 550/694/1192 551/696/1191
s 74
f 562/544/938 561/546/937 551/696/1194 552/697/1193
s 73
f 563/542/934 562/544/933 552/697/1196 553/698/1195
s 72
f 564/540/930 563/542/929 553/698/1198 554/699/1197
s 71
f 565/538/926 564/540/925 554/699/1200 555/700/1199
s 70
f 566/536/922 565/538/921 555/700/1202 556/701/1201
s 69
f 567/534/918 566/536/917 556/701/1204 557/702/1203
s 68
f 568/531/914 567/534/913 557/702/1206 558/703/1205
s 67
f 559/532/910 568/531/909 558/703/1208 549/704/1207
s 89
f 569/705/1209 570/706/1210 710/707/1211 701/708/1212
s 90
f 570/706/1213 571/709/1214 709/710/1215 710/707/1216
s 91
f 571/709/1217 572/711/1218 708/712/1219 709/710/1220
s 92
f 572/711/1221 573/713/1222 707/714/1223 708/712/1224
s 93
f 573/713/1225 574/715/1226 706/716/1227 707/714/1228
s 94
f 574/715/1229 575/717/1230 705/718/1231 706/716/1232
s 95
f 575/717/1233 576/719/1234 704/720/1235 705/718/1236
s 96
f 576/719/1237 577/721/1238 703/722/1239 704/720/1240
s 97
f 577/721/1241 578/723/1242 702/724/1243 703/722/1244
s 98
f 578/723/1245 569/725/1246 701/726/1247 702/724/1248
s 99
f 570/727/1249 569/728/1250 589/729/1251
f 571/730/1252 570/727/1249 589/729/1251
f 572/731/1253 571/730/1252 589/729/1251
f 573/732/1254 572/731/1253 589/729/1251
f 574/733/1255 573/732/1254 589/729/1251
f 575/734/1256 574/733/1255 589/729/1251
f 576/735/1257 575/734/1256 589/729/1251
f 577/736/1258 576/735/1257 589/729/1251
f 578/737/1259 577/736/1258 589/729/1251
f 569/728/1250 578/737/1259 589/729/1251
s 100
f 579/738/1260 580/739/1261 590/740/1262
f 580/739/1261 581/741/1263 590/740/1262
f 581/741/1263 582/742/1264 590/740/1262
f 582/742/1264 583/743/1265 590/740/1262
f 583/743/1265 584/744/1266 590/740/1262
f 584/744/1266 585/745/1267 590/740/1262
f 585/745/1267 586/746/1268 590/740/1262
f 586/746/1268 587/747/1269 590/740/1262
f 587/747/1269 588/748/1270 590/740/1262
f 588/748/1270 579/738/1260 590/740/1262
s 98
f 592/749/1271 591/750/1272 579/751/1273 588/752/1274
s 97
f 593/753/1275 592/749/1276 588/752/1277 587/754/1278
s 96
f 594/755/1279 593/753/1280 587/754/1281 586/756/1282
s 95
f 595/757/1283 594/755/1284 586/756/1285 585/758/1286
s 94
f 596/759/1287 595/757/1288 585/758/1289 584/760/1290
s 93
f 597/761/1291 596/759/1292 584/760/1293 583/762/1294
s 92
f 598/763/1295 597/761/1296 583/762/1297 582/764/1298
s 91
f 599/765/1299 598/763/1300 582/764/1301 581/766/1302
s 90
f 600/767/1303 599/765/1304 581/766/1305 580/768/1306
s 89
f 591/769/1307 600/767/1308 580/768/1309 579/770/1310
s 98
f 602/771/1311 601/772/1312 591/750/1272 592/749/1271
s 97
f 603/773/1313 602/771/1314 592/749/1276 593/753/1275
s 96
f 604/774/1315 603/773/1316 593/753/1280 594/755/1279
s 95
f 605/775/1317 604/774/1318 594/755/1284 595/757/1283
s 94
f 606/776/1319 605/775/1320 595/757/1288 596/759/1287
s 93
f 607/777/1321 606/776/1322 596/759/1292 597/761/1291
s 92
f 608/778/1323 607/777/1324 597/761/1296 598/763/1295
s 91
f 609/779/1325 608/778/1326 598/763/1300 599/765/1299
s 90
f 610/780/1327 609/779/1328 599/765/1304 600/767/1303
s 89
f 601/781/1329 610/780/1330 600/767/1308 591/769/1307
s 98
f 612/782/1331 611/783/1332 601/772/1312 602/771/1311
s 97
f 613/784/1333 612/782/1334 602/771/1314 603/773/1313
s 96
f 614/785/1335 613/784/1336 603/773/1316 604/774/1315
s 95
f 615/786/1337 614/785/1338 604/774/1318 605/775/1317
s 94
f 616/787/1339 615/786/1340 605/775/1320 606/776/1319
s 93
f 617/788/1341 616/787/1342 606/776/1322 607/777/1321
s 92
f 618/789/1343 617/788/1344 607/777/1324 608/778/1323
s 91
f 619/790/1345 618/789/1346 608/778/1326 609/779/1325
s 90
f 620/791/1347 619/790/1348 609/779/1328 610/780/1327
s 89
f 611/792/1349 620/791/1350 610/780/1330 601/781/1329
s 98
f 622/793/1351 621/794/1352 611/783/1332 612/782/1331
s 97
f 623/795/1353 622/793/1354 612/782/1334 613/784/1333
s 96
f 624/796/1355 623/795/1356 613/784/1336 614/785/1335
s 95
f 625/797/1357 624/796/1358 614/785/1338 615/786/1337
s 94
f 626/798/1359 625/797/1360 615/786/1340 616/787/1339
s 93
f 627/799/1361 626/798/1362 616/787/1342 617/788/1341
s 92
f 628/800/1363 627/799/1364 617/788/1344 618/789/1343
s 91
f 629/801/1365 628/800/1366 618/789/1346 619/790/1345
s 90
f 630/802/1367 629/801/1368 619/790/1348 620/791/1347
s 89
f 621/803/1369 630/802/1370 620/791/1350 611/792/1349
s 98
f 632/804/1371 631/805/1372 621/794/1352 622/793/1351
s 97
f 633/806/1373 632/804/1374 622/793/1354 623/795/1353
s 96
f 634/807/1375 633/806/1376 623/795/1356 624/796/1355
s 95
f 635/808/1377 634/807/1378 624/796/1358 625/797/1357
s 94
f 636/809/1379 635/808/1380 625/797/1360 626/798/1359
s 93
f 637/810/1381 636/809/1382 626/798/1362 627/799/1361
s 92
f 638/811/1383 637/810/1384 627/799/1364 628/800/1363
s 91
f 639/812/1385 638/811/1386 628/800/1366 629/801/1365
s 90
f 640/813/1387 639/812/1388 629/801/1368 630/802/1367
s 89
f 631/814/1389 640/813/1390 630/802/1370 621/803/1369
s 98
f 642/815/1391 641/816/1392 631/805/1372 632/804/1371
s 97
f 643/817/1393 642/815/1394 632/804/1374 633/806/1373
s 96
f 644/818/1395 643/817/1396 633/806/1376 634/807/1375
s 95
f 645/819/1397 644/818/1398 634/807/1378 635/808/1377
s 94
f 646/820/1399 645/819/1400 635/808/1380 636/809/1379
s 93
f 647/821/1401 646/820/1402 636/809/1382 637/810/1381
s 92
f 648/822/1403 647/821/1404 637/810/1384 638/811/1383
s 91
f 649/823/1405 648/822/1406 638/811/1386 639/812/1385
s 90
f 650/824/1407 649/823/1408 639/812/1388 640/813/1387
s 89
f 641/825/1409 650/824/1410 640/813/1390 631/814/1389
s 98
f 652/826/1411 651/827/1412 641/816/1392 642/815/1391
s 97
f 653/828/1413 652/826/1414 642/815/1394 643/817/1393
s 96
f 654/829/1415 653/828/1416 643/817/1396 644/818/1395
s 95
f 655/830/1417 654/829/1418 644/818/1398 645/819/1397
s 94
f 656/831/1419 655/830/1420 645/819/1400 646/820/1399
s 93
f 657/832/1421 656/831/1422 646/820/1402 647/821/1401
s 92
f 658/833/1423 657/832/1424 647/821/1404 648/822/1403
s 91
f 659/834/1425 658/833/1426 648/822/1406 649/823/1405
s 90
f 660/835/1427 659/834/1428 649/823/1408 650/824/1407
s 89
f 651/836/1429 660/835/1430 650/824/1410 641/825/1409
s 98
f 662/837/1431 661/838/1432 651/827/1412 652/826/1411
s 97
f 663/839/1433 662/837/1434 652/826/1414 653/828/1413
s 96
f 664/840/1435 663/839/1436 653/828/1416 654/829/1415
s 95
f 665/841/1437 664/840/1438 654/829/1418 655/830/1417
s 94
f 666/842/1439 665/841/1440 655/830/1420 656/831/1419
s 93
f 667/843/1441 666/842/1442 656/831/1422 657/832/1421
s 92
f 668/844/1443 667/843/1444 657/832/1424 658/833/1423
s 91
f 669/845/1445 668/844/1446 658/833/1426 659/834/1425
s 90
f 670/846/1447 669/845/1448 659/834/1428 660/835/1427
s 89
f 661/847/1449 670/846/1450 660/835/1430 651/836/1429
s 98
f 672/848/1451 671/849/1452 661/838/1432 662/837/1431
s 97
f 673/850/1453 672/848/1454 662/837/1434 663/839/1433
s 96
f 674/851/1455 673/850/1456 663/839/1436 664/840/1435
s 95
f 675/852/1457 674/851/1458 664/840/1438 665/841/1437
s 94
f 676/853/1459 675/852/1460 665/841/1440 666/842/1439
s 93
f 677/854/1461 676/853/1462 666/842/1442 667/843/1441
s 92
f 678/855/1463 677/854/1464 667/843/1444 668/844/1443
s 91
f 679/856/1465 678/855/1466 668/844/1446 669/845/1445
s 90
f 680/857/1467 679/856/1468 669/845/1448 670/846/1447
s 89
f 671/858/1469 680/857/1470 670/846/1450 661/847/1449
s 98
f 682/859/1471 681/860/1472 671/849/1452 672/848/1451
s 97
f 683/861/1473 682/859/1474 672/848/1454 673/850/1453
s 96
f 684/862/1475 683/861/1476 673/850/1456 674/851/1455
s 95
f 685/863/1477 684/862/1478 674/851/1458 675/852/1457
s 94
f 686/864/1479 685/863/1480 675/852/1460 676/853/1459
s 93
f 687/865/1481 686/864/1482 676/853/1462 677/854/1461
s 92
f 688/866/1483 687/865/1484 677/854/1464 678/855/1463
s 91
f 689/867/1485 688/866/1486 678/855/1466 679/856/1465
s 90
f 690/868/1487 689/867/1488 679/856/1468 680/857/1467
s 89
f 681/869/1489 690/868/1490 680/857/1470 671/858/1469
s 98
f 692/870/1491 691/871/1492 681/860/1472 682/859/1471
s 97
f 693/872/1493 692/870/1494 682/859/1474 683/861/1473
s 96
f 694/873/1495 693/872/1496 683/861/1476 684/862/1475
s 95
f 695/874/1497 694/873/1498 684/862/1478 685/863/1477
s 94
f 696/875/1499 695/874/1500 685/863/1480 686/864/1479
s 93
f 697/876/1501 696/875/1502 686/864/1482 687/865/1481
s 92
f 698/877/1503 697/876/1504 687/865/1484 688/866/1483
s 91
f 699/878/1505 698/877/1506 688/866/1486 689/867/1485
s 90
f 700/879/1507 699/878/1508 689/867/1488 690/868/1487
s 89
f 691/880/1509 700/879/1510 690/868/1490 681/869/1489
s 98
f 702/724/1248 701/726/1247 691/871/1492 692/870/1491
s 97
f 703/722/1244 702/724/1243 692/870/1494 693/872/1493
s 96
f 704/720/1240 703/722/1239 693/872/1496 694/873/1495
s 95
f 705/718/1236 704/720/1235 694/873/1498 695/874/1497
s 94
f 706/716/1232 705/718/1231 695/874/1500 696/875/1499
s 93
f 707/714/1228 706/716/1227 696/875/1502 697/876/1501
s 92
f 708/712/1224 707/714/1223 697/876/1504 698/877/1503
s 91
f 709/710/1220 708/712/1219 698/877/1506 699/878/1505
s 90
f 710/707/1216 709/710/1215 699/878/1508 700/879/1507
s 89
f 701/708/1212 710/707/1211 700/879/1510 691/880/1509
