# This file uses centimeters as units for non-parametric coordinates.

mtllib GrateGlassWay.mtl
g default
v -80.182877 -0.314351 29.655317
v 80.182877 -0.314351 29.655317
v -80.182877 2.372382 29.655317
v 80.182877 2.372382 29.655317
v -80.182877 2.372382 -32.040188
v 80.182877 2.372382 -32.040188
v -80.182877 -0.314351 -32.040188
v 80.182877 -0.314351 -32.040188
v 11.226029 2.480891 -32.419003
v 10.947261 2.338851 -32.419003
v 10.726029 2.117619 -32.419003
v 10.583989 1.838851 -32.419003
v 10.535046 1.529833 -32.419003
v 10.583990 1.220816 -32.419003
v 10.726029 0.942048 -32.419003
v 10.947261 0.720816 -32.419003
v 11.226029 0.578777 -32.419003
v 11.535047 0.529833 -32.419003
v 11.844064 0.578777 -32.419003
v 12.122832 0.720816 -32.419003
v 12.344064 0.942048 -32.419003
v 12.486103 1.220816 -32.419003
v 12.535047 1.529833 -32.419003
v 12.486103 1.838850 -32.419003
v 12.344064 2.117619 -32.419003
v 12.122832 2.338850 -32.419003
v 11.844064 2.480890 -32.419003
v 11.535047 2.529833 -32.419003
v 11.226029 2.480891 29.541248
v 10.947261 2.338851 29.541248
v 10.726029 2.117619 29.541248
v 10.583989 1.838851 29.541248
v 10.535046 1.529833 29.541248
v 10.583990 1.220816 29.541248
v 10.726029 0.942048 29.541248
v 10.947261 0.720816 29.541248
v 11.226029 0.578777 29.541248
v 11.535047 0.529833 29.541248
v 11.844064 0.578777 29.541248
v 12.122832 0.720816 29.541248
v 12.344064 0.942048 29.541248
v 12.486103 1.220816 29.541248
v 12.535047 1.529833 29.541248
v 12.486103 1.838850 29.541248
v 12.344064 2.117619 29.541248
v 12.122832 2.338850 29.541248
v 11.844064 2.480890 29.541248
v 11.535047 2.529833 29.541248
v 11.535047 1.529833 -32.419003
v 11.535047 1.529833 29.541248
v 69.355743 2.480891 -32.419003
v 69.076981 2.338851 -32.419003
v 68.855743 2.117619 -32.419003
v 68.713707 1.838851 -32.419003
v 68.664764 1.529833 -32.419003
v 68.713707 1.220816 -32.419003
v 68.855743 0.942048 -32.419003
v 69.076981 0.720816 -32.419003
v 69.355751 0.578777 -32.419003
v 69.664764 0.529833 -32.419003
v 69.973778 0.578777 -32.419003
v 70.252548 0.720816 -32.419003
v 70.473778 0.942048 -32.419003
v 70.615822 1.220816 -32.419003
v 70.664764 1.529833 -32.419003
v 70.615822 1.838850 -32.419003
v 70.473778 2.117619 -32.419003
v 70.252548 2.338850 -32.419003
v 69.973778 2.480890 -32.419003
v 69.664764 2.529833 -32.419003
v 69.355743 2.480891 29.541248
v 69.076981 2.338851 29.541248
v 68.855743 2.117619 29.541248
v 68.713707 1.838851 29.541248
v 68.664764 1.529833 29.541248
v 68.713707 1.220816 29.541248
v 68.855743 0.942048 29.541248
v 69.076981 0.720816 29.541248
v 69.355751 0.578777 29.541248
v 69.664764 0.529833 29.541248
v 69.973778 0.578777 29.541248
v 70.252548 0.720816 29.541248
v 70.473778 0.942048 29.541248
v 70.615822 1.220816 29.541248
v 70.664764 1.529833 29.541248
v 70.615822 1.838850 29.541248
v 70.473778 2.117619 29.541248
v 70.252548 2.338850 29.541248
v 69.973778 2.480890 29.541248
v 69.664764 2.529833 29.541248
v 69.664764 1.529833 -32.419003
v 69.664764 1.529833 29.541248
v -11.801365 2.480891 -32.419003
v -12.080133 2.338851 -32.419003
v -12.301365 2.117619 -32.419003
v -12.443405 1.838851 -32.419003
v -12.492348 1.529833 -32.419003
v -12.443405 1.220816 -32.419003
v -12.301365 0.942048 -32.419003
v -12.080133 0.720816 -32.419003
v -11.801365 0.578777 -32.419003
v -11.492348 0.529833 -32.419003
v -11.183331 0.578777 -32.419003
v -10.904562 0.720816 -32.419003
v -10.683331 0.942048 -32.419003
v -10.541291 1.220816 -32.419003
v -10.492348 1.529833 -32.419003
v -10.541291 1.838850 -32.419003
v -10.683331 2.117619 -32.419003
v -10.904562 2.338850 -32.419003
v -11.183331 2.480890 -32.419003
v -11.492348 2.529833 -32.419003
v -11.801365 2.480891 29.541248
v -12.080133 2.338851 29.541248
v -12.301365 2.117619 29.541248
v -12.443405 1.838851 29.541248
v -12.492348 1.529833 29.541248
v -12.443405 1.220816 29.541248
v -12.301365 0.942048 29.541248
v -12.080133 0.720816 29.541248
v -11.801365 0.578777 29.541248
v -11.492348 0.529833 29.541248
v -11.183331 0.578777 29.541248
v -10.904562 0.720816 29.541248
v -10.683331 0.942048 29.541248
v -10.541291 1.220816 29.541248
v -10.492348 1.529833 29.541248
v -10.541291 1.838850 29.541248
v -10.683331 2.117619 29.541248
v -10.904562 2.338850 29.541248
v -11.183331 2.480890 29.541248
v -11.492348 2.529833 29.541248
v -11.492348 1.529833 -32.419003
v -11.492348 1.529833 29.541248
v 45.747688 2.480891 -32.419003
v 45.468922 2.338851 -32.419003
v 45.247688 2.117619 -32.419003
v 45.105648 1.838851 -32.419003
v 45.056705 1.529833 -32.419003
v 45.105648 1.220816 -32.419003
v 45.247688 0.942048 -32.419003
v 45.468922 0.720816 -32.419003
v 45.747688 0.578777 -32.419003
v 46.056705 0.529833 -32.419003
v 46.365723 0.578777 -32.419003
v 46.644489 0.720816 -32.419003
v 46.865723 0.942048 -32.419003
v 47.007763 1.220816 -32.419003
v 47.056705 1.529833 -32.419003
v 47.007763 1.838850 -32.419003
v 46.865723 2.117619 -32.419003
v 46.644489 2.338850 -32.419003
v 46.365723 2.480890 -32.419003
v 46.056705 2.529833 -32.419003
v 45.747688 2.480891 29.541248
v 45.468922 2.338851 29.541248
v 45.247688 2.117619 29.541248
v 45.105648 1.838851 29.541248
v 45.056705 1.529833 29.541248
v 45.105648 1.220816 29.541248
v 45.247688 0.942048 29.541248
v 45.468922 0.720816 29.541248
v 45.747688 0.578777 29.541248
v 46.056705 0.529833 29.541248
v 46.365723 0.578777 29.541248
v 46.644489 0.720816 29.541248
v 46.865723 0.942048 29.541248
v 47.007763 1.220816 29.541248
v 47.056705 1.529833 29.541248
v 47.007763 1.838850 29.541248
v 46.865723 2.117619 29.541248
v 46.644489 2.338850 29.541248
v 46.365723 2.480890 29.541248
v 46.056705 2.529833 29.541248
v 46.056705 1.529833 -32.419003
v 46.056705 1.529833 29.541248
v 22.720293 2.480891 -32.419003
v 22.441525 2.338851 -32.419003
v 22.220293 2.117619 -32.419003
v 22.078253 1.838851 -32.419003
v 22.029310 1.529833 -32.419003
v 22.078253 1.220816 -32.419003
v 22.220293 0.942048 -32.419003
v 22.441525 0.720816 -32.419003
v 22.720293 0.578777 -32.419003
v 23.029310 0.529833 -32.419003
v 23.338327 0.578777 -32.419003
v 23.617096 0.720816 -32.419003
v 23.838327 0.942048 -32.419003
v 23.980368 1.220816 -32.419003
v 24.029310 1.529833 -32.419003
v 23.980368 1.838850 -32.419003
v 23.838327 2.117619 -32.419003
v 23.617096 2.338850 -32.419003
v 23.338327 2.480890 -32.419003
v 23.029310 2.529833 -32.419003
v 22.720293 2.480891 29.541248
v 22.441525 2.338851 29.541248
v 22.220293 2.117619 29.541248
v 22.078253 1.838851 29.541248
v 22.029310 1.529833 29.541248
v 22.078253 1.220816 29.541248
v 22.220293 0.942048 29.541248
v 22.441525 0.720816 29.541248
v 22.720293 0.578777 29.541248
v 23.029310 0.529833 29.541248
v 23.338327 0.578777 29.541248
v 23.617096 0.720816 29.541248
v 23.838327 0.942048 29.541248
v 23.980368 1.220816 29.541248
v 24.029310 1.529833 29.541248
v 23.980368 1.838850 29.541248
v 23.838327 2.117619 29.541248
v 23.617096 2.338850 29.541248
v 23.338327 2.480890 29.541248
v 23.029310 2.529833 29.541248
v 23.029310 1.529833 -32.419003
v 23.029310 1.529833 29.541248
v -0.479243 2.480891 -32.419003
v -0.758012 2.338851 -32.419003
v -0.979244 2.117619 -32.419003
v -1.121283 1.838851 -32.419003
v -1.170227 1.529833 -32.419003
v -1.121283 1.220816 -32.419003
v -0.979243 0.942048 -32.419003
v -0.758012 0.720816 -32.419003
v -0.479243 0.578777 -32.419003
v -0.170226 0.529833 -32.419003
v 0.138791 0.578777 -32.419003
v 0.417559 0.720816 -32.419003
v 0.638791 0.942048 -32.419003
v 0.780831 1.220816 -32.419003
v 0.829774 1.529833 -32.419003
v 0.780830 1.838850 -32.419003
v 0.638791 2.117619 -32.419003
v 0.417559 2.338850 -32.419003
v 0.138791 2.480890 -32.419003
v -0.170226 2.529833 -32.419003
v -0.479243 2.480891 29.541248
v -0.758012 2.338851 29.541248
v -0.979244 2.117619 29.541248
v -1.121283 1.838851 29.541248
v -1.170227 1.529833 29.541248
v -1.121283 1.220816 29.541248
v -0.979243 0.942048 29.541248
v -0.758012 0.720816 29.541248
v -0.479243 0.578777 29.541248
v -0.170226 0.529833 29.541248
v 0.138791 0.578777 29.541248
v 0.417559 0.720816 29.541248
v 0.638791 0.942048 29.541248
v 0.780831 1.220816 29.541248
v 0.829774 1.529833 29.541248
v 0.780830 1.838850 29.541248
v 0.638791 2.117619 29.541248
v 0.417559 2.338850 29.541248
v 0.138791 2.480890 29.541248
v -0.170226 2.529833 29.541248
v -0.170226 1.529833 -32.419003
v -0.170226 1.529833 29.541248
v 57.452961 2.480891 -32.419003
v 57.174194 2.338851 -32.419003
v 56.952961 2.117619 -32.419003
v 56.810921 1.838851 -32.419003
v 56.761978 1.529833 -32.419003
v 56.810921 1.220816 -32.419003
v 56.952961 0.942048 -32.419003
v 57.174194 0.720816 -32.419003
v 57.452961 0.578777 -32.419003
v 57.761978 0.529833 -32.419003
v 58.070995 0.578777 -32.419003
v 58.349762 0.720816 -32.419003
v 58.570995 0.942048 -32.419003
v 58.713036 1.220816 -32.419003
v 58.761978 1.529833 -32.419003
v 58.713036 1.838850 -32.419003
v 58.570995 2.117619 -32.419003
v 58.349762 2.338850 -32.419003
v 58.070995 2.480890 -32.419003
v 57.761978 2.529833 -32.419003
v 57.452961 2.480891 29.541248
v 57.174194 2.338851 29.541248
v 56.952961 2.117619 29.541248
v 56.810921 1.838851 29.541248
v 56.761978 1.529833 29.541248
v 56.810921 1.220816 29.541248
v 56.952961 0.942048 29.541248
v 57.174194 0.720816 29.541248
v 57.452961 0.578777 29.541248
v 57.761978 0.529833 29.541248
v 58.070995 0.578777 29.541248
v 58.349762 0.720816 29.541248
v 58.570995 0.942048 29.541248
v 58.713036 1.220816 29.541248
v 58.761978 1.529833 29.541248
v 58.713036 1.838850 29.541248
v 58.570995 2.117619 29.541248
v 58.349762 2.338850 29.541248
v 58.070995 2.480890 29.541248
v 57.761978 2.529833 29.541248
v 57.761978 1.529833 -32.419003
v 57.761978 1.529833 29.541248
v 34.425568 2.480891 -32.419003
v 34.146801 2.338851 -32.419003
v 33.925568 2.117619 -32.419003
v 33.783527 1.838851 -32.419003
v 33.734585 1.529833 -32.419003
v 33.783527 1.220816 -32.419003
v 33.925568 0.942048 -32.419003
v 34.146801 0.720816 -32.419003
v 34.425568 0.578777 -32.419003
v 34.734585 0.529833 -32.419003
v 35.043602 0.578777 -32.419003
v 35.322369 0.720816 -32.419003
v 35.543602 0.942048 -32.419003
v 35.685642 1.220816 -32.419003
v 35.734585 1.529833 -32.419003
v 35.685642 1.838850 -32.419003
v 35.543602 2.117619 -32.419003
v 35.322369 2.338850 -32.419003
v 35.043602 2.480890 -32.419003
v 34.734585 2.529833 -32.419003
v 34.425568 2.480891 29.541248
v 34.146801 2.338851 29.541248
v 33.925568 2.117619 29.541248
v 33.783527 1.838851 29.541248
v 33.734585 1.529833 29.541248
v 33.783527 1.220816 29.541248
v 33.925568 0.942048 29.541248
v 34.146801 0.720816 29.541248
v 34.425568 0.578777 29.541248
v 34.734585 0.529833 29.541248
v 35.043602 0.578777 29.541248
v 35.322369 0.720816 29.541248
v 35.543602 0.942048 29.541248
v 35.685642 1.220816 29.541248
v 35.734585 1.529833 29.541248
v 35.685642 1.838850 29.541248
v 35.543602 2.117619 29.541248
v 35.322369 2.338850 29.541248
v 35.043602 2.480890 29.541248
v 34.734585 2.529833 29.541248
v 34.734585 1.529833 -32.419003
v 34.734585 1.529833 29.541248
v -23.506638 2.480891 -32.419003
v -23.785406 2.338851 -32.419003
v -24.006638 2.117619 -32.419003
v -24.148678 1.838851 -32.419003
v -24.197620 1.529833 -32.419003
v -24.148678 1.220816 -32.419003
v -24.006638 0.942048 -32.419003
v -23.785406 0.720816 -32.419003
v -23.506638 0.578777 -32.419003
v -23.197620 0.529833 -32.419003
v -22.888603 0.578777 -32.419003
v -22.609835 0.720816 -32.419003
v -22.388603 0.942048 -32.419003
v -22.246563 1.220816 -32.419003
v -22.197620 1.529833 -32.419003
v -22.246563 1.838850 -32.419003
v -22.388603 2.117619 -32.419003
v -22.609835 2.338850 -32.419003
v -22.888603 2.480890 -32.419003
v -23.197620 2.529833 -32.419003
v -23.506638 2.480891 29.541248
v -23.785406 2.338851 29.541248
v -24.006638 2.117619 29.541248
v -24.148678 1.838851 29.541248
v -24.197620 1.529833 29.541248
v -24.148678 1.220816 29.541248
v -24.006638 0.942048 29.541248
v -23.785406 0.720816 29.541248
v -23.506638 0.578777 29.541248
v -23.197620 0.529833 29.541248
v -22.888603 0.578777 29.541248
v -22.609835 0.720816 29.541248
v -22.388603 0.942048 29.541248
v -22.246563 1.220816 29.541248
v -22.197620 1.529833 29.541248
v -22.246563 1.838850 29.541248
v -22.388603 2.117619 29.541248
v -22.609835 2.338850 29.541248
v -22.888603 2.480890 29.541248
v -23.197620 2.529833 29.541248
v -23.197620 1.529833 -32.419003
v -23.197620 1.529833 29.541248
v 80.308662 2.480891 11.374930
v 80.308662 2.338851 11.096162
v 80.308662 2.117619 10.874930
v 80.308662 1.838851 10.732891
v 80.308662 1.529833 10.683948
v 80.308662 1.220816 10.732891
v 80.308662 0.942048 10.874930
v 80.308662 0.720816 11.096163
v 80.308662 0.578777 11.374930
v 80.308662 0.529833 11.683948
v 80.308662 0.578777 11.992965
v 80.308662 0.720816 12.271733
v 80.308662 0.942048 12.492965
v 80.308662 1.220816 12.635004
v 80.308662 1.529833 12.683949
v 80.308662 1.838850 12.635004
v 80.308662 2.117619 12.492965
v 80.308662 2.338850 12.271733
v 80.308662 2.480890 11.992965
v 80.308662 2.529833 11.683948
v -80.308662 2.480891 11.374930
v -80.308662 2.338851 11.096162
v -80.308662 2.117619 10.874930
v -80.308662 1.838851 10.732891
v -80.308662 1.529833 10.683948
v -80.308662 1.220816 10.732891
v -80.308662 0.942048 10.874930
v -80.308662 0.720816 11.096163
v -80.308662 0.578777 11.374930
v -80.308662 0.529833 11.683948
v -80.308662 0.578777 11.992965
v -80.308662 0.720816 12.271733
v -80.308662 0.942048 12.492965
v -80.308662 1.220816 12.635004
v -80.308662 1.529833 12.683949
v -80.308662 1.838850 12.635004
v -80.308662 2.117619 12.492965
v -80.308662 2.338850 12.271733
v -80.308662 2.480890 11.992965
v -80.308662 2.529833 11.683948
v 80.308662 1.529833 11.683948
v -80.308662 1.529833 11.683948
v 80.308662 2.480891 2.591592
v 80.308662 2.338851 2.312823
v 80.308662 2.117619 2.091592
v 80.308662 1.838851 1.949552
v 80.308662 1.529833 1.900609
v 80.308662 1.220816 1.949552
v 80.308662 0.942048 2.091592
v 80.308662 0.720816 2.312823
v 80.308662 0.578777 2.591592
v 80.308662 0.529833 2.900609
v 80.308662 0.578777 3.209626
v 80.308662 0.720816 3.488394
v 80.308662 0.942048 3.709626
v 80.308662 1.220816 3.851665
v 80.308662 1.529833 3.900609
v 80.308662 1.838850 3.851665
v 80.308662 2.117619 3.709626
v 80.308662 2.338850 3.488394
v 80.308662 2.480890 3.209626
v 80.308662 2.529833 2.900609
v -80.308662 2.480891 2.591592
v -80.308662 2.338851 2.312823
v -80.308662 2.117619 2.091592
v -80.308662 1.838851 1.949552
v -80.308662 1.529833 1.900609
v -80.308662 1.220816 1.949552
v -80.308662 0.942048 2.091592
v -80.308662 0.720816 2.312823
v -80.308662 0.578777 2.591592
v -80.308662 0.529833 2.900609
v -80.308662 0.578777 3.209626
v -80.308662 0.720816 3.488394
v -80.308662 0.942048 3.709626
v -80.308662 1.220816 3.851665
v -80.308662 1.529833 3.900609
v -80.308662 1.838850 3.851665
v -80.308662 2.117619 3.709626
v -80.308662 2.338850 3.488394
v -80.308662 2.480890 3.209626
v -80.308662 2.529833 2.900609
v 80.308662 1.529833 2.900609
v -80.308662 1.529833 2.900609
v -34.737484 2.480891 -32.419003
v -35.016251 2.338851 -32.419003
v -35.237484 2.117619 -32.419003
v -35.379524 1.838851 -32.419003
v -35.428467 1.529833 -32.419003
v -35.379524 1.220816 -32.419003
v -35.237484 0.942048 -32.419003
v -35.016251 0.720816 -32.419003
v -34.737484 0.578777 -32.419003
v -34.428467 0.529833 -32.419003
v -34.119450 0.578777 -32.419003
v -33.840683 0.720816 -32.419003
v -33.619450 0.942048 -32.419003
v -33.477409 1.220816 -32.419003
v -33.428467 1.529833 -32.419003
v -33.477409 1.838850 -32.419003
v -33.619450 2.117619 -32.419003
v -33.840683 2.338850 -32.419003
v -34.119450 2.480890 -32.419003
v -34.428467 2.529833 -32.419003
v -34.737484 2.480891 29.541248
v -35.016251 2.338851 29.541248
v -35.237484 2.117619 29.541248
v -35.379524 1.838851 29.541248
v -35.428467 1.529833 29.541248
v -35.379524 1.220816 29.541248
v -35.237484 0.942048 29.541248
v -35.016251 0.720816 29.541248
v -34.737484 0.578777 29.541248
v -34.428467 0.529833 29.541248
v -34.119450 0.578777 29.541248
v -33.840683 0.720816 29.541248
v -33.619450 0.942048 29.541248
v -33.477409 1.220816 29.541248
v -33.428467 1.529833 29.541248
v -33.477409 1.838850 29.541248
v -33.619450 2.117619 29.541248
v -33.840683 2.338850 29.541248
v -34.119450 2.480890 29.541248
v -34.428467 2.529833 29.541248
v -34.428467 1.529833 -32.419003
v -34.428467 1.529833 29.541248
v 80.308662 2.480891 -14.763032
v 80.308662 2.338851 -15.041800
v 80.308662 2.117619 -15.263032
v 80.308662 1.838851 -15.405072
v 80.308662 1.529833 -15.454015
v 80.308662 1.220816 -15.405072
v 80.308662 0.942048 -15.263032
v 80.308662 0.720816 -15.041800
v 80.308662 0.578777 -14.763032
v 80.308662 0.529833 -14.454015
v 80.308662 0.578777 -14.144998
v 80.308662 0.720816 -13.866229
v 80.308662 0.942048 -13.644998
v 80.308662 1.220816 -13.502957
v 80.308662 1.529833 -13.454015
v 80.308662 1.838850 -13.502957
v 80.308662 2.117619 -13.644998
v 80.308662 2.338850 -13.866229
v 80.308662 2.480890 -14.144998
v 80.308662 2.529833 -14.454015
v -80.308662 2.480891 -14.763032
v -80.308662 2.338851 -15.041800
v -80.308662 2.117619 -15.263032
v -80.308662 1.838851 -15.405072
v -80.308662 1.529833 -15.454015
v -80.308662 1.220816 -15.405072
v -80.308662 0.942048 -15.263032
v -80.308662 0.720816 -15.041800
v -80.308662 0.578777 -14.763032
v -80.308662 0.529833 -14.454015
v -80.308662 0.578777 -14.144998
v -80.308662 0.720816 -13.866229
v -80.308662 0.942048 -13.644998
v -80.308662 1.220816 -13.502957
v -80.308662 1.529833 -13.454015
v -80.308662 1.838850 -13.502957
v -80.308662 2.117619 -13.644998
v -80.308662 2.338850 -13.866229
v -80.308662 2.480890 -14.144998
v -80.308662 2.529833 -14.454015
v 80.308662 1.529833 -14.454015
v -80.308662 1.529833 -14.454015
v -69.470154 2.480891 -32.419003
v -69.748917 2.338851 -32.419003
v -69.970154 2.117619 -32.419003
v -70.112190 1.838851 -32.419003
v -70.161133 1.529833 -32.419003
v -70.112190 1.220816 -32.419003
v -69.970154 0.942048 -32.419003
v -69.748917 0.720816 -32.419003
v -69.470146 0.578777 -32.419003
v -69.161133 0.529833 -32.419003
v -68.852119 0.578777 -32.419003
v -68.573349 0.720816 -32.419003
v -68.352119 0.942048 -32.419003
v -68.210075 1.220816 -32.419003
v -68.161133 1.529833 -32.419003
v -68.210075 1.838850 -32.419003
v -68.352119 2.117619 -32.419003
v -68.573349 2.338850 -32.419003
v -68.852119 2.480890 -32.419003
v -69.161133 2.529833 -32.419003
v -69.470154 2.480891 29.541248
v -69.748917 2.338851 29.541248
v -69.970154 2.117619 29.541248
v -70.112190 1.838851 29.541248
v -70.161133 1.529833 29.541248
v -70.112190 1.220816 29.541248
v -69.970154 0.942048 29.541248
v -69.748917 0.720816 29.541248
v -69.470146 0.578777 29.541248
v -69.161133 0.529833 29.541248
v -68.852119 0.578777 29.541248
v -68.573349 0.720816 29.541248
v -68.352119 0.942048 29.541248
v -68.210075 1.220816 29.541248
v -68.161133 1.529833 29.541248
v -68.210075 1.838850 29.541248
v -68.352119 2.117619 29.541248
v -68.573349 2.338850 29.541248
v -68.852119 2.480890 29.541248
v -69.161133 2.529833 29.541248
v -69.161133 1.529833 -32.419003
v -69.161133 1.529833 29.541248
v 80.308662 2.480891 -5.979693
v 80.308662 2.338851 -6.258462
v 80.308662 2.117619 -6.479693
v 80.308662 1.838851 -6.621734
v 80.308662 1.529833 -6.670676
v 80.308662 1.220816 -6.621734
v 80.308662 0.942048 -6.479693
v 80.308662 0.720816 -6.258462
v 80.308662 0.578777 -5.979693
v 80.308662 0.529833 -5.670676
v 80.308662 0.578777 -5.361659
v 80.308662 0.720816 -5.082891
v 80.308662 0.942048 -4.861659
v 80.308662 1.220816 -4.719620
v 80.308662 1.529833 -4.670676
v 80.308662 1.838850 -4.719620
v 80.308662 2.117619 -4.861659
v 80.308662 2.338850 -5.082891
v 80.308662 2.480890 -5.361659
v 80.308662 2.529833 -5.670676
v -80.308662 2.480891 -5.979693
v -80.308662 2.338851 -6.258462
v -80.308662 2.117619 -6.479693
v -80.308662 1.838851 -6.621734
v -80.308662 1.529833 -6.670676
v -80.308662 1.220816 -6.621734
v -80.308662 0.942048 -6.479693
v -80.308662 0.720816 -6.258462
v -80.308662 0.578777 -5.979693
v -80.308662 0.529833 -5.670676
v -80.308662 0.578777 -5.361659
v -80.308662 0.720816 -5.082891
v -80.308662 0.942048 -4.861659
v -80.308662 1.220816 -4.719620
v -80.308662 1.529833 -4.670676
v -80.308662 1.838850 -4.719620
v -80.308662 2.117619 -4.861659
v -80.308662 2.338850 -5.082891
v -80.308662 2.480890 -5.361659
v -80.308662 2.529833 -5.670676
v 80.308662 1.529833 -5.670676
v -80.308662 1.529833 -5.670676
v 80.308662 2.480891 29.058167
v 80.308662 2.338851 28.779396
v 80.308662 2.117619 28.558167
v 80.308662 1.838851 28.416126
v 80.308662 1.529833 28.367184
v 80.308662 1.220816 28.416126
v 80.308662 0.942048 28.558167
v 80.308662 0.720816 28.779396
v 80.308662 0.578777 29.058167
v 80.308662 0.529833 29.367184
v 80.308662 0.578777 29.676201
v 80.308662 0.720816 29.954967
v 80.308662 0.942048 30.176201
v 80.308662 1.220816 30.318241
v 80.308662 1.529833 30.367184
v 80.308662 1.838850 30.318241
v 80.308662 2.117619 30.176201
v 80.308662 2.338850 29.954967
v 80.308662 2.480890 29.676201
v 80.308662 2.529833 29.367184
v -80.308662 2.480891 29.058167
v -80.308662 2.338851 28.779396
v -80.308662 2.117619 28.558167
v -80.308662 1.838851 28.416126
v -80.308662 1.529833 28.367184
v -80.308662 1.220816 28.416126
v -80.308662 0.942048 28.558167
v -80.308662 0.720816 28.779396
v -80.308662 0.578777 29.058167
v -80.308662 0.529833 29.367184
v -80.308662 0.578777 29.676201
v -80.308662 0.720816 29.954967
v -80.308662 0.942048 30.176201
v -80.308662 1.220816 30.318241
v -80.308662 1.529833 30.367184
v -80.308662 1.838850 30.318241
v -80.308662 2.117619 30.176201
v -80.308662 2.338850 29.954967
v -80.308662 2.480890 29.676201
v -80.308662 2.529833 29.367184
v 80.308662 1.529833 29.367184
v -80.308662 1.529833 29.367184
v 80.308662 2.480891 -32.446266
v 80.308662 2.338851 -32.725033
v 80.308662 2.117619 -32.946266
v 80.308662 1.838851 -33.088306
v 80.308662 1.529833 -33.137249
v 80.308662 1.220816 -33.088306
v 80.308662 0.942048 -32.946266
v 80.308662 0.720816 -32.725033
v 80.308662 0.578777 -32.446266
v 80.308662 0.529833 -32.137249
v 80.308662 0.578777 -31.828232
v 80.308662 0.720816 -31.549465
v 80.308662 0.942048 -31.328232
v 80.308662 1.220816 -31.186192
v 80.308662 1.529833 -31.137249
v 80.308662 1.838850 -31.186192
v 80.308662 2.117619 -31.328232
v 80.308662 2.338850 -31.549465
v 80.308662 2.480890 -31.828232
v 80.308662 2.529833 -32.137249
v -80.308662 2.480891 -32.446266
v -80.308662 2.338851 -32.725033
v -80.308662 2.117619 -32.946266
v -80.308662 1.838851 -33.088306
v -80.308662 1.529833 -33.137249
v -80.308662 1.220816 -33.088306
v -80.308662 0.942048 -32.946266
v -80.308662 0.720816 -32.725033
v -80.308662 0.578777 -32.446266
v -80.308662 0.529833 -32.137249
v -80.308662 0.578777 -31.828232
v -80.308662 0.720816 -31.549465
v -80.308662 0.942048 -31.328232
v -80.308662 1.220816 -31.186192
v -80.308662 1.529833 -31.137249
v -80.308662 1.838850 -31.186192
v -80.308662 2.117619 -31.328232
v -80.308662 2.338850 -31.549465
v -80.308662 2.480890 -31.828232
v -80.308662 2.529833 -32.137249
v 80.308662 1.529833 -32.137249
v -80.308662 1.529833 -32.137249
v 80.308662 2.480891 -23.662926
v 80.308662 2.338851 -23.941692
v 80.308662 2.117619 -24.162926
v 80.308662 1.838851 -24.304966
v 80.308662 1.529833 -24.353909
v 80.308662 1.220816 -24.304966
v 80.308662 0.942048 -24.162926
v 80.308662 0.720816 -23.941692
v 80.308662 0.578777 -23.662926
v 80.308662 0.529833 -23.353909
v 80.308662 0.578777 -23.044891
v 80.308662 0.720816 -22.766125
v 80.308662 0.942048 -22.544891
v 80.308662 1.220816 -22.402851
v 80.308662 1.529833 -22.353909
v 80.308662 1.838850 -22.402851
v 80.308662 2.117619 -22.544891
v 80.308662 2.338850 -22.766125
v 80.308662 2.480890 -23.044891
v 80.308662 2.529833 -23.353909
v -80.308662 2.480891 -23.662926
v -80.308662 2.338851 -23.941692
v -80.308662 2.117619 -24.162926
v -80.308662 1.838851 -24.304966
v -80.308662 1.529833 -24.353909
v -80.308662 1.220816 -24.304966
v -80.308662 0.942048 -24.162926
v -80.308662 0.720816 -23.941692
v -80.308662 0.578777 -23.662926
v -80.308662 0.529833 -23.353909
v -80.308662 0.578777 -23.044891
v -80.308662 0.720816 -22.766125
v -80.308662 0.942048 -22.544891
v -80.308662 1.220816 -22.402851
v -80.308662 1.529833 -22.353909
v -80.308662 1.838850 -22.402851
v -80.308662 2.117619 -22.544891
v -80.308662 2.338850 -22.766125
v -80.308662 2.480890 -23.044891
v -80.308662 2.529833 -23.353909
v 80.308662 1.529833 -23.353909
v -80.308662 1.529833 -23.353909
v -57.764877 2.480891 -32.419003
v -58.043644 2.338851 -32.419003
v -58.264877 2.117619 -32.419003
v -58.406918 1.838851 -32.419003
v -58.455860 1.529833 -32.419003
v -58.406918 1.220816 -32.419003
v -58.264877 0.942048 -32.419003
v -58.043644 0.720816 -32.419003
v -57.764877 0.578777 -32.419003
v -57.455860 0.529833 -32.419003
v -57.146843 0.578777 -32.419003
v -56.868076 0.720816 -32.419003
v -56.646843 0.942048 -32.419003
v -56.504803 1.220816 -32.419003
v -56.455860 1.529833 -32.419003
v -56.504803 1.838850 -32.419003
v -56.646843 2.117619 -32.419003
v -56.868076 2.338850 -32.419003
v -57.146843 2.480890 -32.419003
v -57.455860 2.529833 -32.419003
v -57.764877 2.480891 29.541248
v -58.043644 2.338851 29.541248
v -58.264877 2.117619 29.541248
v -58.406918 1.838851 29.541248
v -58.455860 1.529833 29.541248
v -58.406918 1.220816 29.541248
v -58.264877 0.942048 29.541248
v -58.043644 0.720816 29.541248
v -57.764877 0.578777 29.541248
v -57.455860 0.529833 29.541248
v -57.146843 0.578777 29.541248
v -56.868076 0.720816 29.541248
v -56.646843 0.942048 29.541248
v -56.504803 1.220816 29.541248
v -56.455860 1.529833 29.541248
v -56.504803 1.838850 29.541248
v -56.646843 2.117619 29.541248
v -56.868076 2.338850 29.541248
v -57.146843 2.480890 29.541248
v -57.455860 2.529833 29.541248
v -57.455860 1.529833 -32.419003
v -57.455860 1.529833 29.541248
v -46.442757 2.480891 -32.419003
v -46.721523 2.338851 -32.419003
v -46.942757 2.117619 -32.419003
v -47.084797 1.838851 -32.419003
v -47.133739 1.529833 -32.419003
v -47.084797 1.220816 -32.419003
v -46.942757 0.942048 -32.419003
v -46.721523 0.720816 -32.419003
v -46.442757 0.578777 -32.419003
v -46.133739 0.529833 -32.419003
v -45.824722 0.578777 -32.419003
v -45.545956 0.720816 -32.419003
v -45.324722 0.942048 -32.419003
v -45.182682 1.220816 -32.419003
v -45.133739 1.529833 -32.419003
v -45.182682 1.838850 -32.419003
v -45.324722 2.117619 -32.419003
v -45.545956 2.338850 -32.419003
v -45.824722 2.480890 -32.419003
v -46.133739 2.529833 -32.419003
v -46.442757 2.480891 29.541248
v -46.721523 2.338851 29.541248
v -46.942757 2.117619 29.541248
v -47.084797 1.838851 29.541248
v -47.133739 1.529833 29.541248
v -47.084797 1.220816 29.541248
v -46.942757 0.942048 29.541248
v -46.721523 0.720816 29.541248
v -46.442757 0.578777 29.541248
v -46.133739 0.529833 29.541248
v -45.824722 0.578777 29.541248
v -45.545956 0.720816 29.541248
v -45.324722 0.942048 29.541248
v -45.182682 1.220816 29.541248
v -45.133739 1.529833 29.541248
v -45.182682 1.838850 29.541248
v -45.324722 2.117619 29.541248
v -45.545956 2.338850 29.541248
v -45.824722 2.480890 29.541248
v -46.133739 2.529833 29.541248
v -46.133739 1.529833 -32.419003
v -46.133739 1.529833 29.541248
v 80.308662 2.480891 20.274826
v 80.308662 2.338851 19.996058
v 80.308662 2.117619 19.774826
v 80.308662 1.838851 19.632786
v 80.308662 1.529833 19.583843
v 80.308662 1.220816 19.632786
v 80.308662 0.942048 19.774826
v 80.308662 0.720816 19.996058
v 80.308662 0.578777 20.274826
v 80.308662 0.529833 20.583843
v 80.308662 0.578777 20.892860
v 80.308662 0.720816 21.171629
v 80.308662 0.942048 21.392860
v 80.308662 1.220816 21.534901
v 80.308662 1.529833 21.583843
v 80.308662 1.838850 21.534901
v 80.308662 2.117619 21.392860
v 80.308662 2.338850 21.171629
v 80.308662 2.480890 20.892860
v 80.308662 2.529833 20.583843
v -80.308662 2.480891 20.274826
v -80.308662 2.338851 19.996058
v -80.308662 2.117619 19.774826
v -80.308662 1.838851 19.632786
v -80.308662 1.529833 19.583843
v -80.308662 1.220816 19.632786
v -80.308662 0.942048 19.774826
v -80.308662 0.720816 19.996058
v -80.308662 0.578777 20.274826
v -80.308662 0.529833 20.583843
v -80.308662 0.578777 20.892860
v -80.308662 0.720816 21.171629
v -80.308662 0.942048 21.392860
v -80.308662 1.220816 21.534901
v -80.308662 1.529833 21.583843
v -80.308662 1.838850 21.534901
v -80.308662 2.117619 21.392860
v -80.308662 2.338850 21.171629
v -80.308662 2.480890 20.892860
v -80.308662 2.529833 20.583843
v 80.308662 1.529833 20.583843
v -80.308662 1.529833 20.583843
vt 1.421369 0.000000
vt 1.671369 0.000000
vt 1.421369 0.250000
vt 1.671369 0.250000
vt 1.421369 0.500000
vt 1.671369 0.500000
vt 1.421369 0.750000
vt 1.671369 0.750000
vt 1.421369 1.000000
vt 1.671369 1.000000
vt 1.921369 0.000000
vt 1.921369 0.250000
vt 1.171369 0.000000
vt 1.171369 0.250000
vt 0.375000 0.312500
vt 0.387500 0.312500
vt 0.387500 0.687500
vt 0.375000 0.687500
vt 0.400000 0.312500
vt 0.400000 0.687500
vt 0.412500 0.312500
vt 0.412500 0.687500
vt 0.425000 0.312500
vt 0.425000 0.687500
vt 0.437500 0.312500
vt 0.437500 0.687500
vt 0.450000 0.312500
vt 0.450000 0.687500
vt 0.462500 0.312500
vt 0.462500 0.687500
vt 0.475000 0.312500
vt 0.475000 0.687500
vt 0.487500 0.312500
vt 0.487500 0.687500
vt 0.500000 0.312500
vt 0.500000 0.687500
vt 0.512500 0.312500
vt 0.512500 0.687500
vt 0.525000 0.312500
vt 0.525000 0.687500
vt 0.537500 0.312500
vt 0.537500 0.687500
vt 0.550000 0.312500
vt 0.550000 0.687500
vt 0.562500 0.312500
vt 0.562500 0.687500
vt 0.575000 0.312500
vt 0.575000 0.687500
vt 0.587500 0.312500
vt 0.587500 0.687500
vt 0.600000 0.312500
vt 0.600000 0.687500
vt 0.612500 0.312500
vt 0.612500 0.687500
vt 0.625000 0.312500
vt 0.625000 0.687500
vt 0.626409 0.064408
vt 0.648603 0.107966
vt 0.500000 0.156250
vt 0.591842 0.029841
vt 0.548284 0.007647
vt 0.500000 -0.000000
vt 0.451716 0.007647
vt 0.408159 0.029841
vt 0.373591 0.064409
vt 0.351397 0.107966
vt 0.343750 0.156250
vt 0.351397 0.204534
vt 0.373591 0.248091
vt 0.408159 0.282659
vt 0.451716 0.304853
vt 0.500000 0.312500
vt 0.548284 0.304853
vt 0.591841 0.282659
vt 0.626409 0.248091
vt 0.648603 0.204534
vt 0.656250 0.156250
vt 0.648603 0.892034
vt 0.626409 0.935591
vt 0.500000 0.843750
vt 0.591841 0.970159
vt 0.548284 0.992353
vt 0.500000 1.000000
vt 0.451716 0.992353
vt 0.408159 0.970159
vt 0.373591 0.935591
vt 0.351397 0.892034
vt 0.343750 0.843750
vt 0.351397 0.795466
vt 0.373591 0.751909
vt 0.408159 0.717341
vt 0.451716 0.695147
vt 0.500000 0.687500
vt 0.548284 0.695147
vt 0.591842 0.717341
vt 0.626409 0.751908
vt 0.648603 0.795466
vt 0.656250 0.843750
vt 0.375000 0.312500
vt 0.387500 0.312500
vt 0.387500 0.687500
vt 0.375000 0.687500
vt 0.400000 0.312500
vt 0.400000 0.687500
vt 0.412500 0.312500
vt 0.412500 0.687500
vt 0.425000 0.312500
vt 0.425000 0.687500
vt 0.437500 0.312500
vt 0.437500 0.687500
vt 0.450000 0.312500
vt 0.450000 0.687500
vt 0.462500 0.312500
vt 0.462500 0.687500
vt 0.475000 0.312500
vt 0.475000 0.687500
vt 0.487500 0.312500
vt 0.487500 0.687500
vt 0.500000 0.312500
vt 0.500000 0.687500
vt 0.512500 0.312500
vt 0.512500 0.687500
vt 0.525000 0.312500
vt 0.525000 0.687500
vt 0.537500 0.312500
vt 0.537500 0.687500
vt 0.550000 0.312500
vt 0.550000 0.687500
vt 0.562500 0.312500
vt 0.562500 0.687500
vt 0.575000 0.312500
vt 0.575000 0.687500
vt 0.587500 0.312500
vt 0.587500 0.687500
vt 0.600000 0.312500
vt 0.600000 0.687500
vt 0.612500 0.312500
vt 0.612500 0.687500
vt 0.625000 0.312500
vt 0.625000 0.687500
vt 0.626409 0.064408
vt 0.648603 0.107966
vt 0.500000 0.156250
vt 0.591842 0.029841
vt 0.548284 0.007647
vt 0.500000 -0.000000
vt 0.451716 0.007647
vt 0.408159 0.029841
vt 0.373591 0.064409
vt 0.351397 0.107966
vt 0.343750 0.156250
vt 0.351397 0.204534
vt 0.373591 0.248091
vt 0.408159 0.282659
vt 0.451716 0.304853
vt 0.500000 0.312500
vt 0.548284 0.304853
vt 0.591841 0.282659
vt 0.626409 0.248091
vt 0.648603 0.204534
vt 0.656250 0.156250
vt 0.648603 0.892034
vt 0.626409 0.935591
vt 0.500000 0.843750
vt 0.591841 0.970159
vt 0.548284 0.992353
vt 0.500000 1.000000
vt 0.451716 0.992353
vt 0.408159 0.970159
vt 0.373591 0.935591
vt 0.351397 0.892034
vt 0.343750 0.843750
vt 0.351397 0.795466
vt 0.373591 0.751909
vt 0.408159 0.717341
vt 0.451716 0.695147
vt 0.500000 0.687500
vt 0.548284 0.695147
vt 0.591842 0.717341
vt 0.626409 0.751908
vt 0.648603 0.795466
vt 0.656250 0.843750
vt 0.375000 0.312500
vt 0.387500 0.312500
vt 0.387500 0.687500
vt 0.375000 0.687500
vt 0.400000 0.312500
vt 0.400000 0.687500
vt 0.412500 0.312500
vt 0.412500 0.687500
vt 0.425000 0.312500
vt 0.425000 0.687500
vt 0.437500 0.312500
vt 0.437500 0.687500
vt 0.450000 0.312500
vt 0.450000 0.687500
vt 0.462500 0.312500
vt 0.462500 0.687500
vt 0.475000 0.312500
vt 0.475000 0.687500
vt 0.487500 0.312500
vt 0.487500 0.687500
vt 0.500000 0.312500
vt 0.500000 0.687500
vt 0.512500 0.312500
vt 0.512500 0.687500
vt 0.525000 0.312500
vt 0.525000 0.687500
vt 0.537500 0.312500
vt 0.537500 0.687500
vt 0.550000 0.312500
vt 0.550000 0.687500
vt 0.562500 0.312500
vt 0.562500 0.687500
vt 0.575000 0.312500
vt 0.575000 0.687500
vt 0.587500 0.312500
vt 0.587500 0.687500
vt 0.600000 0.312500
vt 0.600000 0.687500
vt 0.612500 0.312500
vt 0.612500 0.687500
vt 0.625000 0.312500
vt 0.625000 0.687500
vt 0.626409 0.064408
vt 0.648603 0.107966
vt 0.500000 0.156250
vt 0.591842 0.029841
vt 0.548284 0.007647
vt 0.500000 -0.000000
vt 0.451716 0.007647
vt 0.408159 0.029841
vt 0.373591 0.064409
vt 0.351397 0.107966
vt 0.343750 0.156250
vt 0.351397 0.204534
vt 0.373591 0.248091
vt 0.408159 0.282659
vt 0.451716 0.304853
vt 0.500000 0.312500
vt 0.548284 0.304853
vt 0.591841 0.282659
vt 0.626409 0.248091
vt 0.648603 0.204534
vt 0.656250 0.156250
vt 0.648603 0.892034
vt 0.626409 0.935591
vt 0.500000 0.843750
vt 0.591841 0.970159
vt 0.548284 0.992353
vt 0.500000 1.000000
vt 0.451716 0.992353
vt 0.408159 0.970159
vt 0.373591 0.935591
vt 0.351397 0.892034
vt 0.343750 0.843750
vt 0.351397 0.795466
vt 0.373591 0.751909
vt 0.408159 0.717341
vt 0.451716 0.695147
vt 0.500000 0.687500
vt 0.548284 0.695147
vt 0.591842 0.717341
vt 0.626409 0.751908
vt 0.648603 0.795466
vt 0.656250 0.843750
vt 0.375000 0.312500
vt 0.387500 0.312500
vt 0.387500 0.687500
vt 0.375000 0.687500
vt 0.400000 0.312500
vt 0.400000 0.687500
vt 0.412500 0.312500
vt 0.412500 0.687500
vt 0.425000 0.312500
vt 0.425000 0.687500
vt 0.437500 0.312500
vt 0.437500 0.687500
vt 0.450000 0.312500
vt 0.450000 0.687500
vt 0.462500 0.312500
vt 0.462500 0.687500
vt 0.475000 0.312500
vt 0.475000 0.687500
vt 0.487500 0.312500
vt 0.487500 0.687500
vt 0.500000 0.312500
vt 0.500000 0.687500
vt 0.512500 0.312500
vt 0.512500 0.687500
vt 0.525000 0.312500
vt 0.525000 0.687500
vt 0.537500 0.312500
vt 0.537500 0.687500
vt 0.550000 0.312500
vt 0.550000 0.687500
vt 0.562500 0.312500
vt 0.562500 0.687500
vt 0.575000 0.312500
vt 0.575000 0.687500
vt 0.587500 0.312500
vt 0.587500 0.687500
vt 0.600000 0.312500
vt 0.600000 0.687500
vt 0.612500 0.312500
vt 0.612500 0.687500
vt 0.625000 0.312500
vt 0.625000 0.687500
vt 0.626409 0.064408
vt 0.648603 0.107966
vt 0.500000 0.156250
vt 0.591842 0.029841
vt 0.548284 0.007647
vt 0.500000 -0.000000
vt 0.451716 0.007647
vt 0.408159 0.029841
vt 0.373591 0.064409
vt 0.351397 0.107966
vt 0.343750 0.156250
vt 0.351397 0.204534
vt 0.373591 0.248091
vt 0.408159 0.282659
vt 0.451716 0.304853
vt 0.500000 0.312500
vt 0.548284 0.304853
vt 0.591841 0.282659
vt 0.626409 0.248091
vt 0.648603 0.204534
vt 0.656250 0.156250
vt 0.648603 0.892034
vt 0.626409 0.935591
vt 0.500000 0.843750
vt 0.591841 0.970159
vt 0.548284 0.992353
vt 0.500000 1.000000
vt 0.451716 0.992353
vt 0.408159 0.970159
vt 0.373591 0.935591
vt 0.351397 0.892034
vt 0.343750 0.843750
vt 0.351397 0.795466
vt 0.373591 0.751909
vt 0.408159 0.717341
vt 0.451716 0.695147
vt 0.500000 0.687500
vt 0.548284 0.695147
vt 0.591842 0.717341
vt 0.626409 0.751908
vt 0.648603 0.795466
vt 0.656250 0.843750
vt 0.375000 0.312500
vt 0.387500 0.312500
vt 0.387500 0.687500
vt 0.375000 0.687500
vt 0.400000 0.312500
vt 0.400000 0.687500
vt 0.412500 0.312500
vt 0.412500 0.687500
vt 0.425000 0.312500
vt 0.425000 0.687500
vt 0.437500 0.312500
vt 0.437500 0.687500
vt 0.450000 0.312500
vt 0.450000 0.687500
vt 0.462500 0.312500
vt 0.462500 0.687500
vt 0.475000 0.312500
vt 0.475000 0.687500
vt 0.487500 0.312500
vt 0.487500 0.687500
vt 0.500000 0.312500
vt 0.500000 0.687500
vt 0.512500 0.312500
vt 0.512500 0.687500
vt 0.525000 0.312500
vt 0.525000 0.687500
vt 0.537500 0.312500
vt 0.537500 0.687500
vt 0.550000 0.312500
vt 0.550000 0.687500
vt 0.562500 0.312500
vt 0.562500 0.687500
vt 0.575000 0.312500
vt 0.575000 0.687500
vt 0.587500 0.312500
vt 0.587500 0.687500
vt 0.600000 0.312500
vt 0.600000 0.687500
vt 0.612500 0.312500
vt 0.612500 0.687500
vt 0.625000 0.312500
vt 0.625000 0.687500
vt 0.626409 0.064408
vt 0.648603 0.107966
vt 0.500000 0.156250
vt 0.591842 0.029841
vt 0.548284 0.007647
vt 0.500000 -0.000000
vt 0.451716 0.007647
vt 0.408159 0.029841
vt 0.373591 0.064409
vt 0.351397 0.107966
vt 0.343750 0.156250
vt 0.351397 0.204534
vt 0.373591 0.248091
vt 0.408159 0.282659
vt 0.451716 0.304853
vt 0.500000 0.312500
vt 0.548284 0.304853
vt 0.591841 0.282659
vt 0.626409 0.248091
vt 0.648603 0.204534
vt 0.656250 0.156250
vt 0.648603 0.892034
vt 0.626409 0.935591
vt 0.500000 0.843750
vt 0.591841 0.970159
vt 0.548284 0.992353
vt 0.500000 1.000000
vt 0.451716 0.992353
vt 0.408159 0.970159
vt 0.373591 0.935591
vt 0.351397 0.892034
vt 0.343750 0.843750
vt 0.351397 0.795466
vt 0.373591 0.751909
vt 0.408159 0.717341
vt 0.451716 0.695147
vt 0.500000 0.687500
vt 0.548284 0.695147
vt 0.591842 0.717341
vt 0.626409 0.751908
vt 0.648603 0.795466
vt 0.656250 0.843750
vt 0.375000 0.312500
vt 0.387500 0.312500
vt 0.387500 0.687500
vt 0.375000 0.687500
vt 0.400000 0.312500
vt 0.400000 0.687500
vt 0.412500 0.312500
vt 0.412500 0.687500
vt 0.425000 0.312500
vt 0.425000 0.687500
vt 0.437500 0.312500
vt 0.437500 0.687500
vt 0.450000 0.312500
vt 0.450000 0.687500
vt 0.462500 0.312500
vt 0.462500 0.687500
vt 0.475000 0.312500
vt 0.475000 0.687500
vt 0.487500 0.312500
vt 0.487500 0.687500
vt 0.500000 0.312500
vt 0.500000 0.687500
vt 0.512500 0.312500
vt 0.512500 0.687500
vt 0.525000 0.312500
vt 0.525000 0.687500
vt 0.537500 0.312500
vt 0.537500 0.687500
vt 0.550000 0.312500
vt 0.550000 0.687500
vt 0.562500 0.312500
vt 0.562500 0.687500
vt 0.575000 0.312500
vt 0.575000 0.687500
vt 0.587500 0.312500
vt 0.587500 0.687500
vt 0.600000 0.312500
vt 0.600000 0.687500
vt 0.612500 0.312500
vt 0.612500 0.687500
vt 0.625000 0.312500
vt 0.625000 0.687500
vt 0.626409 0.064408
vt 0.648603 0.107966
vt 0.500000 0.156250
vt 0.591842 0.029841
vt 0.548284 0.007647
vt 0.500000 -0.000000
vt 0.451716 0.007647
vt 0.408159 0.029841
vt 0.373591 0.064409
vt 0.351397 0.107966
vt 0.343750 0.156250
vt 0.351397 0.204534
vt 0.373591 0.248091
vt 0.408159 0.282659
vt 0.451716 0.304853
vt 0.500000 0.312500
vt 0.548284 0.304853
vt 0.591841 0.282659
vt 0.626409 0.248091
vt 0.648603 0.204534
vt 0.656250 0.156250
vt 0.648603 0.892034
vt 0.626409 0.935591
vt 0.500000 0.843750
vt 0.591841 0.970159
vt 0.548284 0.992353
vt 0.500000 1.000000
vt 0.451716 0.992353
vt 0.408159 0.970159
vt 0.373591 0.935591
vt 0.351397 0.892034
vt 0.343750 0.843750
vt 0.351397 0.795466
vt 0.373591 0.751909
vt 0.408159 0.717341
vt 0.451716 0.695147
vt 0.500000 0.687500
vt 0.548284 0.695147
vt 0.591842 0.717341
vt 0.626409 0.751908
vt 0.648603 0.795466
vt 0.656250 0.843750
vt 0.375000 0.312500
vt 0.387500 0.312500
vt 0.387500 0.687500
vt 0.375000 0.687500
vt 0.400000 0.312500
vt 0.400000 0.687500
vt 0.412500 0.312500
vt 0.412500 0.687500
vt 0.425000 0.312500
vt 0.425000 0.687500
vt 0.437500 0.312500
vt 0.437500 0.687500
vt 0.450000 0.312500
vt 0.450000 0.687500
vt 0.462500 0.312500
vt 0.462500 0.687500
vt 0.475000 0.312500
vt 0.475000 0.687500
vt 0.487500 0.312500
vt 0.487500 0.687500
vt 0.500000 0.312500
vt 0.500000 0.687500
vt 0.512500 0.312500
vt 0.512500 0.687500
vt 0.525000 0.312500
vt 0.525000 0.687500
vt 0.537500 0.312500
vt 0.537500 0.687500
vt 0.550000 0.312500
vt 0.550000 0.687500
vt 0.562500 0.312500
vt 0.562500 0.687500
vt 0.575000 0.312500
vt 0.575000 0.687500
vt 0.587500 0.312500
vt 0.587500 0.687500
vt 0.600000 0.312500
vt 0.600000 0.687500
vt 0.612500 0.312500
vt 0.612500 0.687500
vt 0.625000 0.312500
vt 0.625000 0.687500
vt 0.626409 0.064408
vt 0.648603 0.107966
vt 0.500000 0.156250
vt 0.591842 0.029841
vt 0.548284 0.007647
vt 0.500000 -0.000000
vt 0.451716 0.007647
vt 0.408159 0.029841
vt 0.373591 0.064409
vt 0.351397 0.107966
vt 0.343750 0.156250
vt 0.351397 0.204534
vt 0.373591 0.248091
vt 0.408159 0.282659
vt 0.451716 0.304853
vt 0.500000 0.312500
vt 0.548284 0.304853
vt 0.591841 0.282659
vt 0.626409 0.248091
vt 0.648603 0.204534
vt 0.656250 0.156250
vt 0.648603 0.892034
vt 0.626409 0.935591
vt 0.500000 0.843750
vt 0.591841 0.970159
vt 0.548284 0.992353
vt 0.500000 1.000000
vt 0.451716 0.992353
vt 0.408159 0.970159
vt 0.373591 0.935591
vt 0.351397 0.892034
vt 0.343750 0.843750
vt 0.351397 0.795466
vt 0.373591 0.751909
vt 0.408159 0.717341
vt 0.451716 0.695147
vt 0.500000 0.687500
vt 0.548284 0.695147
vt 0.591842 0.717341
vt 0.626409 0.751908
vt 0.648603 0.795466
vt 0.656250 0.843750
vt 0.375000 0.312500
vt 0.387500 0.312500
vt 0.387500 0.687500
vt 0.375000 0.687500
vt 0.400000 0.312500
vt 0.400000 0.687500
vt 0.412500 0.312500
vt 0.412500 0.687500
vt 0.425000 0.312500
vt 0.425000 0.687500
vt 0.437500 0.312500
vt 0.437500 0.687500
vt 0.450000 0.312500
vt 0.450000 0.687500
vt 0.462500 0.312500
vt 0.462500 0.687500
vt 0.475000 0.312500
vt 0.475000 0.687500
vt 0.487500 0.312500
vt 0.487500 0.687500
vt 0.500000 0.312500
vt 0.500000 0.687500
vt 0.512500 0.312500
vt 0.512500 0.687500
vt 0.525000 0.312500
vt 0.525000 0.687500
vt 0.537500 0.312500
vt 0.537500 0.687500
vt 0.550000 0.312500
vt 0.550000 0.687500
vt 0.562500 0.312500
vt 0.562500 0.687500
vt 0.575000 0.312500
vt 0.575000 0.687500
vt 0.587500 0.312500
vt 0.587500 0.687500
vt 0.600000 0.312500
vt 0.600000 0.687500
vt 0.612500 0.312500
vt 0.612500 0.687500
vt 0.625000 0.312500
vt 0.625000 0.687500
vt 0.626409 0.064408
vt 0.648603 0.107966
vt 0.500000 0.156250
vt 0.591842 0.029841
vt 0.548284 0.007647
vt 0.500000 -0.000000
vt 0.451716 0.007647
vt 0.408159 0.029841
vt 0.373591 0.064409
vt 0.351397 0.107966
vt 0.343750 0.156250
vt 0.351397 0.204534
vt 0.373591 0.248091
vt 0.408159 0.282659
vt 0.451716 0.304853
vt 0.500000 0.312500
vt 0.548284 0.304853
vt 0.591841 0.282659
vt 0.626409 0.248091
vt 0.648603 0.204534
vt 0.656250 0.156250
vt 0.648603 0.892034
vt 0.626409 0.935591
vt 0.500000 0.843750
vt 0.591841 0.970159
vt 0.548284 0.992353
vt 0.500000 1.000000
vt 0.451716 0.992353
vt 0.408159 0.970159
vt 0.373591 0.935591
vt 0.351397 0.892034
vt 0.343750 0.843750
vt 0.351397 0.795466
vt 0.373591 0.751909
vt 0.408159 0.717341
vt 0.451716 0.695147
vt 0.500000 0.687500
vt 0.548284 0.695147
vt 0.591842 0.717341
vt 0.626409 0.751908
vt 0.648603 0.795466
vt 0.656250 0.843750
vt 0.375000 0.312500
vt 0.387500 0.312500
vt 0.387500 0.687500
vt 0.375000 0.687500
vt 0.400000 0.312500
vt 0.400000 0.687500
vt 0.412500 0.312500
vt 0.412500 0.687500
vt 0.425000 0.312500
vt 0.425000 0.687500
vt 0.437500 0.312500
vt 0.437500 0.687500
vt 0.450000 0.312500
vt 0.450000 0.687500
vt 0.462500 0.312500
vt 0.462500 0.687500
vt 0.475000 0.312500
vt 0.475000 0.687500
vt 0.487500 0.312500
vt 0.487500 0.687500
vt 0.500000 0.312500
vt 0.500000 0.687500
vt 0.512500 0.312500
vt 0.512500 0.687500
vt 0.525000 0.312500
vt 0.525000 0.687500
vt 0.537500 0.312500
vt 0.537500 0.687500
vt 0.550000 0.312500
vt 0.550000 0.687500
vt 0.562500 0.312500
vt 0.562500 0.687500
vt 0.575000 0.312500
vt 0.575000 0.687500
vt 0.587500 0.312500
vt 0.587500 0.687500
vt 0.600000 0.312500
vt 0.600000 0.687500
vt 0.612500 0.312500
vt 0.612500 0.687500
vt 0.625000 0.312500
vt 0.625000 0.687500
vt 0.626409 0.064408
vt 0.648603 0.107966
vt 0.500000 0.156250
vt 0.591842 0.029841
vt 0.548284 0.007647
vt 0.500000 -0.000000
vt 0.451716 0.007647
vt 0.408159 0.029841
vt 0.373591 0.064409
vt 0.351397 0.107966
vt 0.343750 0.156250
vt 0.351397 0.204534
vt 0.373591 0.248091
vt 0.408159 0.282659
vt 0.451716 0.304853
vt 0.500000 0.312500
vt 0.548284 0.304853
vt 0.591841 0.282659
vt 0.626409 0.248091
vt 0.648603 0.204534
vt 0.656250 0.156250
vt 0.648603 0.892034
vt 0.626409 0.935591
vt 0.500000 0.843750
vt 0.591841 0.970159
vt 0.548284 0.992353
vt 0.500000 1.000000
vt 0.451716 0.992353
vt 0.408159 0.970159
vt 0.373591 0.935591
vt 0.351397 0.892034
vt 0.343750 0.843750
vt 0.351397 0.795466
vt 0.373591 0.751909
vt 0.408159 0.717341
vt 0.451716 0.695147
vt 0.500000 0.687500
vt 0.548284 0.695147
vt 0.591842 0.717341
vt 0.626409 0.751908
vt 0.648603 0.795466
vt 0.656250 0.843750
vt 0.375000 0.312500
vt 0.387500 0.312500
vt 0.387500 0.687500
vt 0.375000 0.687500
vt 0.400000 0.312500
vt 0.400000 0.687500
vt 0.412500 0.312500
vt 0.412500 0.687500
vt 0.425000 0.312500
vt 0.425000 0.687500
vt 0.437500 0.312500
vt 0.437500 0.687500
vt 0.450000 0.312500
vt 0.450000 0.687500
vt 0.462500 0.312500
vt 0.462500 0.687500
vt 0.475000 0.312500
vt 0.475000 0.687500
vt 0.487500 0.312500
vt 0.487500 0.687500
vt 0.500000 0.312500
vt 0.500000 0.687500
vt 0.512500 0.312500
vt 0.512500 0.687500
vt 0.525000 0.312500
vt 0.525000 0.687500
vt 0.537500 0.312500
vt 0.537500 0.687500
vt 0.550000 0.312500
vt 0.550000 0.687500
vt 0.562500 0.312500
vt 0.562500 0.687500
vt 0.575000 0.312500
vt 0.575000 0.687500
vt 0.587500 0.312500
vt 0.587500 0.687500
vt 0.600000 0.312500
vt 0.600000 0.687500
vt 0.612500 0.312500
vt 0.612500 0.687500
vt 0.625000 0.312500
vt 0.625000 0.687500
vt 0.626409 0.064408
vt 0.648603 0.107966
vt 0.500000 0.156250
vt 0.591842 0.029841
vt 0.548284 0.007647
vt 0.500000 -0.000000
vt 0.451716 0.007647
vt 0.408159 0.029841
vt 0.373591 0.064409
vt 0.351397 0.107966
vt 0.343750 0.156250
vt 0.351397 0.204534
vt 0.373591 0.248091
vt 0.408159 0.282659
vt 0.451716 0.304853
vt 0.500000 0.312500
vt 0.548284 0.304853
vt 0.591841 0.282659
vt 0.626409 0.248091
vt 0.648603 0.204534
vt 0.656250 0.156250
vt 0.648603 0.892034
vt 0.626409 0.935591
vt 0.500000 0.843750
vt 0.591841 0.970159
vt 0.548284 0.992353
vt 0.500000 1.000000
vt 0.451716 0.992353
vt 0.408159 0.970159
vt 0.373591 0.935591
vt 0.351397 0.892034
vt 0.343750 0.843750
vt 0.351397 0.795466
vt 0.373591 0.751909
vt 0.408159 0.717341
vt 0.451716 0.695147
vt 0.500000 0.687500
vt 0.548284 0.695147
vt 0.591842 0.717341
vt 0.626409 0.751908
vt 0.648603 0.795466
vt 0.656250 0.843750
vt 0.375000 0.312500
vt 0.387500 0.312500
vt 0.387500 0.687500
vt 0.375000 0.687500
vt 0.400000 0.312500
vt 0.400000 0.687500
vt 0.412500 0.312500
vt 0.412500 0.687500
vt 0.425000 0.312500
vt 0.425000 0.687500
vt 0.437500 0.312500
vt 0.437500 0.687500
vt 0.450000 0.312500
vt 0.450000 0.687500
vt 0.462500 0.312500
vt 0.462500 0.687500
vt 0.475000 0.312500
vt 0.475000 0.687500
vt 0.487500 0.312500
vt 0.487500 0.687500
vt 0.500000 0.312500
vt 0.500000 0.687500
vt 0.512500 0.312500
vt 0.512500 0.687500
vt 0.525000 0.312500
vt 0.525000 0.687500
vt 0.537500 0.312500
vt 0.537500 0.687500
vt 0.550000 0.312500
vt 0.550000 0.687500
vt 0.562500 0.312500
vt 0.562500 0.687500
vt 0.575000 0.312500
vt 0.575000 0.687500
vt 0.587500 0.312500
vt 0.587500 0.687500
vt 0.600000 0.312500
vt 0.600000 0.687500
vt 0.612500 0.312500
vt 0.612500 0.687500
vt 0.625000 0.312500
vt 0.625000 0.687500
vt 0.626409 0.064408
vt 0.648603 0.107966
vt 0.500000 0.156250
vt 0.591842 0.029841
vt 0.548284 0.007647
vt 0.500000 -0.000000
vt 0.451716 0.007647
vt 0.408159 0.029841
vt 0.373591 0.064409
vt 0.351397 0.107966
vt 0.343750 0.156250
vt 0.351397 0.204534
vt 0.373591 0.248091
vt 0.408159 0.282659
vt 0.451716 0.304853
vt 0.500000 0.312500
vt 0.548284 0.304853
vt 0.591841 0.282659
vt 0.626409 0.248091
vt 0.648603 0.204534
vt 0.656250 0.156250
vt 0.648603 0.892034
vt 0.626409 0.935591
vt 0.500000 0.843750
vt 0.591841 0.970159
vt 0.548284 0.992353
vt 0.500000 1.000000
vt 0.451716 0.992353
vt 0.408159 0.970159
vt 0.373591 0.935591
vt 0.351397 0.892034
vt 0.343750 0.843750
vt 0.351397 0.795466
vt 0.373591 0.751909
vt 0.408159 0.717341
vt 0.451716 0.695147
vt 0.500000 0.687500
vt 0.548284 0.695147
vt 0.591842 0.717341
vt 0.626409 0.751908
vt 0.648603 0.795466
vt 0.656250 0.843750
vt 0.375000 0.312500
vt 0.387500 0.312500
vt 0.387500 0.687500
vt 0.375000 0.687500
vt 0.400000 0.312500
vt 0.400000 0.687500
vt 0.412500 0.312500
vt 0.412500 0.687500
vt 0.425000 0.312500
vt 0.425000 0.687500
vt 0.437500 0.312500
vt 0.437500 0.687500
vt 0.450000 0.312500
vt 0.450000 0.687500
vt 0.462500 0.312500
vt 0.462500 0.687500
vt 0.475000 0.312500
vt 0.475000 0.687500
vt 0.487500 0.312500
vt 0.487500 0.687500
vt 0.500000 0.312500
vt 0.500000 0.687500
vt 0.512500 0.312500
vt 0.512500 0.687500
vt 0.525000 0.312500
vt 0.525000 0.687500
vt 0.537500 0.312500
vt 0.537500 0.687500
vt 0.550000 0.312500
vt 0.550000 0.687500
vt 0.562500 0.312500
vt 0.562500 0.687500
vt 0.575000 0.312500
vt 0.575000 0.687500
vt 0.587500 0.312500
vt 0.587500 0.687500
vt 0.600000 0.312500
vt 0.600000 0.687500
vt 0.612500 0.312500
vt 0.612500 0.687500
vt 0.625000 0.312500
vt 0.625000 0.687500
vt 0.626409 0.064408
vt 0.648603 0.107966
vt 0.500000 0.156250
vt 0.591842 0.029841
vt 0.548284 0.007647
vt 0.500000 -0.000000
vt 0.451716 0.007647
vt 0.408159 0.029841
vt 0.373591 0.064409
vt 0.351397 0.107966
vt 0.343750 0.156250
vt 0.351397 0.204534
vt 0.373591 0.248091
vt 0.408159 0.282659
vt 0.451716 0.304853
vt 0.500000 0.312500
vt 0.548284 0.304853
vt 0.591841 0.282659
vt 0.626409 0.248091
vt 0.648603 0.204534
vt 0.656250 0.156250
vt 0.648603 0.892034
vt 0.626409 0.935591
vt 0.500000 0.843750
vt 0.591841 0.970159
vt 0.548284 0.992353
vt 0.500000 1.000000
vt 0.451716 0.992353
vt 0.408159 0.970159
vt 0.373591 0.935591
vt 0.351397 0.892034
vt 0.343750 0.843750
vt 0.351397 0.795466
vt 0.373591 0.751909
vt 0.408159 0.717341
vt 0.451716 0.695147
vt 0.500000 0.687500
vt 0.548284 0.695147
vt 0.591842 0.717341
vt 0.626409 0.751908
vt 0.648603 0.795466
vt 0.656250 0.843750
vt 0.375000 0.312500
vt 0.387500 0.312500
vt 0.387500 0.687500
vt 0.375000 0.687500
vt 0.400000 0.312500
vt 0.400000 0.687500
vt 0.412500 0.312500
vt 0.412500 0.687500
vt 0.425000 0.312500
vt 0.425000 0.687500
vt 0.437500 0.312500
vt 0.437500 0.687500
vt 0.450000 0.312500
vt 0.450000 0.687500
vt 0.462500 0.312500
vt 0.462500 0.687500
vt 0.475000 0.312500
vt 0.475000 0.687500
vt 0.487500 0.312500
vt 0.487500 0.687500
vt 0.500000 0.312500
vt 0.500000 0.687500
vt 0.512500 0.312500
vt 0.512500 0.687500
vt 0.525000 0.312500
vt 0.525000 0.687500
vt 0.537500 0.312500
vt 0.537500 0.687500
vt 0.550000 0.312500
vt 0.550000 0.687500
vt 0.562500 0.312500
vt 0.562500 0.687500
vt 0.575000 0.312500
vt 0.575000 0.687500
vt 0.587500 0.312500
vt 0.587500 0.687500
vt 0.600000 0.312500
vt 0.600000 0.687500
vt 0.612500 0.312500
vt 0.612500 0.687500
vt 0.625000 0.312500
vt 0.625000 0.687500
vt 0.626409 0.064408
vt 0.648603 0.107966
vt 0.500000 0.156250
vt 0.591842 0.029841
vt 0.548284 0.007647
vt 0.500000 -0.000000
vt 0.451716 0.007647
vt 0.408159 0.029841
vt 0.373591 0.064409
vt 0.351397 0.107966
vt 0.343750 0.156250
vt 0.351397 0.204534
vt 0.373591 0.248091
vt 0.408159 0.282659
vt 0.451716 0.304853
vt 0.500000 0.312500
vt 0.548284 0.304853
vt 0.591841 0.282659
vt 0.626409 0.248091
vt 0.648603 0.204534
vt 0.656250 0.156250
vt 0.648603 0.892034
vt 0.626409 0.935591
vt 0.500000 0.843750
vt 0.591841 0.970159
vt 0.548284 0.992353
vt 0.500000 1.000000
vt 0.451716 0.992353
vt 0.408159 0.970159
vt 0.373591 0.935591
vt 0.351397 0.892034
vt 0.343750 0.843750
vt 0.351397 0.795466
vt 0.373591 0.751909
vt 0.408159 0.717341
vt 0.451716 0.695147
vt 0.500000 0.687500
vt 0.548284 0.695147
vt 0.591842 0.717341
vt 0.626409 0.751908
vt 0.648603 0.795466
vt 0.656250 0.843750
vt 0.375000 0.312500
vt 0.387500 0.312500
vt 0.387500 0.687500
vt 0.375000 0.687500
vt 0.400000 0.312500
vt 0.400000 0.687500
vt 0.412500 0.312500
vt 0.412500 0.687500
vt 0.425000 0.312500
vt 0.425000 0.687500
vt 0.437500 0.312500
vt 0.437500 0.687500
vt 0.450000 0.312500
vt 0.450000 0.687500
vt 0.462500 0.312500
vt 0.462500 0.687500
vt 0.475000 0.312500
vt 0.475000 0.687500
vt 0.487500 0.312500
vt 0.487500 0.687500
vt 0.500000 0.312500
vt 0.500000 0.687500
vt 0.512500 0.312500
vt 0.512500 0.687500
vt 0.525000 0.312500
vt 0.525000 0.687500
vt 0.537500 0.312500
vt 0.537500 0.687500
vt 0.550000 0.312500
vt 0.550000 0.687500
vt 0.562500 0.312500
vt 0.562500 0.687500
vt 0.575000 0.312500
vt 0.575000 0.687500
vt 0.587500 0.312500
vt 0.587500 0.687500
vt 0.600000 0.312500
vt 0.600000 0.687500
vt 0.612500 0.312500
vt 0.612500 0.687500
vt 0.625000 0.312500
vt 0.625000 0.687500
vt 0.626409 0.064408
vt 0.648603 0.107966
vt 0.500000 0.156250
vt 0.591842 0.029841
vt 0.548284 0.007647
vt 0.500000 -0.000000
vt 0.451716 0.007647
vt 0.408159 0.029841
vt 0.373591 0.064409
vt 0.351397 0.107966
vt 0.343750 0.156250
vt 0.351397 0.204534
vt 0.373591 0.248091
vt 0.408159 0.282659
vt 0.451716 0.304853
vt 0.500000 0.312500
vt 0.548284 0.304853
vt 0.591841 0.282659
vt 0.626409 0.248091
vt 0.648603 0.204534
vt 0.656250 0.156250
vt 0.648603 0.892034
vt 0.626409 0.935591
vt 0.500000 0.843750
vt 0.591841 0.970159
vt 0.548284 0.992353
vt 0.500000 1.000000
vt 0.451716 0.992353
vt 0.408159 0.970159
vt 0.373591 0.935591
vt 0.351397 0.892034
vt 0.343750 0.843750
vt 0.351397 0.795466
vt 0.373591 0.751909
vt 0.408159 0.717341
vt 0.451716 0.695147
vt 0.500000 0.687500
vt 0.548284 0.695147
vt 0.591842 0.717341
vt 0.626409 0.751908
vt 0.648603 0.795466
vt 0.656250 0.843750
vt 0.375000 0.312500
vt 0.387500 0.312500
vt 0.387500 0.687500
vt 0.375000 0.687500
vt 0.400000 0.312500
vt 0.400000 0.687500
vt 0.412500 0.312500
vt 0.412500 0.687500
vt 0.425000 0.312500
vt 0.425000 0.687500
vt 0.437500 0.312500
vt 0.437500 0.687500
vt 0.450000 0.312500
vt 0.450000 0.687500
vt 0.462500 0.312500
vt 0.462500 0.687500
vt 0.475000 0.312500
vt 0.475000 0.687500
vt 0.487500 0.312500
vt 0.487500 0.687500
vt 0.500000 0.312500
vt 0.500000 0.687500
vt 0.512500 0.312500
vt 0.512500 0.687500
vt 0.525000 0.312500
vt 0.525000 0.687500
vt 0.537500 0.312500
vt 0.537500 0.687500
vt 0.550000 0.312500
vt 0.550000 0.687500
vt 0.562500 0.312500
vt 0.562500 0.687500
vt 0.575000 0.312500
vt 0.575000 0.687500
vt 0.587500 0.312500
vt 0.587500 0.687500
vt 0.600000 0.312500
vt 0.600000 0.687500
vt 0.612500 0.312500
vt 0.612500 0.687500
vt 0.625000 0.312500
vt 0.625000 0.687500
vt 0.626409 0.064408
vt 0.648603 0.107966
vt 0.500000 0.156250
vt 0.591842 0.029841
vt 0.548284 0.007647
vt 0.500000 -0.000000
vt 0.451716 0.007647
vt 0.408159 0.029841
vt 0.373591 0.064409
vt 0.351397 0.107966
vt 0.343750 0.156250
vt 0.351397 0.204534
vt 0.373591 0.248091
vt 0.408159 0.282659
vt 0.451716 0.304853
vt 0.500000 0.312500
vt 0.548284 0.304853
vt 0.591841 0.282659
vt 0.626409 0.248091
vt 0.648603 0.204534
vt 0.656250 0.156250
vt 0.648603 0.892034
vt 0.626409 0.935591
vt 0.500000 0.843750
vt 0.591841 0.970159
vt 0.548284 0.992353
vt 0.500000 1.000000
vt 0.451716 0.992353
vt 0.408159 0.970159
vt 0.373591 0.935591
vt 0.351397 0.892034
vt 0.343750 0.843750
vt 0.351397 0.795466
vt 0.373591 0.751909
vt 0.408159 0.717341
vt 0.451716 0.695147
vt 0.500000 0.687500
vt 0.548284 0.695147
vt 0.591842 0.717341
vt 0.626409 0.751908
vt 0.648603 0.795466
vt 0.656250 0.843750
vt 0.375000 0.312500
vt 0.387500 0.312500
vt 0.387500 0.687500
vt 0.375000 0.687500
vt 0.400000 0.312500
vt 0.400000 0.687500
vt 0.412500 0.312500
vt 0.412500 0.687500
vt 0.425000 0.312500
vt 0.425000 0.687500
vt 0.437500 0.312500
vt 0.437500 0.687500
vt 0.450000 0.312500
vt 0.450000 0.687500
vt 0.462500 0.312500
vt 0.462500 0.687500
vt 0.475000 0.312500
vt 0.475000 0.687500
vt 0.487500 0.312500
vt 0.487500 0.687500
vt 0.500000 0.312500
vt 0.500000 0.687500
vt 0.512500 0.312500
vt 0.512500 0.687500
vt 0.525000 0.312500
vt 0.525000 0.687500
vt 0.537500 0.312500
vt 0.537500 0.687500
vt 0.550000 0.312500
vt 0.550000 0.687500
vt 0.562500 0.312500
vt 0.562500 0.687500
vt 0.575000 0.312500
vt 0.575000 0.687500
vt 0.587500 0.312500
vt 0.587500 0.687500
vt 0.600000 0.312500
vt 0.600000 0.687500
vt 0.612500 0.312500
vt 0.612500 0.687500
vt 0.625000 0.312500
vt 0.625000 0.687500
vt 0.626409 0.064408
vt 0.648603 0.107966
vt 0.500000 0.156250
vt 0.591842 0.029841
vt 0.548284 0.007647
vt 0.500000 -0.000000
vt 0.451716 0.007647
vt 0.408159 0.029841
vt 0.373591 0.064409
vt 0.351397 0.107966
vt 0.343750 0.156250
vt 0.351397 0.204534
vt 0.373591 0.248091
vt 0.408159 0.282659
vt 0.451716 0.304853
vt 0.500000 0.312500
vt 0.548284 0.304853
vt 0.591841 0.282659
vt 0.626409 0.248091
vt 0.648603 0.204534
vt 0.656250 0.156250
vt 0.648603 0.892034
vt 0.626409 0.935591
vt 0.500000 0.843750
vt 0.591841 0.970159
vt 0.548284 0.992353
vt 0.500000 1.000000
vt 0.451716 0.992353
vt 0.408159 0.970159
vt 0.373591 0.935591
vt 0.351397 0.892034
vt 0.343750 0.843750
vt 0.351397 0.795466
vt 0.373591 0.751909
vt 0.408159 0.717341
vt 0.451716 0.695147
vt 0.500000 0.687500
vt 0.548284 0.695147
vt 0.591842 0.717341
vt 0.626409 0.751908
vt 0.648603 0.795466
vt 0.656250 0.843750
vt 0.375000 0.312500
vt 0.387500 0.312500
vt 0.387500 0.687500
vt 0.375000 0.687500
vt 0.400000 0.312500
vt 0.400000 0.687500
vt 0.412500 0.312500
vt 0.412500 0.687500
vt 0.425000 0.312500
vt 0.425000 0.687500
vt 0.437500 0.312500
vt 0.437500 0.687500
vt 0.450000 0.312500
vt 0.450000 0.687500
vt 0.462500 0.312500
vt 0.462500 0.687500
vt 0.475000 0.312500
vt 0.475000 0.687500
vt 0.487500 0.312500
vt 0.487500 0.687500
vt 0.500000 0.312500
vt 0.500000 0.687500
vt 0.512500 0.312500
vt 0.512500 0.687500
vt 0.525000 0.312500
vt 0.525000 0.687500
vt 0.537500 0.312500
vt 0.537500 0.687500
vt 0.550000 0.312500
vt 0.550000 0.687500
vt 0.562500 0.312500
vt 0.562500 0.687500
vt 0.575000 0.312500
vt 0.575000 0.687500
vt 0.587500 0.312500
vt 0.587500 0.687500
vt 0.600000 0.312500
vt 0.600000 0.687500
vt 0.612500 0.312500
vt 0.612500 0.687500
vt 0.625000 0.312500
vt 0.625000 0.687500
vt 0.626409 0.064408
vt 0.648603 0.107966
vt 0.500000 0.156250
vt 0.591842 0.029841
vt 0.548284 0.007647
vt 0.500000 -0.000000
vt 0.451716 0.007647
vt 0.408159 0.029841
vt 0.373591 0.064409
vt 0.351397 0.107966
vt 0.343750 0.156250
vt 0.351397 0.204534
vt 0.373591 0.248091
vt 0.408159 0.282659
vt 0.451716 0.304853
vt 0.500000 0.312500
vt 0.548284 0.304853
vt 0.591841 0.282659
vt 0.626409 0.248091
vt 0.648603 0.204534
vt 0.656250 0.156250
vt 0.648603 0.892034
vt 0.626409 0.935591
vt 0.500000 0.843750
vt 0.591841 0.970159
vt 0.548284 0.992353
vt 0.500000 1.000000
vt 0.451716 0.992353
vt 0.408159 0.970159
vt 0.373591 0.935591
vt 0.351397 0.892034
vt 0.343750 0.843750
vt 0.351397 0.795466
vt 0.373591 0.751909
vt 0.408159 0.717341
vt 0.451716 0.695147
vt 0.500000 0.687500
vt 0.548284 0.695147
vt 0.591842 0.717341
vt 0.626409 0.751908
vt 0.648603 0.795466
vt 0.656250 0.843750
vt 0.375000 0.312500
vt 0.387500 0.312500
vt 0.387500 0.687500
vt 0.375000 0.687500
vt 0.400000 0.312500
vt 0.400000 0.687500
vt 0.412500 0.312500
vt 0.412500 0.687500
vt 0.425000 0.312500
vt 0.425000 0.687500
vt 0.437500 0.312500
vt 0.437500 0.687500
vt 0.450000 0.312500
vt 0.450000 0.687500
vt 0.462500 0.312500
vt 0.462500 0.687500
vt 0.475000 0.312500
vt 0.475000 0.687500
vt 0.487500 0.312500
vt 0.487500 0.687500
vt 0.500000 0.312500
vt 0.500000 0.687500
vt 0.512500 0.312500
vt 0.512500 0.687500
vt 0.525000 0.312500
vt 0.525000 0.687500
vt 0.537500 0.312500
vt 0.537500 0.687500
vt 0.550000 0.312500
vt 0.550000 0.687500
vt 0.562500 0.312500
vt 0.562500 0.687500
vt 0.575000 0.312500
vt 0.575000 0.687500
vt 0.587500 0.312500
vt 0.587500 0.687500
vt 0.600000 0.312500
vt 0.600000 0.687500
vt 0.612500 0.312500
vt 0.612500 0.687500
vt 0.625000 0.312500
vt 0.625000 0.687500
vt 0.626409 0.064408
vt 0.648603 0.107966
vt 0.500000 0.156250
vt 0.591842 0.029841
vt 0.548284 0.007647
vt 0.500000 -0.000000
vt 0.451716 0.007647
vt 0.408159 0.029841
vt 0.373591 0.064409
vt 0.351397 0.107966
vt 0.343750 0.156250
vt 0.351397 0.204534
vt 0.373591 0.248091
vt 0.408159 0.282659
vt 0.451716 0.304853
vt 0.500000 0.312500
vt 0.548284 0.304853
vt 0.591841 0.282659
vt 0.626409 0.248091
vt 0.648603 0.204534
vt 0.656250 0.156250
vt 0.648603 0.892034
vt 0.626409 0.935591
vt 0.500000 0.843750
vt 0.591841 0.970159
vt 0.548284 0.992353
vt 0.500000 1.000000
vt 0.451716 0.992353
vt 0.408159 0.970159
vt 0.373591 0.935591
vt 0.351397 0.892034
vt 0.343750 0.843750
vt 0.351397 0.795466
vt 0.373591 0.751909
vt 0.408159 0.717341
vt 0.451716 0.695147
vt 0.500000 0.687500
vt 0.548284 0.695147
vt 0.591842 0.717341
vt 0.626409 0.751908
vt 0.648603 0.795466
vt 0.656250 0.843750
vt 0.375000 0.312500
vt 0.387500 0.312500
vt 0.387500 0.687500
vt 0.375000 0.687500
vt 0.400000 0.312500
vt 0.400000 0.687500
vt 0.412500 0.312500
vt 0.412500 0.687500
vt 0.425000 0.312500
vt 0.425000 0.687500
vt 0.437500 0.312500
vt 0.437500 0.687500
vt 0.450000 0.312500
vt 0.450000 0.687500
vt 0.462500 0.312500
vt 0.462500 0.687500
vt 0.475000 0.312500
vt 0.475000 0.687500
vt 0.487500 0.312500
vt 0.487500 0.687500
vt 0.500000 0.312500
vt 0.500000 0.687500
vt 0.512500 0.312500
vt 0.512500 0.687500
vt 0.525000 0.312500
vt 0.525000 0.687500
vt 0.537500 0.312500
vt 0.537500 0.687500
vt 0.550000 0.312500
vt 0.550000 0.687500
vt 0.562500 0.312500
vt 0.562500 0.687500
vt 0.575000 0.312500
vt 0.575000 0.687500
vt 0.587500 0.312500
vt 0.587500 0.687500
vt 0.600000 0.312500
vt 0.600000 0.687500
vt 0.612500 0.312500
vt 0.612500 0.687500
vt 0.625000 0.312500
vt 0.625000 0.687500
vt 0.626409 0.064408
vt 0.648603 0.107966
vt 0.500000 0.156250
vt 0.591842 0.029841
vt 0.548284 0.007647
vt 0.500000 -0.000000
vt 0.451716 0.007647
vt 0.408159 0.029841
vt 0.373591 0.064409
vt 0.351397 0.107966
vt 0.343750 0.156250
vt 0.351397 0.204534
vt 0.373591 0.248091
vt 0.408159 0.282659
vt 0.451716 0.304853
vt 0.500000 0.312500
vt 0.548284 0.304853
vt 0.591841 0.282659
vt 0.626409 0.248091
vt 0.648603 0.204534
vt 0.656250 0.156250
vt 0.648603 0.892034
vt 0.626409 0.935591
vt 0.500000 0.843750
vt 0.591841 0.970159
vt 0.548284 0.992353
vt 0.500000 1.000000
vt 0.451716 0.992353
vt 0.408159 0.970159
vt 0.373591 0.935591
vt 0.351397 0.892034
vt 0.343750 0.843750
vt 0.351397 0.795466
vt 0.373591 0.751909
vt 0.408159 0.717341
vt 0.451716 0.695147
vt 0.500000 0.687500
vt 0.548284 0.695147
vt 0.591842 0.717341
vt 0.626409 0.751908
vt 0.648603 0.795466
vt 0.656250 0.843750
vt 0.375000 0.312500
vt 0.387500 0.312500
vt 0.387500 0.687500
vt 0.375000 0.687500
vt 0.400000 0.312500
vt 0.400000 0.687500
vt 0.412500 0.312500
vt 0.412500 0.687500
vt 0.425000 0.312500
vt 0.425000 0.687500
vt 0.437500 0.312500
vt 0.437500 0.687500
vt 0.450000 0.312500
vt 0.450000 0.687500
vt 0.462500 0.312500
vt 0.462500 0.687500
vt 0.475000 0.312500
vt 0.475000 0.687500
vt 0.487500 0.312500
vt 0.487500 0.687500
vt 0.500000 0.312500
vt 0.500000 0.687500
vt 0.512500 0.312500
vt 0.512500 0.687500
vt 0.525000 0.312500
vt 0.525000 0.687500
vt 0.537500 0.312500
vt 0.537500 0.687500
vt 0.550000 0.312500
vt 0.550000 0.687500
vt 0.562500 0.312500
vt 0.562500 0.687500
vt 0.575000 0.312500
vt 0.575000 0.687500
vt 0.587500 0.312500
vt 0.587500 0.687500
vt 0.600000 0.312500
vt 0.600000 0.687500
vt 0.612500 0.312500
vt 0.612500 0.687500
vt 0.625000 0.312500
vt 0.625000 0.687500
vt 0.626409 0.064408
vt 0.648603 0.107966
vt 0.500000 0.156250
vt 0.591842 0.029841
vt 0.548284 0.007647
vt 0.500000 -0.000000
vt 0.451716 0.007647
vt 0.408159 0.029841
vt 0.373591 0.064409
vt 0.351397 0.107966
vt 0.343750 0.156250
vt 0.351397 0.204534
vt 0.373591 0.248091
vt 0.408159 0.282659
vt 0.451716 0.304853
vt 0.500000 0.312500
vt 0.548284 0.304853
vt 0.591841 0.282659
vt 0.626409 0.248091
vt 0.648603 0.204534
vt 0.656250 0.156250
vt 0.648603 0.892034
vt 0.626409 0.935591
vt 0.500000 0.843750
vt 0.591841 0.970159
vt 0.548284 0.992353
vt 0.500000 1.000000
vt 0.451716 0.992353
vt 0.408159 0.970159
vt 0.373591 0.935591
vt 0.351397 0.892034
vt 0.343750 0.843750
vt 0.351397 0.795466
vt 0.373591 0.751909
vt 0.408159 0.717341
vt 0.451716 0.695147
vt 0.500000 0.687500
vt 0.548284 0.695147
vt 0.591842 0.717341
vt 0.626409 0.751908
vt 0.648603 0.795466
vt 0.656250 0.843750
vt 0.375000 0.312500
vt 0.387500 0.312500
vt 0.387500 0.687500
vt 0.375000 0.687500
vt 0.400000 0.312500
vt 0.400000 0.687500
vt 0.412500 0.312500
vt 0.412500 0.687500
vt 0.425000 0.312500
vt 0.425000 0.687500
vt 0.437500 0.312500
vt 0.437500 0.687500
vt 0.450000 0.312500
vt 0.450000 0.687500
vt 0.462500 0.312500
vt 0.462500 0.687500
vt 0.475000 0.312500
vt 0.475000 0.687500
vt 0.487500 0.312500
vt 0.487500 0.687500
vt 0.500000 0.312500
vt 0.500000 0.687500
vt 0.512500 0.312500
vt 0.512500 0.687500
vt 0.525000 0.312500
vt 0.525000 0.687500
vt 0.537500 0.312500
vt 0.537500 0.687500
vt 0.550000 0.312500
vt 0.550000 0.687500
vt 0.562500 0.312500
vt 0.562500 0.687500
vt 0.575000 0.312500
vt 0.575000 0.687500
vt 0.587500 0.312500
vt 0.587500 0.687500
vt 0.600000 0.312500
vt 0.600000 0.687500
vt 0.612500 0.312500
vt 0.612500 0.687500
vt 0.625000 0.312500
vt 0.625000 0.687500
vt 0.626409 0.064408
vt 0.648603 0.107966
vt 0.500000 0.156250
vt 0.591842 0.029841
vt 0.548284 0.007647
vt 0.500000 -0.000000
vt 0.451716 0.007647
vt 0.408159 0.029841
vt 0.373591 0.064409
vt 0.351397 0.107966
vt 0.343750 0.156250
vt 0.351397 0.204534
vt 0.373591 0.248091
vt 0.408159 0.282659
vt 0.451716 0.304853
vt 0.500000 0.312500
vt 0.548284 0.304853
vt 0.591841 0.282659
vt 0.626409 0.248091
vt 0.648603 0.204534
vt 0.656250 0.156250
vt 0.648603 0.892034
vt 0.626409 0.935591
vt 0.500000 0.843750
vt 0.591841 0.970159
vt 0.548284 0.992353
vt 0.500000 1.000000
vt 0.451716 0.992353
vt 0.408159 0.970159
vt 0.373591 0.935591
vt 0.351397 0.892034
vt 0.343750 0.843750
vt 0.351397 0.795466
vt 0.373591 0.751909
vt 0.408159 0.717341
vt 0.451716 0.695147
vt 0.500000 0.687500
vt 0.548284 0.695147
vt 0.591842 0.717341
vt 0.626409 0.751908
vt 0.648603 0.795466
vt 0.656250 0.843750
vn 0.000000 0.000000 1.000000
vn 0.000000 0.000000 1.000000
vn 0.000000 0.000000 1.000000
vn 0.000000 0.000000 1.000000
vn 0.000000 1.000000 0.000000
vn 0.000000 1.000000 0.000000
vn 0.000000 1.000000 0.000000
vn 0.000000 1.000000 0.000000
vn 0.000000 0.000000 -1.000000
vn 0.000000 0.000000 -1.000000
vn 0.000000 0.000000 -1.000000
vn 0.000000 0.000000 -1.000000
vn 0.000000 -1.000000 0.000000
vn 0.000000 -1.000000 0.000000
vn 0.000000 -1.000000 0.000000
vn 0.000000 -1.000000 0.000000
vn 1.000000 0.000000 0.000000
vn 1.000000 0.000000 0.000000
vn 1.000000 0.000000 0.000000
vn 1.000000 0.000000 0.000000
vn -1.000000 0.000000 0.000000
vn -1.000000 0.000000 0.000000
vn -1.000000 0.000000 0.000000
vn -1.000000 0.000000 0.000000
vn -0.309016 0.951057 0.000000
vn -0.587785 0.809017 0.000000
vn -0.587785 0.809017 0.000000
vn -0.309016 0.951057 0.000000
vn -0.809017 0.587786 0.000000
vn -0.809017 0.587786 0.000000
vn -0.951057 0.309017 0.000000
vn -0.951057 0.309017 0.000000
vn -1.000000 -0.000002 0.000000
vn -1.000000 -0.000002 0.000000
vn -0.951056 -0.309017 0.000000
vn -0.951056 -0.309017 0.000000
vn -0.809017 -0.587785 0.000000
vn -0.809017 -0.587785 0.000000
vn -0.587785 -0.809017 0.000000
vn -0.587785 -0.809017 0.000000
vn -0.309017 -0.951057 0.000000
vn -0.309017 -0.951057 0.000000
vn 0.000000 -1.000000 0.000000
vn 0.000000 -1.000000 0.000000
vn 0.309017 -0.951057 0.000000
vn 0.309017 -0.951057 0.000000
vn 0.587785 -0.809017 0.000000
vn 0.587785 -0.809017 0.000000
vn 0.809017 -0.587785 0.000000
vn 0.809017 -0.587785 0.000000
vn 0.951057 -0.309016 0.000000
vn 0.951057 -0.309016 0.000000
vn 1.000000 0.000000 0.000000
vn 1.000000 0.000000 0.000000
vn 0.951057 0.309016 0.000000
vn 0.951057 0.309016 0.000000
vn 0.809017 0.587785 0.000000
vn 0.809017 0.587785 0.000000
vn 0.587785 0.809017 0.000000
vn 0.587785 0.809017 0.000000
vn 0.309016 0.951057 0.000000
vn 0.309016 0.951057 0.000000
vn 0.000001 1.000000 0.000000
vn 0.000001 1.000000 0.000000
vn 0.000006 0.000000 -1.000000
vn 0.000000 0.000000 -1.000000
vn 0.000001 0.000000 -1.000000
vn 0.000006 0.000000 -1.000000
vn 0.000000 0.000000 -1.000000
vn 0.000000 0.000000 -1.000000
vn 0.000000 0.000000 -1.000000
vn 0.000006 0.000000 -1.000000
vn 0.000006 0.000000 -1.000000
vn 0.000000 0.000000 -1.000000
vn 0.000000 0.000000 -1.000000
vn 0.000000 0.000000 -1.000000
vn -0.000006 0.000000 -1.000000
vn -0.000006 0.000000 -1.000000
vn 0.000000 0.000000 -1.000000
vn 0.000000 0.000000 -1.000000
vn 0.000000 0.000000 -1.000000
vn 0.000000 0.000000 -1.000000
vn 0.000000 0.000000 -1.000000
vn 0.000000 0.000000 -1.000000
vn 0.000000 0.000000 -1.000000
vn 0.000000 0.000000 1.000000
vn 0.000000 0.000000 1.000000
vn 0.000000 0.000000 1.000000
vn 0.000006 0.000000 1.000000
vn 0.000006 0.000000 1.000000
vn 0.000000 0.000000 1.000000
vn 0.000003 0.000000 1.000000
vn -0.000003 0.000000 1.000000
vn -0.000000 0.000000 1.000000
vn 0.000000 0.000000 1.000000
vn 0.000000 0.000000 1.000000
vn -0.000000 0.000000 1.000000
vn 0.000000 0.000000 1.000000
vn 0.000000 0.000000 1.000000
vn -0.000006 0.000000 1.000000
vn 0.000000 0.000000 1.000000
vn 0.000003 0.000000 1.000000
vn 0.000003 0.000000 1.000000
vn 0.000000 0.000000 1.000000
vn -0.000006 0.000000 1.000000
vn -0.000006 0.000000 1.000000
vn -0.309015 0.951057 0.000000
vn -0.587787 0.809016 0.000000
vn -0.587787 0.809016 0.000000
vn -0.309015 0.951057 0.000000
vn -0.809018 0.587784 0.000000
vn -0.809018 0.587784 0.000000
vn -0.951055 0.309020 0.000000
vn -0.951055 0.309020 0.000000
vn -1.000000 0.000000 0.000000
vn -1.000000 0.000000 0.000000
vn -0.951056 -0.309020 0.000000
vn -0.951056 -0.309020 0.000000
vn -0.809018 -0.587784 0.000000
vn -0.809018 -0.587784 0.000000
vn -0.587781 -0.809020 0.000000
vn -0.587781 -0.809020 0.000000
vn -0.309016 -0.951057 0.000000
vn -0.309016 -0.951057 0.000000
vn 0.000000 -1.000000 0.000000
vn 0.000000 -1.000000 0.000000
vn 0.309016 -0.951057 0.000000
vn 0.309016 -0.951057 0.000000
vn 0.587787 -0.809016 0.000000
vn 0.587787 -0.809016 0.000000
vn 0.809018 -0.587784 0.000000
vn 0.809018 -0.587784 0.000000
vn 0.951052 -0.309032 0.000000
vn 0.951052 -0.309032 0.000000
vn 1.000000 0.000000 0.000000
vn 1.000000 0.000000 0.000000
vn 0.951052 0.309032 0.000000
vn 0.951052 0.309032 0.000000
vn 0.809018 0.587784 0.000000
vn 0.809018 0.587784 0.000000
vn 0.587787 0.809016 0.000000
vn 0.587787 0.809016 0.000000
vn 0.309016 0.951057 0.000000
vn 0.309016 0.951057 0.000000
vn 0.000001 1.000000 0.000000
vn 0.000001 1.000000 0.000000
vn 0.000006 0.000000 -1.000000
vn 0.000000 0.000000 -1.000000
vn 0.000001 0.000000 -1.000000
vn 0.000006 0.000000 -1.000000
vn 0.000000 0.000000 -1.000000
vn 0.000000 0.000000 -1.000000
vn 0.000000 0.000000 -1.000000
vn 0.000006 0.000000 -1.000000
vn 0.000006 0.000000 -1.000000
vn 0.000000 0.000000 -1.000000
vn 0.000000 0.000000 -1.000000
vn 0.000000 0.000000 -1.000000
vn -0.000006 0.000000 -1.000000
vn -0.000006 0.000000 -1.000000
vn 0.000000 0.000000 -1.000000
vn 0.000000 0.000000 -1.000000
vn 0.000000 0.000000 -1.000000
vn 0.000000 0.000000 -1.000000
vn 0.000000 0.000000 -1.000000
vn 0.000000 0.000000 -1.000000
vn 0.000000 0.000000 -1.000000
vn 0.000000 0.000000 1.000000
vn 0.000000 0.000000 1.000000
vn -0.000000 0.000000 1.000000
vn 0.000006 0.000000 1.000000
vn 0.000006 0.000000 1.000000
vn 0.000000 0.000000 1.000000
vn 0.000003 0.000000 1.000000
vn -0.000003 0.000000 1.000000
vn -0.000000 0.000000 1.000000
vn -0.000000 0.000000 1.000000
vn 0.000000 0.000000 1.000000
vn 0.000000 0.000000 1.000000
vn -0.000000 0.000000 1.000000
vn -0.000000 0.000000 1.000000
vn -0.000006 0.000000 1.000000
vn 0.000000 0.000000 1.000000
vn 0.000003 0.000000 1.000000
vn 0.000003 0.000000 1.000000
vn 0.000000 0.000000 1.000000
vn -0.000006 0.000000 1.000000
vn -0.000006 0.000000 1.000000
vn -0.309016 0.951057 0.000000
vn -0.587785 0.809017 0.000000
vn -0.587785 0.809017 0.000000
vn -0.309016 0.951057 0.000000
vn -0.809017 0.587786 0.000000
vn -0.809017 0.587786 0.000000
vn -0.951057 0.309016 0.000000
vn -0.951057 0.309016 0.000000
vn -1.000000 0.000000 0.000000
vn -1.000000 0.000000 0.000000
vn -0.951057 -0.309016 0.000000
vn -0.951057 -0.309016 0.000000
vn -0.809017 -0.587786 0.000000
vn -0.809017 -0.587786 0.000000
vn -0.587785 -0.809017 0.000000
vn -0.587785 -0.809017 0.000000
vn -0.309017 -0.951057 0.000000
vn -0.309017 -0.951057 0.000000
vn 0.000000 -1.000000 0.000000
vn 0.000000 -1.000000 0.000000
vn 0.309017 -0.951056 0.000000
vn 0.309017 -0.951056 0.000000
vn 0.587786 -0.809017 0.000000
vn 0.587786 -0.809017 0.000000
vn 0.809017 -0.587785 0.000000
vn 0.809017 -0.587785 0.000000
vn 0.951057 -0.309016 0.000000
vn 0.951057 -0.309016 0.000000
vn 1.000000 0.000000 0.000000
vn 1.000000 0.000000 0.000000
vn 0.951057 0.309016 0.000000
vn 0.951057 0.309016 0.000000
vn 0.809017 0.587785 0.000000
vn 0.809017 0.587785 0.000000
vn 0.587786 0.809017 0.000000
vn 0.587786 0.809017 0.000000
vn 0.309017 0.951057 0.000000
vn 0.309017 0.951057 0.000000
vn 0.000001 1.000000 0.000000
vn 0.000001 1.000000 0.000000
vn 0.000006 0.000000 -1.000000
vn 0.000000 0.000000 -1.000000
vn 0.000001 0.000000 -1.000000
vn 0.000006 0.000000 -1.000000
vn 0.000000 0.000000 -1.000000
vn 0.000000 0.000000 -1.000000
vn 0.000000 0.000000 -1.000000
vn 0.000006 0.000000 -1.000000
vn 0.000006 0.000000 -1.000000
vn 0.000000 0.000000 -1.000000
vn 0.000000 0.000000 -1.000000
vn 0.000000 0.000000 -1.000000
vn -0.000006 0.000000 -1.000000
vn -0.000006 0.000000 -1.000000
vn 0.000000 0.000000 -1.000000
vn 0.000000 0.000000 -1.000000
vn 0.000000 0.000000 -1.000000
vn 0.000000 0.000000 -1.000000
vn 0.000000 0.000000 -1.000000
vn 0.000000 0.000000 -1.000000
vn 0.000000 0.000000 -1.000000
vn 0.000000 0.000000 1.000000
vn 0.000000 0.000000 1.000000
vn 0.000000 0.000000 1.000000
vn 0.000006 0.000000 1.000000
vn 0.000006 0.000000 1.000000
vn 0.000000 0.000000 1.000000
vn 0.000003 0.000000 1.000000
vn -0.000003 0.000000 1.000000
vn -0.000000 0.000000 1.000000
vn 0.000000 0.000000 1.000000
vn 0.000000 0.000000 1.000000
vn -0.000000 0.000000 1.000000
vn 0.000000 0.000000 1.000000
vn 0.000000 0.000000 1.000000
vn -0.000006 0.000000 1.000000
vn 0.000000 0.000000 1.000000
vn 0.000003 0.000000 1.000000
vn 0.000003 0.000000 1.000000
vn 0.000000 0.000000 1.000000
vn -0.000006 0.000000 1.000000
vn -0.000006 0.000000 1.000000
vn -0.309017 0.951057 0.000000
vn -0.587784 0.809018 0.000000
vn -0.587784 0.809018 0.000000
vn -0.309017 0.951057 0.000000
vn -0.809015 0.587788 0.000000
vn -0.809015 0.587788 0.000000
vn -0.951057 0.309014 0.000000
vn -0.951057 0.309014 0.000000
vn -1.000000 0.000000 0.000000
vn -1.000000 0.000000 0.000000
vn -0.951057 -0.309014 0.000000
vn -0.951057 -0.309014 0.000000
vn -0.809015 -0.587788 0.000000
vn -0.809015 -0.587788 0.000000
vn -0.587784 -0.809018 0.000000
vn -0.587784 -0.809018 0.000000
vn -0.309018 -0.951056 0.000000
vn -0.309018 -0.951056 0.000000
vn 0.000000 -1.000000 0.000000
vn 0.000000 -1.000000 0.000000
vn 0.309018 -0.951056 0.000000
vn 0.309018 -0.951056 0.000000
vn 0.587784 -0.809018 0.000000
vn 0.587784 -0.809018 0.000000
vn 0.809015 -0.587788 0.000000
vn 0.809015 -0.587788 0.000000
vn 0.951057 -0.309015 0.000000
vn 0.951057 -0.309015 0.000000
vn 1.000000 0.000000 0.000000
vn 1.000000 0.000000 0.000000
vn 0.951057 0.309015 0.000000
vn 0.951057 0.309015 0.000000
vn 0.809015 0.587788 0.000000
vn 0.809015 0.587788 0.000000
vn 0.587784 0.809018 0.000000
vn 0.587784 0.809018 0.000000
vn 0.309018 0.951056 0.000000
vn 0.309018 0.951056 0.000000
vn 0.000001 1.000000 0.000000
vn 0.000001 1.000000 0.000000
vn 0.000006 0.000000 -1.000000
vn 0.000000 0.000000 -1.000000
vn 0.000001 0.000000 -1.000000
vn 0.000006 0.000000 -1.000000
vn 0.000000 0.000000 -1.000000
vn 0.000000 0.000000 -1.000000
vn 0.000000 0.000000 -1.000000
vn 0.000006 0.000000 -1.000000
vn 0.000006 0.000000 -1.000000
vn 0.000000 0.000000 -1.000000
vn 0.000000 0.000000 -1.000000
vn 0.000000 0.000000 -1.000000
vn -0.000006 0.000000 -1.000000
vn -0.000006 0.000000 -1.000000
vn 0.000000 0.000000 -1.000000
vn 0.000000 0.000000 -1.000000
vn 0.000000 0.000000 -1.000000
vn 0.000000 0.000000 -1.000000
vn 0.000000 0.000000 -1.000000
vn 0.000000 0.000000 -1.000000
vn 0.000000 0.000000 -1.000000
vn 0.000000 0.000000 1.000000
vn 0.000000 0.000000 1.000000
vn 0.000000 0.000000 1.000000
vn 0.000006 0.000000 1.000000
vn 0.000006 0.000000 1.000000
vn 0.000000 0.000000 1.000000
vn 0.000003 0.000000 1.000000
vn -0.000003 0.000000 1.000000
vn 0.000000 0.000000 1.000000
vn -0.000000 0.000000 1.000000
vn 0.000000 0.000000 1.000000
vn 0.000000 0.000000 1.000000
vn -0.000000 0.000000 1.000000
vn -0.000000 0.000000 1.000000
vn -0.000006 0.000000 1.000000
vn 0.000000 0.000000 1.000000
vn 0.000003 0.000000 1.000000
vn 0.000003 0.000000 1.000000
vn 0.000000 0.000000 1.000000
vn -0.000006 0.000000 1.000000
vn -0.000006 0.000000 1.000000
vn -0.309016 0.951057 0.000000
vn -0.587786 0.809017 0.000000
vn -0.587786 0.809017 0.000000
vn -0.309016 0.951057 0.000000
vn -0.809017 0.587786 0.000000
vn -0.809017 0.587786 0.000000
vn -0.951057 0.309017 0.000000
vn -0.951057 0.309017 0.000000
vn -1.000000 0.000000 0.000000
vn -1.000000 0.000000 0.000000
vn -0.951056 -0.309017 0.000000
vn -0.951056 -0.309017 0.000000
vn -0.809016 -0.587786 0.000000
vn -0.809016 -0.587786 0.000000
vn -0.587786 -0.809017 0.000000
vn -0.587786 -0.809017 0.000000
vn -0.309017 -0.951056 0.000000
vn -0.309017 -0.951056 0.000000
vn 0.000000 -1.000000 0.000000
vn 0.000000 -1.000000 0.000000
vn 0.309017 -0.951057 0.000000
vn 0.309017 -0.951057 0.000000
vn 0.587786 -0.809017 0.000000
vn 0.587786 -0.809017 0.000000
vn 0.809017 -0.587786 0.000000
vn 0.809017 -0.587786 0.000000
vn 0.951056 -0.309017 0.000000
vn 0.951056 -0.309017 0.000000
vn 1.000000 0.000000 0.000000
vn 1.000000 0.000000 0.000000
vn 0.951056 0.309018 0.000000
vn 0.951056 0.309018 0.000000
vn 0.809017 0.587786 0.000000
vn 0.809017 0.587786 0.000000
vn 0.587786 0.809017 0.000000
vn 0.587786 0.809017 0.000000
vn 0.309017 0.951057 0.000000
vn 0.309017 0.951057 0.000000
vn 0.000001 1.000000 0.000000
vn 0.000001 1.000000 0.000000
vn 0.000006 0.000000 -1.000000
vn 0.000000 0.000000 -1.000000
vn 0.000001 0.000000 -1.000000
vn 0.000006 0.000000 -1.000000
vn 0.000000 0.000000 -1.000000
vn 0.000000 0.000000 -1.000000
vn 0.000000 0.000000 -1.000000
vn 0.000006 0.000000 -1.000000
vn 0.000006 0.000000 -1.000000
vn 0.000000 0.000000 -1.000000
vn 0.000000 0.000000 -1.000000
vn 0.000000 0.000000 -1.000000
vn -0.000006 0.000000 -1.000000
vn -0.000006 0.000000 -1.000000
vn 0.000000 0.000000 -1.000000
vn 0.000000 0.000000 -1.000000
vn 0.000000 0.000000 -1.000000
vn 0.000000 0.000000 -1.000000
vn 0.000000 0.000000 -1.000000
vn 0.000000 0.000000 -1.000000
vn 0.000000 0.000000 -1.000000
vn 0.000000 0.000000 1.000000
vn 0.000000 0.000000 1.000000
vn 0.000000 0.000000 1.000000
vn 0.000006 0.000000 1.000000
vn 0.000006 0.000000 1.000000
vn 0.000000 0.000000 1.000000
vn 0.000003 0.000000 1.000000
vn -0.000003 0.000000 1.000000
vn -0.000000 0.000000 1.000000
vn 0.000000 0.000000 1.000000
vn 0.000000 0.000000 1.000000
vn -0.000000 0.000000 1.000000
vn 0.000000 0.000000 1.000000
vn -0.000000 0.000000 1.000000
vn -0.000006 0.000000 1.000000
vn 0.000000 0.000000 1.000000
vn 0.000003 0.000000 1.000000
vn 0.000003 0.000000 1.000000
vn 0.000000 0.000000 1.000000
vn -0.000006 0.000000 1.000000
vn -0.000006 0.000000 1.000000
vn -0.309016 0.951057 0.000000
vn -0.587785 0.809017 0.000000
vn -0.587785 0.809017 0.000000
vn -0.309016 0.951057 0.000000
vn -0.809017 0.587785 0.000000
vn -0.809017 0.587785 0.000000
vn -0.951057 0.309017 0.000000
vn -0.951057 0.309017 0.000000
vn -1.000000 -0.000000 0.000000
vn -1.000000 -0.000000 0.000000
vn -0.951057 -0.309017 0.000000
vn -0.951057 -0.309017 0.000000
vn -0.809017 -0.587785 0.000000
vn -0.809017 -0.587785 0.000000
vn -0.587785 -0.809017 0.000000
vn -0.587785 -0.809017 0.000000
vn -0.309017 -0.951057 0.000000
vn -0.309017 -0.951057 0.000000
vn 0.000000 -1.000000 0.000000
vn 0.000000 -1.000000 0.000000
vn 0.309017 -0.951057 0.000000
vn 0.309017 -0.951057 0.000000
vn 0.587785 -0.809017 0.000000
vn 0.587785 -0.809017 0.000000
vn 0.809017 -0.587785 0.000000
vn 0.809017 -0.587785 0.000000
vn 0.951057 -0.309017 0.000000
vn 0.951057 -0.309017 0.000000
vn 1.000000 0.000000 0.000000
vn 1.000000 0.000000 0.000000
vn 0.951056 0.309017 0.000000
vn 0.951056 0.309017 0.000000
vn 0.809017 0.587785 0.000000
vn 0.809017 0.587785 0.000000
vn 0.587786 0.809017 0.000000
vn 0.587786 0.809017 0.000000
vn 0.309017 0.951057 0.000000
vn 0.309017 0.951057 0.000000
vn 0.000001 1.000000 0.000000
vn 0.000001 1.000000 0.000000
vn 0.000006 0.000000 -1.000000
vn 0.000000 0.000000 -1.000000
vn 0.000001 0.000000 -1.000000
vn 0.000006 0.000000 -1.000000
vn 0.000000 0.000000 -1.000000
vn 0.000000 0.000000 -1.000000
vn 0.000000 0.000000 -1.000000
vn 0.000006 0.000000 -1.000000
vn 0.000006 0.000000 -1.000000
vn 0.000000 0.000000 -1.000000
vn 0.000000 0.000000 -1.000000
vn 0.000000 0.000000 -1.000000
vn -0.000006 0.000000 -1.000000
vn -0.000006 0.000000 -1.000000
vn 0.000000 0.000000 -1.000000
vn 0.000000 0.000000 -1.000000
vn 0.000000 0.000000 -1.000000
vn 0.000000 0.000000 -1.000000
vn 0.000000 0.000000 -1.000000
vn 0.000000 0.000000 -1.000000
vn 0.000000 0.000000 -1.000000
vn 0.000000 0.000000 1.000000
vn 0.000000 0.000000 1.000000
vn 0.000000 0.000000 1.000000
vn 0.000006 0.000000 1.000000
vn 0.000006 0.000000 1.000000
vn 0.000000 0.000000 1.000000
vn 0.000003 0.000000 1.000000
vn -0.000003 0.000000 1.000000
vn -0.000000 0.000000 1.000000
vn 0.000000 0.000000 1.000000
vn 0.000000 0.000000 1.000000
vn 0.000000 0.000000 1.000000
vn -0.000000 0.000000 1.000000
vn -0.000000 0.000000 1.000000
vn -0.000006 0.000000 1.000000
vn 0.000000 0.000000 1.000000
vn 0.000003 0.000000 1.000000
vn 0.000003 0.000000 1.000000
vn 0.000000 0.000000 1.000000
vn -0.000006 0.000000 1.000000
vn -0.000006 0.000000 1.000000
vn -0.309015 0.951057 0.000000
vn -0.587787 0.809016 0.000000
vn -0.587787 0.809016 0.000000
vn -0.309015 0.951057 0.000000
vn -0.809015 0.587788 0.000000
vn -0.809015 0.587788 0.000000
vn -0.951055 0.309020 0.000000
vn -0.951055 0.309020 0.000000
vn -1.000000 0.000000 0.000000
vn -1.000000 0.000000 0.000000
vn -0.951056 -0.309020 0.000000
vn -0.951056 -0.309020 0.000000
vn -0.809015 -0.587788 0.000000
vn -0.809015 -0.587788 0.000000
vn -0.587787 -0.809016 0.000000
vn -0.587787 -0.809016 0.000000
vn -0.309016 -0.951057 0.000000
vn -0.309016 -0.951057 0.000000
vn 0.000000 -1.000000 0.000000
vn 0.000000 -1.000000 0.000000
vn 0.309018 -0.951056 0.000000
vn 0.309018 -0.951056 0.000000
vn 0.587787 -0.809016 0.000000
vn 0.587787 -0.809016 0.000000
vn 0.809015 -0.587788 0.000000
vn 0.809015 -0.587788 0.000000
vn 0.951055 -0.309020 0.000000
vn 0.951055 -0.309020 0.000000
vn 1.000000 0.000000 0.000000
vn 1.000000 0.000000 0.000000
vn 0.951055 0.309020 0.000000
vn 0.951055 0.309020 0.000000
vn 0.809015 0.587788 0.000000
vn 0.809015 0.587788 0.000000
vn 0.587787 0.809016 0.000000
vn 0.587787 0.809016 0.000000
vn 0.309018 0.951056 0.000000
vn 0.309018 0.951056 0.000000
vn 0.000001 1.000000 0.000000
vn 0.000001 1.000000 0.000000
vn 0.000006 0.000000 -1.000000
vn 0.000000 0.000000 -1.000000
vn 0.000001 0.000000 -1.000000
vn 0.000006 0.000000 -1.000000
vn 0.000000 0.000000 -1.000000
vn 0.000000 0.000000 -1.000000
vn 0.000000 0.000000 -1.000000
vn 0.000006 0.000000 -1.000000
vn 0.000006 0.000000 -1.000000
vn 0.000000 0.000000 -1.000000
vn 0.000000 0.000000 -1.000000
vn 0.000000 0.000000 -1.000000
vn -0.000006 0.000000 -1.000000
vn -0.000006 0.000000 -1.000000
vn 0.000000 0.000000 -1.000000
vn 0.000000 0.000000 -1.000000
vn 0.000000 0.000000 -1.000000
vn 0.000000 0.000000 -1.000000
vn 0.000000 0.000000 -1.000000
vn 0.000000 0.000000 -1.000000
vn 0.000000 0.000000 -1.000000
vn 0.000000 0.000000 1.000000
vn 0.000000 0.000000 1.000000
vn 0.000000 0.000000 1.000000
vn 0.000006 0.000000 1.000000
vn 0.000006 0.000000 1.000000
vn 0.000000 0.000000 1.000000
vn 0.000003 0.000000 1.000000
vn -0.000003 0.000000 1.000000
vn 0.000000 0.000000 1.000000
vn -0.000000 0.000000 1.000000
vn 0.000000 0.000000 1.000000
vn 0.000000 0.000000 1.000000
vn -0.000000 0.000000 1.000000
vn -0.000000 0.000000 1.000000
vn -0.000006 0.000000 1.000000
vn 0.000000 0.000000 1.000000
vn 0.000003 0.000000 1.000000
vn 0.000003 0.000000 1.000000
vn 0.000000 0.000000 1.000000
vn -0.000006 0.000000 1.000000
vn -0.000006 0.000000 1.000000
vn -0.309017 0.951057 0.000000
vn -0.587784 0.809018 0.000000
vn -0.587784 0.809018 0.000000
vn -0.309017 0.951057 0.000000
vn -0.809015 0.587788 0.000000
vn -0.809015 0.587788 0.000000
vn -0.951057 0.309014 0.000000
vn -0.951057 0.309014 0.000000
vn -1.000000 0.000000 0.000000
vn -1.000000 0.000000 0.000000
vn -0.951057 -0.309014 0.000000
vn -0.951057 -0.309014 0.000000
vn -0.809015 -0.587788 0.000000
vn -0.809015 -0.587788 0.000000
vn -0.587784 -0.809018 0.000000
vn -0.587784 -0.809018 0.000000
vn -0.309018 -0.951056 0.000000
vn -0.309018 -0.951056 0.000000
vn 0.000000 -1.000000 0.000000
vn 0.000000 -1.000000 0.000000
vn 0.309018 -0.951056 0.000000
vn 0.309018 -0.951056 0.000000
vn 0.587784 -0.809018 0.000000
vn 0.587784 -0.809018 0.000000
vn 0.809015 -0.587788 0.000000
vn 0.809015 -0.587788 0.000000
vn 0.951057 -0.309015 0.000000
vn 0.951057 -0.309015 0.000000
vn 1.000000 0.000000 0.000000
vn 1.000000 0.000000 0.000000
vn 0.951057 0.309015 0.000000
vn 0.951057 0.309015 0.000000
vn 0.809015 0.587788 0.000000
vn 0.809015 0.587788 0.000000
vn 0.587784 0.809018 0.000000
vn 0.587784 0.809018 0.000000
vn 0.309018 0.951056 0.000000
vn 0.309018 0.951056 0.000000
vn 0.000001 1.000000 0.000000
vn 0.000001 1.000000 0.000000
vn 0.000006 0.000000 -1.000000
vn 0.000000 0.000000 -1.000000
vn 0.000001 0.000000 -1.000000
vn 0.000006 0.000000 -1.000000
vn 0.000000 0.000000 -1.000000
vn 0.000000 0.000000 -1.000000
vn 0.000000 0.000000 -1.000000
vn 0.000006 0.000000 -1.000000
vn 0.000006 0.000000 -1.000000
vn 0.000000 0.000000 -1.000000
vn 0.000000 0.000000 -1.000000
vn 0.000000 0.000000 -1.000000
vn -0.000006 0.000000 -1.000000
vn -0.000006 0.000000 -1.000000
vn 0.000000 0.000000 -1.000000
vn 0.000000 0.000000 -1.000000
vn 0.000000 0.000000 -1.000000
vn 0.000000 0.000000 -1.000000
vn 0.000000 0.000000 -1.000000
vn 0.000000 0.000000 -1.000000
vn 0.000000 0.000000 -1.000000
vn 0.000000 0.000000 1.000000
vn 0.000000 0.000000 1.000000
vn 0.000000 0.000000 1.000000
vn 0.000006 0.000000 1.000000
vn 0.000006 0.000000 1.000000
vn 0.000000 0.000000 1.000000
vn 0.000003 0.000000 1.000000
vn -0.000003 0.000000 1.000000
vn 0.000000 0.000000 1.000000
vn -0.000000 0.000000 1.000000
vn 0.000000 0.000000 1.000000
vn 0.000000 0.000000 1.000000
vn -0.000000 0.000000 1.000000
vn -0.000000 0.000000 1.000000
vn -0.000006 0.000000 1.000000
vn 0.000000 0.000000 1.000000
vn 0.000003 0.000000 1.000000
vn 0.000003 0.000000 1.000000
vn 0.000000 0.000000 1.000000
vn -0.000006 0.000000 1.000000
vn -0.000006 0.000000 1.000000
vn -0.309015 0.951057 0.000000
vn -0.587786 0.809017 0.000000
vn -0.587786 0.809017 0.000000
vn -0.309015 0.951057 0.000000
vn -0.809017 0.587786 0.000000
vn -0.809017 0.587786 0.000000
vn -0.951057 0.309017 0.000000
vn -0.951057 0.309017 0.000000
vn -1.000000 0.000000 0.000000
vn -1.000000 0.000000 0.000000
vn -0.951056 -0.309017 0.000000
vn -0.951056 -0.309017 0.000000
vn -0.809017 -0.587786 0.000000
vn -0.809017 -0.587786 0.000000
vn -0.587786 -0.809017 0.000000
vn -0.587786 -0.809017 0.000000
vn -0.309016 -0.951057 0.000000
vn -0.309016 -0.951057 0.000000
vn 0.000000 -1.000000 0.000000
vn 0.000000 -1.000000 0.000000
vn 0.309017 -0.951057 0.000000
vn 0.309017 -0.951057 0.000000
vn 0.587786 -0.809017 0.000000
vn 0.587786 -0.809017 0.000000
vn 0.809017 -0.587786 0.000000
vn 0.809017 -0.587786 0.000000
vn 0.951056 -0.309017 0.000000
vn 0.951056 -0.309017 0.000000
vn 1.000000 0.000000 0.000000
vn 1.000000 0.000000 0.000000
vn 0.951056 0.309018 0.000000
vn 0.951056 0.309018 0.000000
vn 0.809017 0.587786 0.000000
vn 0.809017 0.587786 0.000000
vn 0.587786 0.809017 0.000000
vn 0.587786 0.809017 0.000000
vn 0.309017 0.951057 0.000000
vn 0.309017 0.951057 0.000000
vn 0.000001 1.000000 0.000000
vn 0.000001 1.000000 0.000000
vn 0.000006 0.000000 -1.000000
vn 0.000000 0.000000 -1.000000
vn 0.000001 0.000000 -1.000000
vn 0.000006 0.000000 -1.000000
vn 0.000000 0.000000 -1.000000
vn 0.000000 0.000000 -1.000000
vn 0.000000 0.000000 -1.000000
vn 0.000006 0.000000 -1.000000
vn 0.000006 0.000000 -1.000000
vn 0.000000 0.000000 -1.000000
vn 0.000000 0.000000 -1.000000
vn 0.000000 0.000000 -1.000000
vn -0.000006 0.000000 -1.000000
vn -0.000006 0.000000 -1.000000
vn 0.000000 0.000000 -1.000000
vn 0.000000 0.000000 -1.000000
vn 0.000000 0.000000 -1.000000
vn 0.000000 0.000000 -1.000000
vn 0.000000 0.000000 -1.000000
vn 0.000000 0.000000 -1.000000
vn 0.000000 0.000000 -1.000000
vn 0.000000 0.000000 1.000000
vn 0.000000 0.000000 1.000000
vn 0.000000 0.000000 1.000000
vn 0.000006 0.000000 1.000000
vn 0.000006 0.000000 1.000000
vn 0.000000 0.000000 1.000000
vn 0.000003 0.000000 1.000000
vn -0.000003 0.000000 1.000000
vn -0.000000 0.000000 1.000000
vn 0.000000 0.000000 1.000000
vn 0.000000 0.000000 1.000000
vn -0.000000 0.000000 1.000000
vn 0.000000 0.000000 1.000000
vn -0.000000 0.000000 1.000000
vn -0.000006 0.000000 1.000000
vn 0.000000 0.000000 1.000000
vn 0.000003 0.000000 1.000000
vn 0.000003 0.000000 1.000000
vn 0.000000 0.000000 1.000000
vn -0.000006 0.000000 1.000000
vn -0.000006 0.000000 1.000000
vn 0.000000 0.951057 -0.309016
vn 0.000000 0.809017 -0.587785
vn 0.000000 0.809017 -0.587785
vn 0.000000 0.951057 -0.309016
vn 0.000000 0.587784 -0.809018
vn 0.000000 0.587784 -0.809018
vn 0.000000 0.309017 -0.951057
vn 0.000000 0.309017 -0.951057
vn 0.000000 0.000000 -1.000000
vn 0.000000 0.000000 -1.000000
vn 0.000000 -0.309017 -0.951057
vn 0.000000 -0.309017 -0.951057
vn 0.000000 -0.587786 -0.809017
vn 0.000000 -0.587786 -0.809017
vn 0.000000 -0.809017 -0.587785
vn 0.000000 -0.809017 -0.587785
vn 0.000000 -0.951057 -0.309017
vn 0.000000 -0.951057 -0.309017
vn 0.000000 -1.000000 0.000000
vn 0.000000 -1.000000 0.000000
vn 0.000000 -0.951057 0.309017
vn 0.000000 -0.951057 0.309017
vn 0.000000 -0.809017 0.587785
vn 0.000000 -0.809017 0.587785
vn 0.000000 -0.587785 0.809017
vn 0.000000 -0.587785 0.809017
vn 0.000000 -0.309018 0.951056
vn 0.000000 -0.309018 0.951056
vn 0.000000 0.000000 1.000000
vn 0.000000 0.000000 1.000000
vn 0.000000 0.309018 0.951056
vn 0.000000 0.309018 0.951056
vn 0.000000 0.587785 0.809018
vn 0.000000 0.587785 0.809018
vn 0.000000 0.809017 0.587785
vn 0.000000 0.809017 0.587785
vn 0.000000 0.951057 0.309016
vn 0.000000 0.951057 0.309016
vn 0.000000 1.000000 0.000001
vn 0.000000 1.000000 0.000001
vn 1.000000 0.000000 0.000000
vn 1.000000 0.000000 0.000000
vn 1.000000 0.000001 0.000000
vn 1.000000 0.000025 0.000000
vn 1.000000 0.000025 0.000000
vn 1.000000 0.000000 0.000000
vn 1.000000 0.000000 0.000000
vn 1.000000 0.000012 0.000000
vn 1.000000 0.000012 0.000000
vn 1.000000 0.000000 0.000000
vn 1.000000 0.000000 0.000000
vn 1.000000 0.000000 0.000000
vn 1.000000 0.000000 0.000000
vn 1.000000 -0.000025 0.000000
vn 1.000000 -0.000025 0.000000
vn 1.000000 0.000000 0.000000
vn 1.000000 0.000000 0.000000
vn 1.000000 0.000000 0.000000
vn 1.000000 -0.000006 0.000000
vn 1.000000 -0.000006 0.000000
vn 1.000000 0.000000 0.000000
vn -1.000000 -0.000006 0.000000
vn -1.000000 -0.000006 0.000000
vn -1.000000 -0.000000 0.000000
vn -1.000000 0.000000 0.000000
vn -1.000000 0.000000 0.000000
vn -1.000000 0.000000 0.000000
vn -1.000000 -0.000025 0.000000
vn -1.000000 -0.000025 0.000000
vn -1.000000 0.000000 0.000000
vn -1.000000 0.000000 0.000000
vn -1.000000 0.000000 0.000000
vn -1.000000 0.000006 0.000000
vn -1.000000 0.000006 0.000000
vn -1.000000 0.000000 0.000000
vn -1.000000 0.000000 0.000000
vn -1.000000 0.000000 0.000000
vn -1.000000 0.000025 0.000000
vn -1.000000 0.000025 0.000000
vn -1.000000 0.000000 0.000000
vn -1.000000 0.000000 0.000000
vn -1.000000 0.000000 0.000000
vn 0.000000 0.951057 -0.309016
vn 0.000000 0.809017 -0.587785
vn 0.000000 0.809017 -0.587785
vn 0.000000 0.951057 -0.309016
vn 0.000000 0.587785 -0.809017
vn 0.000000 0.587785 -0.809017
vn 0.000000 0.309017 -0.951057
vn 0.000000 0.309017 -0.951057
vn 0.000000 -0.000000 -1.000000
vn 0.000000 -0.000000 -1.000000
vn 0.000000 -0.309017 -0.951057
vn 0.000000 -0.309017 -0.951057
vn 0.000000 -0.587786 -0.809017
vn 0.000000 -0.587786 -0.809017
vn 0.000000 -0.809017 -0.587785
vn 0.000000 -0.809017 -0.587785
vn 0.000000 -0.951057 -0.309017
vn 0.000000 -0.951057 -0.309017
vn 0.000000 -1.000000 0.000000
vn 0.000000 -1.000000 0.000000
vn 0.000000 -0.951057 0.309017
vn 0.000000 -0.951057 0.309017
vn 0.000000 -0.809017 0.587785
vn 0.000000 -0.809017 0.587785
vn 0.000000 -0.587785 0.809017
vn 0.000000 -0.587785 0.809017
vn 0.000000 -0.309017 0.951057
vn 0.000000 -0.309017 0.951057
vn 0.000000 0.000000 1.000000
vn 0.000000 0.000000 1.000000
vn 0.000000 0.309017 0.951057
vn 0.000000 0.309017 0.951057
vn 0.000000 0.587785 0.809017
vn 0.000000 0.587785 0.809017
vn 0.000000 0.809017 0.587785
vn 0.000000 0.809017 0.587785
vn 0.000000 0.951057 0.309017
vn 0.000000 0.951057 0.309017
vn 0.000000 1.000000 0.000001
vn 0.000000 1.000000 0.000001
vn 1.000000 0.000000 0.000000
vn 1.000000 0.000000 0.000000
vn 1.000000 -0.000001 0.000000
vn 1.000000 0.000025 0.000000
vn 1.000000 0.000025 0.000000
vn 1.000000 0.000000 0.000000
vn 1.000000 0.000000 0.000000
vn 1.000000 0.000000 0.000000
vn 1.000000 0.000006 0.000000
vn 1.000000 0.000006 0.000000
vn 1.000000 0.000000 0.000000
vn 1.000000 0.000000 0.000000
vn 1.000000 0.000000 0.000000
vn 1.000000 -0.000025 0.000000
vn 1.000000 -0.000025 0.000000
vn 1.000000 0.000000 0.000000
vn 1.000000 0.000000 0.000000
vn 1.000000 -0.000012 0.000000
vn 1.000000 -0.000012 0.000000
vn 1.000000 0.000000 0.000000
vn 1.000000 0.000000 0.000000
vn -1.000000 -0.000006 0.000000
vn -1.000000 -0.000006 0.000000
vn -1.000000 0.000001 0.000000
vn -1.000000 0.000000 0.000000
vn -1.000000 0.000000 0.000000
vn -1.000000 0.000000 0.000000
vn -1.000000 -0.000025 0.000000
vn -1.000000 -0.000025 0.000000
vn -1.000000 0.000000 0.000000
vn -1.000000 0.000000 0.000000
vn -1.000000 0.000000 0.000000
vn -1.000000 0.000000 0.000000
vn -1.000000 0.000012 0.000000
vn -1.000000 0.000012 0.000000
vn -1.000000 0.000000 0.000000
vn -1.000000 0.000000 0.000000
vn -1.000000 0.000025 0.000000
vn -1.000000 0.000025 0.000000
vn -1.000000 0.000000 0.000000
vn -1.000000 0.000000 0.000000
vn -1.000000 0.000000 0.000000
vn -0.309017 0.951057 0.000000
vn -0.587787 0.809016 0.000000
vn -0.587787 0.809016 0.000000
vn -0.309017 0.951057 0.000000
vn -0.809015 0.587788 0.000000
vn -0.809015 0.587788 0.000000
vn -0.951055 0.309020 0.000000
vn -0.951055 0.309020 0.000000
vn -1.000000 0.000000 0.000000
vn -1.000000 0.000000 0.000000
vn -0.951056 -0.309020 0.000000
vn -0.951056 -0.309020 0.000000
vn -0.809015 -0.587788 0.000000
vn -0.809015 -0.587788 0.000000
vn -0.587787 -0.809016 0.000000
vn -0.587787 -0.809016 0.000000
vn -0.309018 -0.951056 0.000000
vn -0.309018 -0.951056 0.000000
vn 0.000000 -1.000000 0.000000
vn 0.000000 -1.000000 0.000000
vn 0.309016 -0.951057 0.000000
vn 0.309016 -0.951057 0.000000
vn 0.587787 -0.809016 0.000000
vn 0.587787 -0.809016 0.000000
vn 0.809018 -0.587784 0.000000
vn 0.809018 -0.587784 0.000000
vn 0.951055 -0.309020 0.000000
vn 0.951055 -0.309020 0.000000
vn 1.000000 0.000000 0.000000
vn 1.000000 0.000000 0.000000
vn 0.951055 0.309020 0.000000
vn 0.951055 0.309020 0.000000
vn 0.809018 0.587784 0.000000
vn 0.809018 0.587784 0.000000
vn 0.587787 0.809016 0.000000
vn 0.587787 0.809016 0.000000
vn 0.309016 0.951057 0.000000
vn 0.309016 0.951057 0.000000
vn 0.000001 1.000000 0.000000
vn 0.000001 1.000000 0.000000
vn 0.000006 0.000000 -1.000000
vn 0.000000 0.000000 -1.000000
vn 0.000001 0.000000 -1.000000
vn 0.000006 0.000000 -1.000000
vn 0.000000 0.000000 -1.000000
vn 0.000000 0.000000 -1.000000
vn 0.000000 0.000000 -1.000000
vn 0.000006 0.000000 -1.000000
vn 0.000006 0.000000 -1.000000
vn 0.000000 0.000000 -1.000000
vn 0.000000 0.000000 -1.000000
vn 0.000000 0.000000 -1.000000
vn -0.000006 0.000000 -1.000000
vn -0.000006 0.000000 -1.000000
vn 0.000000 0.000000 -1.000000
vn 0.000000 0.000000 -1.000000
vn 0.000000 0.000000 -1.000000
vn 0.000000 0.000000 -1.000000
vn 0.000000 0.000000 -1.000000
vn 0.000000 0.000000 -1.000000
vn 0.000000 0.000000 -1.000000
vn 0.000000 0.000000 1.000000
vn 0.000000 0.000000 1.000000
vn 0.000000 0.000000 1.000000
vn 0.000006 0.000000 1.000000
vn 0.000006 0.000000 1.000000
vn 0.000000 0.000000 1.000000
vn 0.000003 0.000000 1.000000
vn -0.000003 0.000000 1.000000
vn 0.000000 0.000000 1.000000
vn -0.000000 0.000000 1.000000
vn 0.000000 0.000000 1.000000
vn 0.000000 0.000000 1.000000
vn -0.000000 0.000000 1.000000
vn -0.000000 0.000000 1.000000
vn -0.000006 0.000000 1.000000
vn 0.000000 0.000000 1.000000
vn 0.000003 0.000000 1.000000
vn 0.000003 0.000000 1.000000
vn 0.000000 0.000000 1.000000
vn -0.000006 0.000000 1.000000
vn -0.000006 0.000000 1.000000
vn 0.000000 0.951057 -0.309016
vn 0.000000 0.809017 -0.587785
vn 0.000000 0.809017 -0.587785
vn 0.000000 0.951057 -0.309016
vn 0.000000 0.587785 -0.809017
vn 0.000000 0.587785 -0.809017
vn 0.000000 0.309017 -0.951057
vn 0.000000 0.309017 -0.951057
vn 0.000000 -0.000000 -1.000000
vn 0.000000 -0.000000 -1.000000
vn 0.000000 -0.309017 -0.951057
vn 0.000000 -0.309017 -0.951057
vn 0.000000 -0.587786 -0.809017
vn 0.000000 -0.587786 -0.809017
vn 0.000000 -0.809017 -0.587785
vn 0.000000 -0.809017 -0.587785
vn 0.000000 -0.951057 -0.309017
vn 0.000000 -0.951057 -0.309017
vn 0.000000 -1.000000 0.000000
vn 0.000000 -1.000000 0.000000
vn 0.000000 -0.951057 0.309017
vn 0.000000 -0.951057 0.309017
vn 0.000000 -0.809017 0.587785
vn 0.000000 -0.809017 0.587785
vn 0.000000 -0.587786 0.809017
vn 0.000000 -0.587786 0.809017
vn 0.000000 -0.309017 0.951057
vn 0.000000 -0.309017 0.951057
vn 0.000000 0.000000 1.000000
vn 0.000000 0.000000 1.000000
vn 0.000000 0.309017 0.951057
vn 0.000000 0.309017 0.951057
vn 0.000000 0.587786 0.809017
vn 0.000000 0.587786 0.809017
vn 0.000000 0.809017 0.587785
vn 0.000000 0.809017 0.587785
vn 0.000000 0.951057 0.309016
vn 0.000000 0.951057 0.309016
vn 0.000000 1.000000 0.000001
vn 0.000000 1.000000 0.000001
vn 1.000000 0.000000 0.000000
vn 1.000000 0.000000 0.000000
vn 1.000000 0.000000 0.000000
vn 1.000000 0.000025 0.000000
vn 1.000000 0.000025 0.000000
vn 1.000000 0.000000 0.000000
vn 1.000000 0.000000 0.000000
vn 1.000000 0.000000 0.000000
vn 1.000000 0.000006 0.000000
vn 1.000000 0.000006 0.000000
vn 1.000000 0.000000 0.000000
vn 1.000000 0.000000 0.000000
vn 1.000000 0.000000 0.000000
vn 1.000000 -0.000025 0.000000
vn 1.000000 -0.000025 0.000000
vn 1.000000 0.000000 0.000000
vn 1.000000 0.000000 0.000000
vn 1.000000 0.000000 0.000000
vn 1.000000 -0.000006 0.000000
vn 1.000000 -0.000006 0.000000
vn 1.000000 0.000000 0.000000
vn -1.000000 -0.000006 0.000000
vn -1.000000 -0.000006 0.000000
vn -1.000000 -0.000000 0.000000
vn -1.000000 0.000000 0.000000
vn -1.000000 0.000000 0.000000
vn -1.000000 0.000000 0.000000
vn -1.000000 -0.000025 0.000000
vn -1.000000 -0.000025 0.000000
vn -1.000000 0.000000 0.000000
vn -1.000000 0.000000 0.000000
vn -1.000000 0.000000 0.000000
vn -1.000000 0.000006 0.000000
vn -1.000000 0.000006 0.000000
vn -1.000000 0.000000 0.000000
vn -1.000000 0.000000 0.000000
vn -1.000000 0.000000 0.000000
vn -1.000000 0.000025 0.000000
vn -1.000000 0.000025 0.000000
vn -1.000000 0.000000 0.000000
vn -1.000000 0.000000 0.000000
vn -1.000000 0.000000 0.000000
vn -0.309019 0.951056 0.000000
vn -0.587787 0.809016 0.000000
vn -0.587787 0.809016 0.000000
vn -0.309019 0.951056 0.000000
vn -0.809012 0.587792 0.000000
vn -0.809012 0.587792 0.000000
vn -0.951059 0.309009 0.000000
vn -0.951059 0.309009 0.000000
vn -1.000000 0.000000 0.000000
vn -1.000000 0.000000 0.000000
vn -0.951059 -0.309009 0.000000
vn -0.951059 -0.309009 0.000000
vn -0.809012 -0.587792 0.000000
vn -0.809012 -0.587792 0.000000
vn -0.587781 -0.809020 0.000000
vn -0.587781 -0.809020 0.000000
vn -0.309020 -0.951056 0.000000
vn -0.309020 -0.951056 0.000000
vn 0.000000 -1.000000 0.000000
vn 0.000000 -1.000000 0.000000
vn 0.309016 -0.951057 0.000000
vn 0.309016 -0.951057 0.000000
vn 0.587781 -0.809020 0.000000
vn 0.587781 -0.809020 0.000000
vn 0.809018 -0.587784 0.000000
vn 0.809018 -0.587784 0.000000
vn 0.951055 -0.309020 0.000000
vn 0.951055 -0.309020 0.000000
vn 1.000000 0.000000 0.000000
vn 1.000000 0.000000 0.000000
vn 0.951055 0.309020 0.000000
vn 0.951055 0.309020 0.000000
vn 0.809018 0.587784 0.000000
vn 0.809018 0.587784 0.000000
vn 0.587781 0.809020 0.000000
vn 0.587781 0.809020 0.000000
vn 0.309016 0.951057 0.000000
vn 0.309016 0.951057 0.000000
vn 0.000001 1.000000 0.000000
vn 0.000001 1.000000 0.000000
vn 0.000006 0.000000 -1.000000
vn 0.000000 0.000000 -1.000000
vn 0.000001 0.000000 -1.000000
vn 0.000006 0.000000 -1.000000
vn 0.000000 0.000000 -1.000000
vn 0.000000 0.000000 -1.000000
vn 0.000000 0.000000 -1.000000
vn 0.000006 0.000000 -1.000000
vn 0.000006 0.000000 -1.000000
vn 0.000000 0.000000 -1.000000
vn 0.000000 0.000000 -1.000000
vn 0.000000 0.000000 -1.000000
vn -0.000006 0.000000 -1.000000
vn -0.000006 0.000000 -1.000000
vn 0.000000 0.000000 -1.000000
vn 0.000000 0.000000 -1.000000
vn 0.000000 0.000000 -1.000000
vn 0.000000 0.000000 -1.000000
vn 0.000000 0.000000 -1.000000
vn 0.000000 0.000000 -1.000000
vn 0.000000 0.000000 -1.000000
vn 0.000000 0.000000 1.000000
vn 0.000000 0.000000 1.000000
vn -0.000000 0.000000 1.000000
vn 0.000006 0.000000 1.000000
vn 0.000006 0.000000 1.000000
vn 0.000000 0.000000 1.000000
vn 0.000003 0.000000 1.000000
vn -0.000003 0.000000 1.000000
vn -0.000000 0.000000 1.000000
vn -0.000000 0.000000 1.000000
vn 0.000000 0.000000 1.000000
vn 0.000000 0.000000 1.000000
vn -0.000000 0.000000 1.000000
vn -0.000000 0.000000 1.000000
vn -0.000006 0.000000 1.000000
vn 0.000000 0.000000 1.000000
vn 0.000003 0.000000 1.000000
vn 0.000003 0.000000 1.000000
vn 0.000000 0.000000 1.000000
vn -0.000006 0.000000 1.000000
vn -0.000006 0.000000 1.000000
vn 0.000000 0.951057 -0.309016
vn 0.000000 0.809017 -0.587785
vn 0.000000 0.809017 -0.587785
vn 0.000000 0.951057 -0.309016
vn 0.000000 0.587785 -0.809017
vn 0.000000 0.587785 -0.809017
vn 0.000000 0.309017 -0.951057
vn 0.000000 0.309017 -0.951057
vn 0.000000 -0.000000 -1.000000
vn 0.000000 -0.000000 -1.000000
vn 0.000000 -0.309017 -0.951057
vn 0.000000 -0.309017 -0.951057
vn 0.000000 -0.587786 -0.809017
vn 0.000000 -0.587786 -0.809017
vn 0.000000 -0.809017 -0.587785
vn 0.000000 -0.809017 -0.587785
vn 0.000000 -0.951057 -0.309017
vn 0.000000 -0.951057 -0.309017
vn 0.000000 -1.000000 0.000000
vn 0.000000 -1.000000 0.000000
vn 0.000000 -0.951057 0.309017
vn 0.000000 -0.951057 0.309017
vn 0.000000 -0.809017 0.587785
vn 0.000000 -0.809017 0.587785
vn 0.000000 -0.587785 0.809017
vn 0.000000 -0.587785 0.809017
vn 0.000000 -0.309017 0.951057
vn 0.000000 -0.309017 0.951057
vn 0.000000 0.000000 1.000000
vn 0.000000 0.000000 1.000000
vn 0.000000 0.309017 0.951057
vn 0.000000 0.309017 0.951057
vn 0.000000 0.587785 0.809018
vn 0.000000 0.587785 0.809018
vn 0.000000 0.809017 0.587785
vn 0.000000 0.809017 0.587785
vn 0.000000 0.951057 0.309016
vn 0.000000 0.951057 0.309016
vn 0.000000 1.000000 0.000001
vn 0.000000 1.000000 0.000001
vn 1.000000 0.000000 0.000000
vn 1.000000 0.000000 0.000000
vn 1.000000 0.000000 0.000000
vn 1.000000 0.000025 0.000000
vn 1.000000 0.000025 0.000000
vn 1.000000 0.000000 0.000000
vn 1.000000 0.000000 0.000000
vn 1.000000 0.000000 0.000000
vn 1.000000 0.000006 0.000000
vn 1.000000 0.000006 0.000000
vn 1.000000 0.000000 0.000000
vn 1.000000 0.000000 0.000000
vn 1.000000 0.000000 0.000000
vn 1.000000 -0.000025 0.000000
vn 1.000000 -0.000025 0.000000
vn 1.000000 0.000000 0.000000
vn 1.000000 0.000000 0.000000
vn 1.000000 0.000000 0.000000
vn 1.000000 -0.000006 0.000000
vn 1.000000 -0.000006 0.000000
vn 1.000000 0.000000 0.000000
vn -1.000000 -0.000006 0.000000
vn -1.000000 -0.000006 0.000000
vn -1.000000 -0.000000 0.000000
vn -1.000000 0.000000 0.000000
vn -1.000000 0.000000 0.000000
vn -1.000000 0.000000 0.000000
vn -1.000000 -0.000025 0.000000
vn -1.000000 -0.000025 0.000000
vn -1.000000 0.000000 0.000000
vn -1.000000 0.000000 0.000000
vn -1.000000 0.000000 0.000000
vn -1.000000 0.000006 0.000000
vn -1.000000 0.000006 0.000000
vn -1.000000 0.000000 0.000000
vn -1.000000 0.000000 0.000000
vn -1.000000 0.000000 0.000000
vn -1.000000 0.000025 0.000000
vn -1.000000 0.000025 0.000000
vn -1.000000 0.000000 0.000000
vn -1.000000 0.000000 0.000000
vn -1.000000 0.000000 0.000000
vn 0.000000 0.951057 -0.309015
vn 0.000000 0.809017 -0.587785
vn 0.000000 0.809017 -0.587785
vn 0.000000 0.951057 -0.309015
vn 0.000000 0.587783 -0.809018
vn 0.000000 0.587783 -0.809018
vn 0.000000 0.309017 -0.951057
vn 0.000000 0.309017 -0.951057
vn 0.000000 -0.000000 -1.000000
vn 0.000000 -0.000000 -1.000000
vn 0.000000 -0.309017 -0.951057
vn 0.000000 -0.309017 -0.951057
vn 0.000000 -0.587784 -0.809018
vn 0.000000 -0.587784 -0.809018
vn 0.000000 -0.809017 -0.587785
vn 0.000000 -0.809017 -0.587785
vn 0.000000 -0.951057 -0.309016
vn 0.000000 -0.951057 -0.309016
vn 0.000000 -1.000000 0.000000
vn 0.000000 -1.000000 0.000000
vn 0.000000 -0.951056 0.309018
vn 0.000000 -0.951056 0.309018
vn 0.000000 -0.809017 0.587785
vn 0.000000 -0.809017 0.587785
vn 0.000000 -0.587788 0.809015
vn 0.000000 -0.587788 0.809015
vn 0.000000 -0.309017 0.951057
vn 0.000000 -0.309017 0.951057
vn 0.000000 0.000000 1.000000
vn 0.000000 0.000000 1.000000
vn 0.000000 0.309017 0.951057
vn 0.000000 0.309017 0.951057
vn 0.000000 0.587788 0.809015
vn 0.000000 0.587788 0.809015
vn 0.000000 0.809017 0.587785
vn 0.000000 0.809017 0.587785
vn 0.000000 0.951056 0.309017
vn 0.000000 0.951056 0.309017
vn 0.000000 1.000000 0.000001
vn 0.000000 1.000000 0.000001
vn 1.000000 0.000000 0.000000
vn 1.000000 0.000000 0.000000
vn 1.000000 -0.000001 0.000000
vn 1.000000 0.000025 0.000000
vn 1.000000 0.000025 0.000000
vn 1.000000 0.000000 0.000000
vn 1.000000 0.000000 0.000000
vn 1.000000 0.000000 0.000000
vn 1.000000 0.000006 0.000000
vn 1.000000 0.000006 0.000000
vn 1.000000 0.000000 0.000000
vn 1.000000 0.000000 0.000000
vn 1.000000 0.000000 0.000000
vn 1.000000 -0.000025 0.000000
vn 1.000000 -0.000025 0.000000
vn 1.000000 0.000000 0.000000
vn 1.000000 0.000000 0.000000
vn 1.000000 -0.000012 0.000000
vn 1.000000 -0.000012 0.000000
vn 1.000000 0.000000 0.000000
vn 1.000000 0.000000 0.000000
vn -1.000000 -0.000006 0.000000
vn -1.000000 -0.000006 0.000000
vn -1.000000 0.000001 0.000000
vn -1.000000 0.000000 0.000000
vn -1.000000 0.000000 0.000000
vn -1.000000 0.000000 0.000000
vn -1.000000 -0.000025 0.000000
vn -1.000000 -0.000025 0.000000
vn -1.000000 0.000000 0.000000
vn -1.000000 0.000000 0.000000
vn -1.000000 0.000000 0.000000
vn -1.000000 0.000000 0.000000
vn -1.000000 0.000012 0.000000
vn -1.000000 0.000012 0.000000
vn -1.000000 0.000000 0.000000
vn -1.000000 0.000000 0.000000
vn -1.000000 0.000025 0.000000
vn -1.000000 0.000025 0.000000
vn -1.000000 0.000000 0.000000
vn -1.000000 0.000000 0.000000
vn -1.000000 0.000000 0.000000
vn 0.000000 0.951057 -0.309017
vn 0.000000 0.809017 -0.587785
vn 0.000000 0.809017 -0.587785
vn 0.000000 0.951057 -0.309017
vn 0.000000 0.587787 -0.809015
vn 0.000000 0.587787 -0.809015
vn 0.000000 0.309017 -0.951057
vn 0.000000 0.309017 -0.951057
vn 0.000000 -0.000000 -1.000000
vn 0.000000 -0.000000 -1.000000
vn 0.000000 -0.309017 -0.951057
vn 0.000000 -0.309017 -0.951057
vn 0.000000 -0.587788 -0.809015
vn 0.000000 -0.587788 -0.809015
vn 0.000000 -0.809017 -0.587785
vn 0.000000 -0.809017 -0.587785
vn 0.000000 -0.951056 -0.309018
vn 0.000000 -0.951056 -0.309018
vn 0.000000 -1.000000 0.000000
vn 0.000000 -1.000000 0.000000
vn 0.000000 -0.951056 0.309018
vn 0.000000 -0.951056 0.309018
vn 0.000000 -0.809017 0.587785
vn 0.000000 -0.809017 0.587785
vn 0.000000 -0.587788 0.809015
vn 0.000000 -0.587788 0.809015
vn 0.000000 -0.309017 0.951057
vn 0.000000 -0.309017 0.951057
vn 0.000000 0.000000 1.000000
vn 0.000000 0.000000 1.000000
vn 0.000000 0.309017 0.951057
vn 0.000000 0.309017 0.951057
vn 0.000000 0.587788 0.809015
vn 0.000000 0.587788 0.809015
vn 0.000000 0.809017 0.587785
vn 0.000000 0.809017 0.587785
vn 0.000000 0.951056 0.309017
vn 0.000000 0.951056 0.309017
vn 0.000000 1.000000 0.000001
vn 0.000000 1.000000 0.000001
vn 1.000000 0.000000 0.000000
vn 1.000000 0.000000 0.000000
vn 1.000000 0.000000 0.000000
vn 1.000000 0.000025 0.000000
vn 1.000000 0.000025 0.000000
vn 1.000000 0.000000 0.000000
vn 1.000000 0.000000 0.000000
vn 1.000000 0.000012 0.000000
vn 1.000000 0.000012 0.000000
vn 1.000000 0.000000 0.000000
vn 1.000000 0.000000 0.000000
vn 1.000000 0.000000 0.000000
vn 1.000000 0.000000 0.000000
vn 1.000000 -0.000025 0.000000
vn 1.000000 -0.000025 0.000000
vn 1.000000 0.000000 0.000000
vn 1.000000 0.000000 0.000000
vn 1.000000 -0.000012 0.000000
vn 1.000000 -0.000012 0.000000
vn 1.000000 0.000000 0.000000
vn 1.000000 0.000000 0.000000
vn -1.000000 0.000000 0.000000
vn -1.000000 -0.000012 0.000000
vn -1.000000 0.000000 0.000000
vn -1.000000 -0.000012 0.000000
vn -1.000000 0.000000 0.000000
vn -1.000000 0.000000 0.000000
vn -1.000000 -0.000025 0.000000
vn -1.000000 -0.000025 0.000000
vn -1.000000 0.000000 0.000000
vn -1.000000 0.000000 0.000000
vn -1.000000 0.000000 0.000000
vn -1.000000 0.000000 0.000000
vn -1.000000 0.000012 0.000000
vn -1.000000 0.000012 0.000000
vn -1.000000 0.000000 0.000000
vn -1.000000 0.000000 0.000000
vn -1.000000 0.000025 0.000000
vn -1.000000 0.000025 0.000000
vn -1.000000 0.000000 0.000000
vn -1.000000 0.000000 0.000000
vn -1.000000 0.000000 0.000000
vn 0.000000 0.951057 -0.309017
vn 0.000000 0.809017 -0.587785
vn 0.000000 0.809017 -0.587785
vn 0.000000 0.951057 -0.309017
vn 0.000000 0.587787 -0.809015
vn 0.000000 0.587787 -0.809015
vn 0.000000 0.309017 -0.951057
vn 0.000000 0.309017 -0.951057
vn 0.000000 -0.000000 -1.000000
vn 0.000000 -0.000000 -1.000000
vn 0.000000 -0.309017 -0.951057
vn 0.000000 -0.309017 -0.951057
vn 0.000000 -0.587788 -0.809015
vn 0.000000 -0.587788 -0.809015
vn 0.000000 -0.809017 -0.587785
vn 0.000000 -0.809017 -0.587785
vn 0.000000 -0.951056 -0.309018
vn 0.000000 -0.951056 -0.309018
vn 0.000000 -1.000000 0.000000
vn 0.000000 -1.000000 0.000000
vn 0.000000 -0.951056 0.309018
vn 0.000000 -0.951056 0.309018
vn 0.000000 -0.809017 0.587785
vn 0.000000 -0.809017 0.587785
vn 0.000000 -0.587788 0.809015
vn 0.000000 -0.587788 0.809015
vn 0.000000 -0.309017 0.951057
vn 0.000000 -0.309017 0.951057
vn 0.000000 0.000000 1.000000
vn 0.000000 0.000000 1.000000
vn 0.000000 0.309017 0.951057
vn 0.000000 0.309017 0.951057
vn 0.000000 0.587788 0.809015
vn 0.000000 0.587788 0.809015
vn 0.000000 0.809017 0.587785
vn 0.000000 0.809017 0.587785
vn 0.000000 0.951056 0.309017
vn 0.000000 0.951056 0.309017
vn 0.000000 1.000000 0.000001
vn 0.000000 1.000000 0.000001
vn 1.000000 0.000000 0.000000
vn 1.000000 0.000000 0.000000
vn 1.000000 -0.000000 0.000000
vn 1.000000 0.000025 0.000000
vn 1.000000 0.000025 0.000000
vn 1.000000 0.000000 0.000000
vn 1.000000 0.000000 0.000000
vn 1.000000 0.000012 0.000000
vn 1.000000 0.000012 0.000000
vn 1.000000 0.000000 0.000000
vn 1.000000 0.000000 0.000000
vn 1.000000 0.000000 0.000000
vn 1.000000 0.000000 0.000000
vn 1.000000 -0.000025 0.000000
vn 1.000000 -0.000025 0.000000
vn 1.000000 0.000000 0.000000
vn 1.000000 0.000000 0.000000
vn 1.000000 -0.000012 0.000000
vn 1.000000 -0.000012 0.000000
vn 1.000000 0.000000 0.000000
vn 1.000000 0.000000 0.000000
vn -1.000000 0.000000 0.000000
vn -1.000000 -0.000012 0.000000
vn -1.000000 0.000000 0.000000
vn -1.000000 -0.000012 0.000000
vn -1.000000 0.000000 0.000000
vn -1.000000 0.000000 0.000000
vn -1.000000 -0.000025 0.000000
vn -1.000000 -0.000025 0.000000
vn -1.000000 0.000000 0.000000
vn -1.000000 0.000000 0.000000
vn -1.000000 0.000000 0.000000
vn -1.000000 0.000000 0.000000
vn -1.000000 0.000012 0.000000
vn -1.000000 0.000012 0.000000
vn -1.000000 0.000000 0.000000
vn -1.000000 0.000000 0.000000
vn -1.000000 0.000025 0.000000
vn -1.000000 0.000025 0.000000
vn -1.000000 0.000000 0.000000
vn -1.000000 0.000000 0.000000
vn -1.000000 0.000000 0.000000
vn -0.309017 0.951057 0.000000
vn -0.587784 0.809018 0.000000
vn -0.587784 0.809018 0.000000
vn -0.309017 0.951057 0.000000
vn -0.809015 0.587788 0.000000
vn -0.809015 0.587788 0.000000
vn -0.951057 0.309014 0.000000
vn -0.951057 0.309014 0.000000
vn -1.000000 0.000000 0.000000
vn -1.000000 0.000000 0.000000
vn -0.951057 -0.309014 0.000000
vn -0.951057 -0.309014 0.000000
vn -0.809015 -0.587788 0.000000
vn -0.809015 -0.587788 0.000000
vn -0.587784 -0.809018 0.000000
vn -0.587784 -0.809018 0.000000
vn -0.309018 -0.951056 0.000000
vn -0.309018 -0.951056 0.000000
vn 0.000000 -1.000000 0.000000
vn 0.000000 -1.000000 0.000000
vn 0.309018 -0.951056 0.000000
vn 0.309018 -0.951056 0.000000
vn 0.587784 -0.809018 0.000000
vn 0.587784 -0.809018 0.000000
vn 0.809015 -0.587788 0.000000
vn 0.809015 -0.587788 0.000000
vn 0.951057 -0.309015 0.000000
vn 0.951057 -0.309015 0.000000
vn 1.000000 0.000000 0.000000
vn 1.000000 0.000000 0.000000
vn 0.951057 0.309015 0.000000
vn 0.951057 0.309015 0.000000
vn 0.809015 0.587788 0.000000
vn 0.809015 0.587788 0.000000
vn 0.587784 0.809018 0.000000
vn 0.587784 0.809018 0.000000
vn 0.309018 0.951056 0.000000
vn 0.309018 0.951056 0.000000
vn 0.000001 1.000000 0.000000
vn 0.000001 1.000000 0.000000
vn 0.000006 0.000000 -1.000000
vn 0.000000 0.000000 -1.000000
vn 0.000001 0.000000 -1.000000
vn 0.000006 0.000000 -1.000000
vn 0.000000 0.000000 -1.000000
vn 0.000000 0.000000 -1.000000
vn 0.000000 0.000000 -1.000000
vn 0.000006 0.000000 -1.000000
vn 0.000006 0.000000 -1.000000
vn 0.000000 0.000000 -1.000000
vn 0.000000 0.000000 -1.000000
vn 0.000000 0.000000 -1.000000
vn -0.000006 0.000000 -1.000000
vn -0.000006 0.000000 -1.000000
vn 0.000000 0.000000 -1.000000
vn 0.000000 0.000000 -1.000000
vn 0.000000 0.000000 -1.000000
vn 0.000000 0.000000 -1.000000
vn 0.000000 0.000000 -1.000000
vn 0.000000 0.000000 -1.000000
vn 0.000000 0.000000 -1.000000
vn 0.000000 0.000000 1.000000
vn 0.000000 0.000000 1.000000
vn 0.000000 0.000000 1.000000
vn 0.000006 0.000000 1.000000
vn 0.000006 0.000000 1.000000
vn 0.000000 0.000000 1.000000
vn 0.000003 0.000000 1.000000
vn -0.000003 0.000000 1.000000
vn 0.000000 0.000000 1.000000
vn -0.000000 0.000000 1.000000
vn 0.000000 0.000000 1.000000
vn 0.000000 0.000000 1.000000
vn -0.000000 0.000000 1.000000
vn -0.000000 0.000000 1.000000
vn -0.000006 0.000000 1.000000
vn 0.000000 0.000000 1.000000
vn 0.000003 0.000000 1.000000
vn 0.000003 0.000000 1.000000
vn 0.000000 0.000000 1.000000
vn -0.000006 0.000000 1.000000
vn -0.000006 0.000000 1.000000
vn -0.309017 0.951057 0.000000
vn -0.587784 0.809018 0.000000
vn -0.587784 0.809018 0.000000
vn -0.309017 0.951057 0.000000
vn -0.809015 0.587788 0.000000
vn -0.809015 0.587788 0.000000
vn -0.951057 0.309014 0.000000
vn -0.951057 0.309014 0.000000
vn -1.000000 0.000000 0.000000
vn -1.000000 0.000000 0.000000
vn -0.951057 -0.309014 0.000000
vn -0.951057 -0.309014 0.000000
vn -0.809015 -0.587788 0.000000
vn -0.809015 -0.587788 0.000000
vn -0.587784 -0.809018 0.000000
vn -0.587784 -0.809018 0.000000
vn -0.309018 -0.951056 0.000000
vn -0.309018 -0.951056 0.000000
vn 0.000000 -1.000000 0.000000
vn 0.000000 -1.000000 0.000000
vn 0.309018 -0.951056 0.000000
vn 0.309018 -0.951056 0.000000
vn 0.587784 -0.809018 0.000000
vn 0.587784 -0.809018 0.000000
vn 0.809015 -0.587788 0.000000
vn 0.809015 -0.587788 0.000000
vn 0.951057 -0.309015 0.000000
vn 0.951057 -0.309015 0.000000
vn 1.000000 0.000000 0.000000
vn 1.000000 0.000000 0.000000
vn 0.951057 0.309015 0.000000
vn 0.951057 0.309015 0.000000
vn 0.809015 0.587788 0.000000
vn 0.809015 0.587788 0.000000
vn 0.587784 0.809018 0.000000
vn 0.587784 0.809018 0.000000
vn 0.309018 0.951056 0.000000
vn 0.309018 0.951056 0.000000
vn 0.000001 1.000000 0.000000
vn 0.000001 1.000000 0.000000
vn 0.000006 0.000000 -1.000000
vn 0.000000 0.000000 -1.000000
vn 0.000001 0.000000 -1.000000
vn 0.000006 0.000000 -1.000000
vn 0.000000 0.000000 -1.000000
vn 0.000000 0.000000 -1.000000
vn 0.000000 0.000000 -1.000000
vn 0.000006 0.000000 -1.000000
vn 0.000006 0.000000 -1.000000
vn 0.000000 0.000000 -1.000000
vn 0.000000 0.000000 -1.000000
vn 0.000000 0.000000 -1.000000
vn -0.000006 0.000000 -1.000000
vn -0.000006 0.000000 -1.000000
vn 0.000000 0.000000 -1.000000
vn 0.000000 0.000000 -1.000000
vn 0.000000 0.000000 -1.000000
vn 0.000000 0.000000 -1.000000
vn 0.000000 0.000000 -1.000000
vn 0.000000 0.000000 -1.000000
vn 0.000000 0.000000 -1.000000
vn 0.000000 0.000000 1.000000
vn 0.000000 0.000000 1.000000
vn 0.000000 0.000000 1.000000
vn 0.000006 0.000000 1.000000
vn 0.000006 0.000000 1.000000
vn 0.000000 0.000000 1.000000
vn 0.000003 0.000000 1.000000
vn -0.000003 0.000000 1.000000
vn 0.000000 0.000000 1.000000
vn -0.000000 0.000000 1.000000
vn 0.000000 0.000000 1.000000
vn 0.000000 0.000000 1.000000
vn -0.000000 0.000000 1.000000
vn -0.000000 0.000000 1.000000
vn -0.000006 0.000000 1.000000
vn 0.000000 0.000000 1.000000
vn 0.000003 0.000000 1.000000
vn 0.000003 0.000000 1.000000
vn 0.000000 0.000000 1.000000
vn -0.000006 0.000000 1.000000
vn -0.000006 0.000000 1.000000
vn 0.000000 0.951057 -0.309016
vn 0.000000 0.809017 -0.587785
vn 0.000000 0.809017 -0.587785
vn 0.000000 0.951057 -0.309016
vn 0.000000 0.587785 -0.809017
vn 0.000000 0.587785 -0.809017
vn 0.000000 0.309017 -0.951057
vn 0.000000 0.309017 -0.951057
vn 0.000000 -0.000000 -1.000000
vn 0.000000 -0.000000 -1.000000
vn 0.000000 -0.309017 -0.951057
vn 0.000000 -0.309017 -0.951057
vn 0.000000 -0.587786 -0.809017
vn 0.000000 -0.587786 -0.809017
vn 0.000000 -0.809017 -0.587785
vn 0.000000 -0.809017 -0.587785
vn 0.000000 -0.951057 -0.309017
vn 0.000000 -0.951057 -0.309017
vn 0.000000 -1.000000 0.000000
vn 0.000000 -1.000000 0.000000
vn 0.000000 -0.951057 0.309017
vn 0.000000 -0.951057 0.309017
vn 0.000000 -0.809017 0.587785
vn 0.000000 -0.809017 0.587785
vn 0.000000 -0.587786 0.809017
vn 0.000000 -0.587786 0.809017
vn 0.000000 -0.309017 0.951057
vn 0.000000 -0.309017 0.951057
vn 0.000000 0.000000 1.000000
vn 0.000000 0.000000 1.000000
vn 0.000000 0.309017 0.951057
vn 0.000000 0.309017 0.951057
vn 0.000000 0.587786 0.809017
vn 0.000000 0.587786 0.809017
vn 0.000000 0.809017 0.587785
vn 0.000000 0.809017 0.587785
vn 0.000000 0.951057 0.309016
vn 0.000000 0.951057 0.309016
vn 0.000000 1.000000 0.000001
vn 0.000000 1.000000 0.000001
vn 1.000000 0.000000 0.000000
vn 1.000000 0.000000 0.000000
vn 1.000000 -0.000000 0.000000
vn 1.000000 0.000025 0.000000
vn 1.000000 0.000025 0.000000
vn 1.000000 0.000000 0.000000
vn 1.000000 0.000000 0.000000
vn 1.000000 0.000000 0.000000
vn 1.000000 0.000006 0.000000
vn 1.000000 0.000006 0.000000
vn 1.000000 0.000000 0.000000
vn 1.000000 0.000000 0.000000
vn 1.000000 0.000000 0.000000
vn 1.000000 -0.000025 0.000000
vn 1.000000 -0.000025 0.000000
vn 1.000000 0.000000 0.000000
vn 1.000000 0.000000 0.000000
vn 1.000000 0.000000 0.000000
vn 1.000000 -0.000006 0.000000
vn 1.000000 -0.000006 0.000000
vn 1.000000 0.000000 0.000000
vn -1.000000 -0.000006 0.000000
vn -1.000000 -0.000006 0.000000
vn -1.000000 0.000000 0.000000
vn -1.000000 0.000000 0.000000
vn -1.000000 0.000000 0.000000
vn -1.000000 0.000000 0.000000
vn -1.000000 -0.000025 0.000000
vn -1.000000 -0.000025 0.000000
vn -1.000000 0.000000 0.000000
vn -1.000000 0.000000 0.000000
vn -1.000000 0.000000 0.000000
vn -1.000000 0.000006 0.000000
vn -1.000000 0.000006 0.000000
vn -1.000000 0.000000 0.000000
vn -1.000000 0.000000 0.000000
vn -1.000000 0.000000 0.000000
vn -1.000000 0.000025 0.000000
vn -1.000000 0.000025 0.000000
vn -1.000000 0.000000 0.000000
vn -1.000000 0.000000 0.000000
vn -1.000000 0.000000 0.000000
s off
g pCube2
usemtl phong2SG
f 1/1/1 2/2/2 4/4/3 3/3/4
f 3/3/5 4/4/6 6/6/7 5/5/8
f 5/5/9 6/6/10 8/8/11 7/7/12
f 7/7/13 8/8/14 2/10/15 1/9/16
f 2/2/17 8/11/18 6/12/19 4/4/20
f 7/13/21 1/1/22 3/3/23 5/14/24
s 1
usemtl pasted__pasted__phong1SG
f 9/15/25 10/16/26 30/17/27 29/18/28
f 10/16/26 11/19/29 31/20/30 30/17/27
f 11/19/29 12/21/31 32/22/32 31/20/30
f 12/21/31 13/23/33 33/24/34 32/22/32
f 13/23/33 14/25/35 34/26/36 33/24/34
f 14/25/35 15/27/37 35/28/38 34/26/36
f 15/27/37 16/29/39 36/30/40 35/28/38
f 16/29/39 17/31/41 37/32/42 36/30/40
f 17/31/41 18/33/43 38/34/44 37/32/42
f 18/33/43 19/35/45 39/36/46 38/34/44
f 19/35/45 20/37/47 40/38/48 39/36/46
f 20/37/47 21/39/49 41/40/50 40/38/48
f 21/39/49 22/41/51 42/42/52 41/40/50
f 22/41/51 23/43/53 43/44/54 42/42/52
f 23/43/53 24/45/55 44/46/56 43/44/54
f 24/45/55 25/47/57 45/48/58 44/46/56
f 25/47/57 26/49/59 46/50/60 45/48/58
f 26/49/59 27/51/61 47/52/62 46/50/60
f 27/51/61 28/53/63 48/54/64 47/52/62
f 28/53/63 9/55/25 29/56/28 48/54/64
s 2
f 10/57/65 9/58/66 49/59/67
f 11/60/68 10/57/65 49/59/67
f 12/61/69 11/60/68 49/59/67
f 13/62/70 12/61/69 49/59/67
f 14/63/71 13/62/70 49/59/67
f 15/64/72 14/63/71 49/59/67
f 16/65/73 15/64/72 49/59/67
f 17/66/74 16/65/73 49/59/67
f 18/67/75 17/66/74 49/59/67
f 19/68/76 18/67/75 49/59/67
f 20/69/77 19/68/76 49/59/67
f 21/70/78 20/69/77 49/59/67
f 22/71/79 21/70/78 49/59/67
f 23/72/80 22/71/79 49/59/67
f 24/73/81 23/72/80 49/59/67
f 25/74/82 24/73/81 49/59/67
f 26/75/83 25/74/82 49/59/67
f 27/76/84 26/75/83 49/59/67
f 28/77/85 27/76/84 49/59/67
f 9/58/66 28/77/85 49/59/67
s 3
f 29/78/86 30/79/87 50/80/88
f 30/79/87 31/81/89 50/80/88
f 31/81/89 32/82/90 50/80/88
f 32/82/90 33/83/91 50/80/88
f 33/83/91 34/84/92 50/80/88
f 34/84/92 35/85/93 50/80/88
f 35/85/93 36/86/94 50/80/88
f 36/86/94 37/87/95 50/80/88
f 37/87/95 38/88/96 50/80/88
f 38/88/96 39/89/97 50/80/88
f 39/89/97 40/90/98 50/80/88
f 40/90/98 41/91/99 50/80/88
f 41/91/99 42/92/100 50/80/88
f 42/92/100 43/93/101 50/80/88
f 43/93/101 44/94/102 50/80/88
f 44/94/102 45/95/103 50/80/88
f 45/95/103 46/96/104 50/80/88
f 46/96/104 47/97/105 50/80/88
f 47/97/105 48/98/106 50/80/88
f 48/98/106 29/78/86 50/80/88
s 4
f 51/99/107 52/100/108 72/101/109 71/102/110
f 52/100/108 53/103/111 73/104/112 72/101/109
f 53/103/111 54/105/113 74/106/114 73/104/112
f 54/105/113 55/107/115 75/108/116 74/106/114
f 55/107/115 56/109/117 76/110/118 75/108/116
f 56/109/117 57/111/119 77/112/120 76/110/118
f 57/111/119 58/113/121 78/114/122 77/112/120
f 58/113/121 59/115/123 79/116/124 78/114/122
f 59/115/123 60/117/125 80/118/126 79/116/124
f 60/117/125 61/119/127 81/120/128 80/118/126
f 61/119/127 62/121/129 82/122/130 81/120/128
f 62/121/129 63/123/131 83/124/132 82/122/130
f 63/123/131 64/125/133 84/126/134 83/124/132
f 64/125/133 65/127/135 85/128/136 84/126/134
f 65/127/135 66/129/137 86/130/138 85/128/136
f 66/129/137 67/131/139 87/132/140 86/130/138
f 67/131/139 68/133/141 88/134/142 87/132/140
f 68/133/141 69/135/143 89/136/144 88/134/142
f 69/135/143 70/137/145 90/138/146 89/136/144
f 70/137/145 51/139/107 71/140/110 90/138/146
s 5
f 52/141/147 51/142/148 91/143/149
f 53/144/150 52/141/147 91/143/149
f 54/145/151 53/144/150 91/143/149
f 55/146/152 54/145/151 91/143/149
f 56/147/153 55/146/152 91/143/149
f 57/148/154 56/147/153 91/143/149
f 58/149/155 57/148/154 91/143/149
f 59/150/156 58/149/155 91/143/149
f 60/151/157 59/150/156 91/143/149
f 61/152/158 60/151/157 91/143/149
f 62/153/159 61/152/158 91/143/149
f 63/154/160 62/153/159 91/143/149
f 64/155/161 63/154/160 91/143/149
f 65/156/162 64/155/161 91/143/149
f 66/157/163 65/156/162 91/143/149
f 67/158/164 66/157/163 91/143/149
f 68/159/165 67/158/164 91/143/149
f 69/160/166 68/159/165 91/143/149
f 70/161/167 69/160/166 91/143/149
f 51/142/148 70/161/167 91/143/149
s 6
f 71/162/168 72/163/169 92/164/170
f 72/163/169 73/165/171 92/164/170
f 73/165/171 74/166/172 92/164/170
f 74/166/172 75/167/173 92/164/170
f 75/167/173 76/168/174 92/164/170
f 76/168/174 77/169/175 92/164/170
f 77/169/175 78/170/176 92/164/170
f 78/170/176 79/171/177 92/164/170
f 79/171/177 80/172/178 92/164/170
f 80/172/178 81/173/179 92/164/170
f 81/173/179 82/174/180 92/164/170
f 82/174/180 83/175/181 92/164/170
f 83/175/181 84/176/182 92/164/170
f 84/176/182 85/177/183 92/164/170
f 85/177/183 86/178/184 92/164/170
f 86/178/184 87/179/185 92/164/170
f 87/179/185 88/180/186 92/164/170
f 88/180/186 89/181/187 92/164/170
f 89/181/187 90/182/188 92/164/170
f 90/182/188 71/162/168 92/164/170
s 7
f 93/183/189 94/184/190 114/185/191 113/186/192
f 94/184/190 95/187/193 115/188/194 114/185/191
f 95/187/193 96/189/195 116/190/196 115/188/194
f 96/189/195 97/191/197 117/192/198 116/190/196
f 97/191/197 98/193/199 118/194/200 117/192/198
f 98/193/199 99/195/201 119/196/202 118/194/200
f 99/195/201 100/197/203 120/198/204 119/196/202
f 100/197/203 101/199/205 121/200/206 120/198/204
f 101/199/205 102/201/207 122/202/208 121/200/206
f 102/201/207 103/203/209 123/204/210 122/202/208
f 103/203/209 104/205/211 124/206/212 123/204/210
f 104/205/211 105/207/213 125/208/214 124/206/212
f 105/207/213 106/209/215 126/210/216 125/208/214
f 106/209/215 107/211/217 127/212/218 126/210/216
f 107/211/217 108/213/219 128/214/220 127/212/218
f 108/213/219 109/215/221 129/216/222 128/214/220
f 109/215/221 110/217/223 130/218/224 129/216/222
f 110/217/223 111/219/225 131/220/226 130/218/224
f 111/219/225 112/221/227 132/222/228 131/220/226
f 112/221/227 93/223/189 113/224/192 132/222/228
s 8
f 94/225/229 93/226/230 133/227/231
f 95/228/232 94/225/229 133/227/231
f 96/229/233 95/228/232 133/227/231
f 97/230/234 96/229/233 133/227/231
f 98/231/235 97/230/234 133/227/231
f 99/232/236 98/231/235 133/227/231
f 100/233/237 99/232/236 133/227/231
f 101/234/238 100/233/237 133/227/231
f 102/235/239 101/234/238 133/227/231
f 103/236/240 102/235/239 133/227/231
f 104/237/241 103/236/240 133/227/231
f 105/238/242 104/237/241 133/227/231
f 106/239/243 105/238/242 133/227/231
f 107/240/244 106/239/243 133/227/231
f 108/241/245 107/240/244 133/227/231
f 109/242/246 108/241/245 133/227/231
f 110/243/247 109/242/246 133/227/231
f 111/244/248 110/243/247 133/227/231
f 112/245/249 111/244/248 133/227/231
f 93/226/230 112/245/249 133/227/231
s 9
f 113/246/250 114/247/251 134/248/252
f 114/247/251 115/249/253 134/248/252
f 115/249/253 116/250/254 134/248/252
f 116/250/254 117/251/255 134/248/252
f 117/251/255 118/252/256 134/248/252
f 118/252/256 119/253/257 134/248/252
f 119/253/257 120/254/258 134/248/252
f 120/254/258 121/255/259 134/248/252
f 121/255/259 122/256/260 134/248/252
f 122/256/260 123/257/261 134/248/252
f 123/257/261 124/258/262 134/248/252
f 124/258/262 125/259/263 134/248/252
f 125/259/263 126/260/264 134/248/252
f 126/260/264 127/261/265 134/248/252
f 127/261/265 128/262/266 134/248/252
f 128/262/266 129/263/267 134/248/252
f 129/263/267 130/264/268 134/248/252
f 130/264/268 131/265/269 134/248/252
f 131/265/269 132/266/270 134/248/252
f 132/266/270 113/246/250 134/248/252
s 10
f 135/267/271 136/268/272 156/269/273 155/270/274
f 136/268/272 137/271/275 157/272/276 156/269/273
f 137/271/275 138/273/277 158/274/278 157/272/276
f 138/273/277 139/275/279 159/276/280 158/274/278
f 139/275/279 140/277/281 160/278/282 159/276/280
f 140/277/281 141/279/283 161/280/284 160/278/282
f 141/279/283 142/281/285 162/282/286 161/280/284
f 142/281/285 143/283/287 163/284/288 162/282/286
f 143/283/287 144/285/289 164/286/290 163/284/288
f 144/285/289 145/287/291 165/288/292 164/286/290
f 145/287/291 146/289/293 166/290/294 165/288/292
f 146/289/293 147/291/295 167/292/296 166/290/294
f 147/291/295 148/293/297 168/294/298 167/292/296
f 148/293/297 149/295/299 169/296/300 168/294/298
f 149/295/299 150/297/301 170/298/302 169/296/300
f 150/297/301 151/299/303 171/300/304 170/298/302
f 151/299/303 152/301/305 172/302/306 171/300/304
f 152/301/305 153/303/307 173/304/308 172/302/306
f 153/303/307 154/305/309 174/306/310 173/304/308
f 154/305/309 135/307/271 155/308/274 174/306/310
s 11
f 136/309/311 135/310/312 175/311/313
f 137/312/314 136/309/311 175/311/313
f 138/313/315 137/312/314 175/311/313
f 139/314/316 138/313/315 175/311/313
f 140/315/317 139/314/316 175/311/313
f 141/316/318 140/315/317 175/311/313
f 142/317/319 141/316/318 175/311/313
f 143/318/320 142/317/319 175/311/313
f 144/319/321 143/318/320 175/311/313
f 145/320/322 144/319/321 175/311/313
f 146/321/323 145/320/322 175/311/313
f 147/322/324 146/321/323 175/311/313
f 148/323/325 147/322/324 175/311/313
f 149/324/326 148/323/325 175/311/313
f 150/325/327 149/324/326 175/311/313
f 151/326/328 150/325/327 175/311/313
f 152/327/329 151/326/328 175/311/313
f 153/328/330 152/327/329 175/311/313
f 154/329/331 153/328/330 175/311/313
f 135/310/312 154/329/331 175/311/313
s 12
f 155/330/332 156/331/333 176/332/334
f 156/331/333 157/333/335 176/332/334
f 157/333/335 158/334/336 176/332/334
f 158/334/336 159/335/337 176/332/334
f 159/335/337 160/336/338 176/332/334
f 160/336/338 161/337/339 176/332/334
f 161/337/339 162/338/340 176/332/334
f 162/338/340 163/339/341 176/332/334
f 163/339/341 164/340/342 176/332/334
f 164/340/342 165/341/343 176/332/334
f 165/341/343 166/342/344 176/332/334
f 166/342/344 167/343/345 176/332/334
f 167/343/345 168/344/346 176/332/334
f 168/344/346 169/345/347 176/332/334
f 169/345/347 170/346/348 176/332/334
f 170/346/348 171/347/349 176/332/334
f 171/347/349 172/348/350 176/332/334
f 172/348/350 173/349/351 176/332/334
f 173/349/351 174/350/352 176/332/334
f 174/350/352 155/330/332 176/332/334
s 13
f 177/351/353 178/352/354 198/353/355 197/354/356
f 178/352/354 179/355/357 199/356/358 198/353/355
f 179/355/357 180/357/359 200/358/360 199/356/358
f 180/357/359 181/359/361 201/360/362 200/358/360
f 181/359/361 182/361/363 202/362/364 201/360/362
f 182/361/363 183/363/365 203/364/366 202/362/364
f 183/363/365 184/365/367 204/366/368 203/364/366
f 184/365/367 185/367/369 205/368/370 204/366/368
f 185/367/369 186/369/371 206/370/372 205/368/370
f 186/369/371 187/371/373 207/372/374 206/370/372
f 187/371/373 188/373/375 208/374/376 207/372/374
f 188/373/375 189/375/377 209/376/378 208/374/376
f 189/375/377 190/377/379 210/378/380 209/376/378
f 190/377/379 191/379/381 211/380/382 210/378/380
f 191/379/381 192/381/383 212/382/384 211/380/382
f 192/381/383 193/383/385 213/384/386 212/382/384
f 193/383/385 194/385/387 214/386/388 213/384/386
f 194/385/387 195/387/389 215/388/390 214/386/388
f 195/387/389 196/389/391 216/390/392 215/388/390
f 196/389/391 177/391/353 197/392/356 216/390/392
s 14
f 178/393/393 177/394/394 217/395/395
f 179/396/396 178/393/393 217/395/395
f 180/397/397 179/396/396 217/395/395
f 181/398/398 180/397/397 217/395/395
f 182/399/399 181/398/398 217/395/395
f 183/400/400 182/399/399 217/395/395
f 184/401/401 183/400/400 217/395/395
f 185/402/402 184/401/401 217/395/395
f 186/403/403 185/402/402 217/395/395
f 187/404/404 186/403/403 217/395/395
f 188/405/405 187/404/404 217/395/395
f 189/406/406 188/405/405 217/395/395
f 190/407/407 189/406/406 217/395/395
f 191/408/408 190/407/407 217/395/395
f 192/409/409 191/408/408 217/395/395
f 193/410/410 192/409/409 217/395/395
f 194/411/411 193/410/410 217/395/395
f 195/412/412 194/411/411 217/395/395
f 196/413/413 195/412/412 217/395/395
f 177/394/394 196/413/413 217/395/395
s 15
f 197/414/414 198/415/415 218/416/416
f 198/415/415 199/417/417 218/416/416
f 199/417/417 200/418/418 218/416/416
f 200/418/418 201/419/419 218/416/416
f 201/419/419 202/420/420 218/416/416
f 202/420/420 203/421/421 218/416/416
f 203/421/421 204/422/422 218/416/416
f 204/422/422 205/423/423 218/416/416
f 205/423/423 206/424/424 218/416/416
f 206/424/424 207/425/425 218/416/416
f 207/425/425 208/426/426 218/416/416
f 208/426/426 209/427/427 218/416/416
f 209/427/427 210/428/428 218/416/416
f 210/428/428 211/429/429 218/416/416
f 211/429/429 212/430/430 218/416/416
f 212/430/430 213/431/431 218/416/416
f 213/431/431 214/432/432 218/416/416
f 214/432/432 215/433/433 218/416/416
f 215/433/433 216/434/434 218/416/416
f 216/434/434 197/414/414 218/416/416
s 16
f 219/435/435 220/436/436 240/437/437 239/438/438
f 220/436/436 221/439/439 241/440/440 240/437/437
f 221/439/439 222/441/441 242/442/442 241/440/440
f 222/441/441 223/443/443 243/444/444 242/442/442
f 223/443/443 224/445/445 244/446/446 243/444/444
f 224/445/445 225/447/447 245/448/448 244/446/446
f 225/447/447 226/449/449 246/450/450 245/448/448
f 226/449/449 227/451/451 247/452/452 246/450/450
f 227/451/451 228/453/453 248/454/454 247/452/452
f 228/453/453 229/455/455 249/456/456 248/454/454
f 229/455/455 230/457/457 250/458/458 249/456/456
f 230/457/457 231/459/459 251/460/460 250/458/458
f 231/459/459 232/461/461 252/462/462 251/460/460
f 232/461/461 233/463/463 253/464/464 252/462/462
f 233/463/463 234/465/465 254/466/466 253/464/464
f 234/465/465 235/467/467 255/468/468 254/466/466
f 235/467/467 236/469/469 256/470/470 255/468/468
f 236/469/469 237/471/471 257/472/472 256/470/470
f 237/471/471 238/473/473 258/474/474 257/472/472
f 238/473/473 219/475/435 239/476/438 258/474/474
s 17
f 220/477/475 219/478/476 259/479/477
f 221/480/478 220/477/475 259/479/477
f 222/481/479 221/480/478 259/479/477
f 223/482/480 222/481/479 259/479/477
f 224/483/481 223/482/480 259/479/477
f 225/484/482 224/483/481 259/479/477
f 226/485/483 225/484/482 259/479/477
f 227/486/484 226/485/483 259/479/477
f 228/487/485 227/486/484 259/479/477
f 229/488/486 228/487/485 259/479/477
f 230/489/487 229/488/486 259/479/477
f 231/490/488 230/489/487 259/479/477
f 232/491/489 231/490/488 259/479/477
f 233/492/490 232/491/489 259/479/477
f 234/493/491 233/492/490 259/479/477
f 235/494/492 234/493/491 259/479/477
f 236/495/493 235/494/492 259/479/477
f 237/496/494 236/495/493 259/479/477
f 238/497/495 237/496/494 259/479/477
f 219/478/476 238/497/495 259/479/477
s 18
f 239/498/496 240/499/497 260/500/498
f 240/499/497 241/501/499 260/500/498
f 241/501/499 242/502/500 260/500/498
f 242/502/500 243/503/501 260/500/498
f 243/503/501 244/504/502 260/500/498
f 244/504/502 245/505/503 260/500/498
f 245/505/503 246/506/504 260/500/498
f 246/506/504 247/507/505 260/500/498
f 247/507/505 248/508/506 260/500/498
f 248/508/506 249/509/507 260/500/498
f 249/509/507 250/510/508 260/500/498
f 250/510/508 251/511/509 260/500/498
f 251/511/509 252/512/510 260/500/498
f 252/512/510 253/513/511 260/500/498
f 253/513/511 254/514/512 260/500/498
f 254/514/512 255/515/513 260/500/498
f 255/515/513 256/516/514 260/500/498
f 256/516/514 257/517/515 260/500/498
f 257/517/515 258/518/516 260/500/498
f 258/518/516 239/498/496 260/500/498
s 19
f 261/519/517 262/520/518 282/521/519 281/522/520
f 262/520/518 263/523/521 283/524/522 282/521/519
f 263/523/521 264/525/523 284/526/524 283/524/522
f 264/525/523 265/527/525 285/528/526 284/526/524
f 265/527/525 266/529/527 286/530/528 285/528/526
f 266/529/527 267/531/529 287/532/530 286/530/528
f 267/531/529 268/533/531 288/534/532 287/532/530
f 268/533/531 269/535/533 289/536/534 288/534/532
f 269/535/533 270/537/535 290/538/536 289/536/534
f 270/537/535 271/539/537 291/540/538 290/538/536
f 271/539/537 272/541/539 292/542/540 291/540/538
f 272/541/539 273/543/541 293/544/542 292/542/540
f 273/543/541 274/545/543 294/546/544 293/544/542
f 274/545/543 275/547/545 295/548/546 294/546/544
f 275/547/545 276/549/547 296/550/548 295/548/546
f 276/549/547 277/551/549 297/552/550 296/550/548
f 277/551/549 278/553/551 298/554/552 297/552/550
f 278/553/551 279/555/553 299/556/554 298/554/552
f 279/555/553 280/557/555 300/558/556 299/556/554
f 280/557/555 261/559/517 281/560/520 300/558/556
s 20
f 262/561/557 261/562/558 301/563/559
f 263/564/560 262/561/557 301/563/559
f 264/565/561 263/564/560 301/563/559
f 265/566/562 264/565/561 301/563/559
f 266/567/563 265/566/562 301/563/559
f 267/568/564 266/567/563 301/563/559
f 268/569/565 267/568/564 301/563/559
f 269/570/566 268/569/565 301/563/559
f 270/571/567 269/570/566 301/563/559
f 271/572/568 270/571/567 301/563/559
f 272/573/569 271/572/568 301/563/559
f 273/574/570 272/573/569 301/563/559
f 274/575/571 273/574/570 301/563/559
f 275/576/572 274/575/571 301/563/559
f 276/577/573 275/576/572 301/563/559
f 277/578/574 276/577/573 301/563/559
f 278/579/575 277/578/574 301/563/559
f 279/580/576 278/579/575 301/563/559
f 280/581/577 279/580/576 301/563/559
f 261/562/558 280/581/577 301/563/559
s 21
f 281/582/578 282/583/579 302/584/580
f 282/583/579 283/585/581 302/584/580
f 283/585/581 284/586/582 302/584/580
f 284/586/582 285/587/583 302/584/580
f 285/587/583 286/588/584 302/584/580
f 286/588/584 287/589/585 302/584/580
f 287/589/585 288/590/586 302/584/580
f 288/590/586 289/591/587 302/584/580
f 289/591/587 290/592/588 302/584/580
f 290/592/588 291/593/589 302/584/580
f 291/593/589 292/594/590 302/584/580
f 292/594/590 293/595/591 302/584/580
f 293/595/591 294/596/592 302/584/580
f 294/596/592 295/597/593 302/584/580
f 295/597/593 296/598/594 302/584/580
f 296/598/594 297/599/595 302/584/580
f 297/599/595 298/600/596 302/584/580
f 298/600/596 299/601/597 302/584/580
f 299/601/597 300/602/598 302/584/580
f 300/602/598 281/582/578 302/584/580
s 22
f 303/603/599 304/604/600 324/605/601 323/606/602
f 304/604/600 305/607/603 325/608/604 324/605/601
f 305/607/603 306/609/605 326/610/606 325/608/604
f 306/609/605 307/611/607 327/612/608 326/610/606
f 307/611/607 308/613/609 328/614/610 327/612/608
f 308/613/609 309/615/611 329/616/612 328/614/610
f 309/615/611 310/617/613 330/618/614 329/616/612
f 310/617/613 311/619/615 331/620/616 330/618/614
f 311/619/615 312/621/617 332/622/618 331/620/616
f 312/621/617 313/623/619 333/624/620 332/622/618
f 313/623/619 314/625/621 334/626/622 333/624/620
f 314/625/621 315/627/623 335/628/624 334/626/622
f 315/627/623 316/629/625 336/630/626 335/628/624
f 316/629/625 317/631/627 337/632/628 336/630/626
f 317/631/627 318/633/629 338/634/630 337/632/628
f 318/633/629 319/635/631 339/636/632 338/634/630
f 319/635/631 320/637/633 340/638/634 339/636/632
f 320/637/633 321/639/635 341/640/636 340/638/634
f 321/639/635 322/641/637 342/642/638 341/640/636
f 322/641/637 303/643/599 323/644/602 342/642/638
s 23
f 304/645/639 303/646/640 343/647/641
f 305/648/642 304/645/639 343/647/641
f 306/649/643 305/648/642 343/647/641
f 307/650/644 306/649/643 343/647/641
f 308/651/645 307/650/644 343/647/641
f 309/652/646 308/651/645 343/647/641
f 310/653/647 309/652/646 343/647/641
f 311/654/648 310/653/647 343/647/641
f 312/655/649 311/654/648 343/647/641
f 313/656/650 312/655/649 343/647/641
f 314/657/651 313/656/650 343/647/641
f 315/658/652 314/657/651 343/647/641
f 316/659/653 315/658/652 343/647/641
f 317/660/654 316/659/653 343/647/641
f 318/661/655 317/660/654 343/647/641
f 319/662/656 318/661/655 343/647/641
f 320/663/657 319/662/656 343/647/641
f 321/664/658 320/663/657 343/647/641
f 322/665/659 321/664/658 343/647/641
f 303/646/640 322/665/659 343/647/641
s 24
f 323/666/660 324/667/661 344/668/662
f 324/667/661 325/669/663 344/668/662
f 325/669/663 326/670/664 344/668/662
f 326/670/664 327/671/665 344/668/662
f 327/671/665 328/672/666 344/668/662
f 328/672/666 329/673/667 344/668/662
f 329/673/667 330/674/668 344/668/662
f 330/674/668 331/675/669 344/668/662
f 331/675/669 332/676/670 344/668/662
f 332/676/670 333/677/671 344/668/662
f 333/677/671 334/678/672 344/668/662
f 334/678/672 335/679/673 344/668/662
f 335/679/673 336/680/674 344/668/662
f 336/680/674 337/681/675 344/668/662
f 337/681/675 338/682/676 344/668/662
f 338/682/676 339/683/677 344/668/662
f 339/683/677 340/684/678 344/668/662
f 340/684/678 341/685/679 344/668/662
f 341/685/679 342/686/680 344/668/662
f 342/686/680 323/666/660 344/668/662
s 25
f 345/687/681 346/688/682 366/689/683 365/690/684
f 346/688/682 347/691/685 367/692/686 366/689/683
f 347/691/685 348/693/687 368/694/688 367/692/686
f 348/693/687 349/695/689 369/696/690 368/694/688
f 349/695/689 350/697/691 370/698/692 369/696/690
f 350/697/691 351/699/693 371/700/694 370/698/692
f 351/699/693 352/701/695 372/702/696 371/700/694
f 352/701/695 353/703/697 373/704/698 372/702/696
f 353/703/697 354/705/699 374/706/700 373/704/698
f 354/705/699 355/707/701 375/708/702 374/706/700
f 355/707/701 356/709/703 376/710/704 375/708/702
f 356/709/703 357/711/705 377/712/706 376/710/704
f 357/711/705 358/713/707 378/714/708 377/712/706
f 358/713/707 359/715/709 379/716/710 378/714/708
f 359/715/709 360/717/711 380/718/712 379/716/710
f 360/717/711 361/719/713 381/720/714 380/718/712
f 361/719/713 362/721/715 382/722/716 381/720/714
f 362/721/715 363/723/717 383/724/718 382/722/716
f 363/723/717 364/725/719 384/726/720 383/724/718
f 364/725/719 345/727/681 365/728/684 384/726/720
s 26
f 346/729/721 345/730/722 385/731/723
f 347/732/724 346/729/721 385/731/723
f 348/733/725 347/732/724 385/731/723
f 349/734/726 348/733/725 385/731/723
f 350/735/727 349/734/726 385/731/723
f 351/736/728 350/735/727 385/731/723
f 352/737/729 351/736/728 385/731/723
f 353/738/730 352/737/729 385/731/723
f 354/739/731 353/738/730 385/731/723
f 355/740/732 354/739/731 385/731/723
f 356/741/733 355/740/732 385/731/723
f 357/742/734 356/741/733 385/731/723
f 358/743/735 357/742/734 385/731/723
f 359/744/736 358/743/735 385/731/723
f 360/745/737 359/744/736 385/731/723
f 361/746/738 360/745/737 385/731/723
f 362/747/739 361/746/738 385/731/723
f 363/748/740 362/747/739 385/731/723
f 364/749/741 363/748/740 385/731/723
f 345/730/722 364/749/741 385/731/723
s 27
f 365/750/742 366/751/743 386/752/744
f 366/751/743 367/753/745 386/752/744
f 367/753/745 368/754/746 386/752/744
f 368/754/746 369/755/747 386/752/744
f 369/755/747 370/756/748 386/752/744
f 370/756/748 371/757/749 386/752/744
f 371/757/749 372/758/750 386/752/744
f 372/758/750 373/759/751 386/752/744
f 373/759/751 374/760/752 386/752/744
f 374/760/752 375/761/753 386/752/744
f 375/761/753 376/762/754 386/752/744
f 376/762/754 377/763/755 386/752/744
f 377/763/755 378/764/756 386/752/744
f 378/764/756 379/765/757 386/752/744
f 379/765/757 380/766/758 386/752/744
f 380/766/758 381/767/759 386/752/744
f 381/767/759 382/768/760 386/752/744
f 382/768/760 383/769/761 386/752/744
f 383/769/761 384/770/762 386/752/744
f 384/770/762 365/750/742 386/752/744
s 28
f 387/771/763 388/772/764 408/773/765 407/774/766
f 388/772/764 389/775/767 409/776/768 408/773/765
f 389/775/767 390/777/769 410/778/770 409/776/768
f 390/777/769 391/779/771 411/780/772 410/778/770
f 391/779/771 392/781/773 412/782/774 411/780/772
f 392/781/773 393/783/775 413/784/776 412/782/774
f 393/783/775 394/785/777 414/786/778 413/784/776
f 394/785/777 395/787/779 415/788/780 414/786/778
f 395/787/779 396/789/781 416/790/782 415/788/780
f 396/789/781 397/791/783 417/792/784 416/790/782
f 397/791/783 398/793/785 418/794/786 417/792/784
f 398/793/785 399/795/787 419/796/788 418/794/786
f 399/795/787 400/797/789 420/798/790 419/796/788
f 400/797/789 401/799/791 421/800/792 420/798/790
f 401/799/791 402/801/793 422/802/794 421/800/792
f 402/801/793 403/803/795 423/804/796 422/802/794
f 403/803/795 404/805/797 424/806/798 423/804/796
f 404/805/797 405/807/799 425/808/800 424/806/798
f 405/807/799 406/809/801 426/810/802 425/808/800
f 406/809/801 387/811/763 407/812/766 426/810/802
s 29
f 388/813/803 387/814/804 427/815/805
f 389/816/806 388/813/803 427/815/805
f 390/817/807 389/816/806 427/815/805
f 391/818/808 390/817/807 427/815/805
f 392/819/809 391/818/808 427/815/805
f 393/820/810 392/819/809 427/815/805
f 394/821/811 393/820/810 427/815/805
f 395/822/812 394/821/811 427/815/805
f 396/823/813 395/822/812 427/815/805
f 397/824/814 396/823/813 427/815/805
f 398/825/815 397/824/814 427/815/805
f 399/826/816 398/825/815 427/815/805
f 400/827/817 399/826/816 427/815/805
f 401/828/818 400/827/817 427/815/805
f 402/829/819 401/828/818 427/815/805
f 403/830/820 402/829/819 427/815/805
f 404/831/821 403/830/820 427/815/805
f 405/832/822 404/831/821 427/815/805
f 406/833/823 405/832/822 427/815/805
f 387/814/804 406/833/823 427/815/805
s 30
f 407/834/824 408/835/825 428/836/826
f 408/835/825 409/837/827 428/836/826
f 409/837/827 410/838/828 428/836/826
f 410/838/828 411/839/829 428/836/826
f 411/839/829 412/840/830 428/836/826
f 412/840/830 413/841/831 428/836/826
f 413/841/831 414/842/832 428/836/826
f 414/842/832 415/843/833 428/836/826
f 415/843/833 416/844/834 428/836/826
f 416/844/834 417/845/835 428/836/826
f 417/845/835 418/846/836 428/836/826
f 418/846/836 419/847/837 428/836/826
f 419/847/837 420/848/838 428/836/826
f 420/848/838 421/849/839 428/836/826
f 421/849/839 422/850/840 428/836/826
f 422/850/840 423/851/841 428/836/826
f 423/851/841 424/852/842 428/836/826
f 424/852/842 425/853/843 428/836/826
f 425/853/843 426/854/844 428/836/826
f 426/854/844 407/834/824 428/836/826
s 31
f 429/855/845 430/856/846 450/857/847 449/858/848
f 430/856/846 431/859/849 451/860/850 450/857/847
f 431/859/849 432/861/851 452/862/852 451/860/850
f 432/861/851 433/863/853 453/864/854 452/862/852
f 433/863/853 434/865/855 454/866/856 453/864/854
f 434/865/855 435/867/857 455/868/858 454/866/856
f 435/867/857 436/869/859 456/870/860 455/868/858
f 436/869/859 437/871/861 457/872/862 456/870/860
f 437/871/861 438/873/863 458/874/864 457/872/862
f 438/873/863 439/875/865 459/876/866 458/874/864
f 439/875/865 440/877/867 460/878/868 459/876/866
f 440/877/867 441/879/869 461/880/870 460/878/868
f 441/879/869 442/881/871 462/882/872 461/880/870
f 442/881/871 443/883/873 463/884/874 462/882/872
f 443/883/873 444/885/875 464/886/876 463/884/874
f 444/885/875 445/887/877 465/888/878 464/886/876
f 445/887/877 446/889/879 466/890/880 465/888/878
f 446/889/879 447/891/881 467/892/882 466/890/880
f 447/891/881 448/893/883 468/894/884 467/892/882
f 448/893/883 429/895/845 449/896/848 468/894/884
s 32
f 430/897/885 429/898/886 469/899/887
f 431/900/888 430/897/885 469/899/887
f 432/901/889 431/900/888 469/899/887
f 433/902/890 432/901/889 469/899/887
f 434/903/891 433/902/890 469/899/887
f 435/904/892 434/903/891 469/899/887
f 436/905/893 435/904/892 469/899/887
f 437/906/894 436/905/893 469/899/887
f 438/907/895 437/906/894 469/899/887
f 439/908/896 438/907/895 469/899/887
f 440/909/897 439/908/896 469/899/887
f 441/910/898 440/909/897 469/899/887
f 442/911/899 441/910/898 469/899/887
f 443/912/900 442/911/899 469/899/887
f 444/913/901 443/912/900 469/899/887
f 445/914/902 444/913/901 469/899/887
f 446/915/903 445/914/902 469/899/887
f 447/916/904 446/915/903 469/899/887
f 448/917/905 447/916/904 469/899/887
f 429/898/886 448/917/905 469/899/887
s 33
f 449/918/906 450/919/907 470/920/908
f 450/919/907 451/921/909 470/920/908
f 451/921/909 452/922/910 470/920/908
f 452/922/910 453/923/911 470/920/908
f 453/923/911 454/924/912 470/920/908
f 454/924/912 455/925/913 470/920/908
f 455/925/913 456/926/914 470/920/908
f 456/926/914 457/927/915 470/920/908
f 457/927/915 458/928/916 470/920/908
f 458/928/916 459/929/917 470/920/908
f 459/929/917 460/930/918 470/920/908
f 460/930/918 461/931/919 470/920/908
f 461/931/919 462/932/920 470/920/908
f 462/932/920 463/933/921 470/920/908
f 463/933/921 464/934/922 470/920/908
f 464/934/922 465/935/923 470/920/908
f 465/935/923 466/936/924 470/920/908
f 466/936/924 467/937/925 470/920/908
f 467/937/925 468/938/926 470/920/908
f 468/938/926 449/918/906 470/920/908
s 34
f 471/939/927 472/940/928 492/941/929 491/942/930
f 472/940/928 473/943/931 493/944/932 492/941/929
f 473/943/931 474/945/933 494/946/934 493/944/932
f 474/945/933 475/947/935 495/948/936 494/946/934
f 475/947/935 476/949/937 496/950/938 495/948/936
f 476/949/937 477/951/939 497/952/940 496/950/938
f 477/951/939 478/953/941 498/954/942 497/952/940
f 478/953/941 479/955/943 499/956/944 498/954/942
f 479/955/943 480/957/945 500/958/946 499/956/944
f 480/957/945 481/959/947 501/960/948 500/958/946
f 481/959/947 482/961/949 502/962/950 501/960/948
f 482/961/949 483/963/951 503/964/952 502/962/950
f 483/963/951 484/965/953 504/966/954 503/964/952
f 484/965/953 485/967/955 505/968/956 504/966/954
f 485/967/955 486/969/957 506/970/958 505/968/956
f 486/969/957 487/971/959 507/972/960 506/970/958
f 487/971/959 488/973/961 508/974/962 507/972/960
f 488/973/961 489/975/963 509/976/964 508/974/962
f 489/975/963 490/977/965 510/978/966 509/976/964
f 490/977/965 471/979/927 491/980/930 510/978/966
s 35
f 472/981/967 471/982/968 511/983/969
f 473/984/970 472/981/967 511/983/969
f 474/985/971 473/984/970 511/983/969
f 475/986/972 474/985/971 511/983/969
f 476/987/973 475/986/972 511/983/969
f 477/988/974 476/987/973 511/983/969
f 478/989/975 477/988/974 511/983/969
f 479/990/976 478/989/975 511/983/969
f 480/991/977 479/990/976 511/983/969
f 481/992/978 480/991/977 511/983/969
f 482/993/979 481/992/978 511/983/969
f 483/994/980 482/993/979 511/983/969
f 484/995/981 483/994/980 511/983/969
f 485/996/982 484/995/981 511/983/969
f 486/997/983 485/996/982 511/983/969
f 487/998/984 486/997/983 511/983/969
f 488/999/985 487/998/984 511/983/969
f 489/1000/986 488/999/985 511/983/969
f 490/1001/987 489/1000/986 511/983/969
f 471/982/968 490/1001/987 511/983/969
s 36
f 491/1002/988 492/1003/989 512/1004/990
f 492/1003/989 493/1005/991 512/1004/990
f 493/1005/991 494/1006/992 512/1004/990
f 494/1006/992 495/1007/993 512/1004/990
f 495/1007/993 496/1008/994 512/1004/990
f 496/1008/994 497/1009/995 512/1004/990
f 497/1009/995 498/1010/996 512/1004/990
f 498/1010/996 499/1011/997 512/1004/990
f 499/1011/997 500/1012/998 512/1004/990
f 500/1012/998 501/1013/999 512/1004/990
f 501/1013/999 502/1014/1000 512/1004/990
f 502/1014/1000 503/1015/1001 512/1004/990
f 503/1015/1001 504/1016/1002 512/1004/990
f 504/1016/1002 505/1017/1003 512/1004/990
f 505/1017/1003 506/1018/1004 512/1004/990
f 506/1018/1004 507/1019/1005 512/1004/990
f 507/1019/1005 508/1020/1006 512/1004/990
f 508/1020/1006 509/1021/1007 512/1004/990
f 509/1021/1007 510/1022/1008 512/1004/990
f 510/1022/1008 491/1002/988 512/1004/990
s 37
f 513/1023/1009 514/1024/1010 534/1025/1011 533/1026/1012
f 514/1024/1010 515/1027/1013 535/1028/1014 534/1025/1011
f 515/1027/1013 516/1029/1015 536/1030/1016 535/1028/1014
f 516/1029/1015 517/1031/1017 537/1032/1018 536/1030/1016
f 517/1031/1017 518/1033/1019 538/1034/1020 537/1032/1018
f 518/1033/1019 519/1035/1021 539/1036/1022 538/1034/1020
f 519/1035/1021 520/1037/1023 540/1038/1024 539/1036/1022
f 520/1037/1023 521/1039/1025 541/1040/1026 540/1038/1024
f 521/1039/1025 522/1041/1027 542/1042/1028 541/1040/1026
f 522/1041/1027 523/1043/1029 543/1044/1030 542/1042/1028
f 523/1043/1029 524/1045/1031 544/1046/1032 543/1044/1030
f 524/1045/1031 525/1047/1033 545/1048/1034 544/1046/1032
f 525/1047/1033 526/1049/1035 546/1050/1036 545/1048/1034
f 526/1049/1035 527/1051/1037 547/1052/1038 546/1050/1036
f 527/1051/1037 528/1053/1039 548/1054/1040 547/1052/1038
f 528/1053/1039 529/1055/1041 549/1056/1042 548/1054/1040
f 529/1055/1041 530/1057/1043 550/1058/1044 549/1056/1042
f 530/1057/1043 531/1059/1045 551/1060/1046 550/1058/1044
f 531/1059/1045 532/1061/1047 552/1062/1048 551/1060/1046
f 532/1061/1047 513/1063/1009 533/1064/1012 552/1062/1048
s 38
f 514/1065/1049 513/1066/1050 553/1067/1051
f 515/1068/1052 514/1065/1049 553/1067/1051
f 516/1069/1053 515/1068/1052 553/1067/1051
f 517/1070/1054 516/1069/1053 553/1067/1051
f 518/1071/1055 517/1070/1054 553/1067/1051
f 519/1072/1056 518/1071/1055 553/1067/1051
f 520/1073/1057 519/1072/1056 553/1067/1051
f 521/1074/1058 520/1073/1057 553/1067/1051
f 522/1075/1059 521/1074/1058 553/1067/1051
f 523/1076/1060 522/1075/1059 553/1067/1051
f 524/1077/1061 523/1076/1060 553/1067/1051
f 525/1078/1062 524/1077/1061 553/1067/1051
f 526/1079/1063 525/1078/1062 553/1067/1051
f 527/1080/1064 526/1079/1063 553/1067/1051
f 528/1081/1065 527/1080/1064 553/1067/1051
f 529/1082/1066 528/1081/1065 553/1067/1051
f 530/1083/1067 529/1082/1066 553/1067/1051
f 531/1084/1068 530/1083/1067 553/1067/1051
f 532/1085/1069 531/1084/1068 553/1067/1051
f 513/1066/1050 532/1085/1069 553/1067/1051
s 39
f 533/1086/1070 534/1087/1071 554/1088/1072
f 534/1087/1071 535/1089/1073 554/1088/1072
f 535/1089/1073 536/1090/1074 554/1088/1072
f 536/1090/1074 537/1091/1075 554/1088/1072
f 537/1091/1075 538/1092/1076 554/1088/1072
f 538/1092/1076 539/1093/1077 554/1088/1072
f 539/1093/1077 540/1094/1078 554/1088/1072
f 540/1094/1078 541/1095/1079 554/1088/1072
f 541/1095/1079 542/1096/1080 554/1088/1072
f 542/1096/1080 543/1097/1081 554/1088/1072
f 543/1097/1081 544/1098/1082 554/1088/1072
f 544/1098/1082 545/1099/1083 554/1088/1072
f 545/1099/1083 546/1100/1084 554/1088/1072
f 546/1100/1084 547/1101/1085 554/1088/1072
f 547/1101/1085 548/1102/1086 554/1088/1072
f 548/1102/1086 549/1103/1087 554/1088/1072
f 549/1103/1087 550/1104/1088 554/1088/1072
f 550/1104/1088 551/1105/1089 554/1088/1072
f 551/1105/1089 552/1106/1090 554/1088/1072
f 552/1106/1090 533/1086/1070 554/1088/1072
s 40
f 555/1107/1091 556/1108/1092 576/1109/1093 575/1110/1094
f 556/1108/1092 557/1111/1095 577/1112/1096 576/1109/1093
f 557/1111/1095 558/1113/1097 578/1114/1098 577/1112/1096
f 558/1113/1097 559/1115/1099 579/1116/1100 578/1114/1098
f 559/1115/1099 560/1117/1101 580/1118/1102 579/1116/1100
f 560/1117/1101 561/1119/1103 581/1120/1104 580/1118/1102
f 561/1119/1103 562/1121/1105 582/1122/1106 581/1120/1104
f 562/1121/1105 563/1123/1107 583/1124/1108 582/1122/1106
f 563/1123/1107 564/1125/1109 584/1126/1110 583/1124/1108
f 564/1125/1109 565/1127/1111 585/1128/1112 584/1126/1110
f 565/1127/1111 566/1129/1113 586/1130/1114 585/1128/1112
f 566/1129/1113 567/1131/1115 587/1132/1116 586/1130/1114
f 567/1131/1115 568/1133/1117 588/1134/1118 587/1132/1116
f 568/1133/1117 569/1135/1119 589/1136/1120 588/1134/1118
f 569/1135/1119 570/1137/1121 590/1138/1122 589/1136/1120
f 570/1137/1121 571/1139/1123 591/1140/1124 590/1138/1122
f 571/1139/1123 572/1141/1125 592/1142/1126 591/1140/1124
f 572/1141/1125 573/1143/1127 593/1144/1128 592/1142/1126
f 573/1143/1127 574/1145/1129 594/1146/1130 593/1144/1128
f 574/1145/1129 555/1147/1091 575/1148/1094 594/1146/1130
s 41
f 556/1149/1131 555/1150/1132 595/1151/1133
f 557/1152/1134 556/1149/1131 595/1151/1133
f 558/1153/1135 557/1152/1134 595/1151/1133
f 559/1154/1136 558/1153/1135 595/1151/1133
f 560/1155/1137 559/1154/1136 595/1151/1133
f 561/1156/1138 560/1155/1137 595/1151/1133
f 562/1157/1139 561/1156/1138 595/1151/1133
f 563/1158/1140 562/1157/1139 595/1151/1133
f 564/1159/1141 563/1158/1140 595/1151/1133
f 565/1160/1142 564/1159/1141 595/1151/1133
f 566/1161/1143 565/1160/1142 595/1151/1133
f 567/1162/1144 566/1161/1143 595/1151/1133
f 568/1163/1145 567/1162/1144 595/1151/1133
f 569/1164/1146 568/1163/1145 595/1151/1133
f 570/1165/1147 569/1164/1146 595/1151/1133
f 571/1166/1148 570/1165/1147 595/1151/1133
f 572/1167/1149 571/1166/1148 595/1151/1133
f 573/1168/1150 572/1167/1149 595/1151/1133
f 574/1169/1151 573/1168/1150 595/1151/1133
f 555/1150/1132 574/1169/1151 595/1151/1133
s 42
f 575/1170/1152 576/1171/1153 596/1172/1154
f 576/1171/1153 577/1173/1155 596/1172/1154
f 577/1173/1155 578/1174/1156 596/1172/1154
f 578/1174/1156 579/1175/1157 596/1172/1154
f 579/1175/1157 580/1176/1158 596/1172/1154
f 580/1176/1158 581/1177/1159 596/1172/1154
f 581/1177/1159 582/1178/1160 596/1172/1154
f 582/1178/1160 583/1179/1161 596/1172/1154
f 583/1179/1161 584/1180/1162 596/1172/1154
f 584/1180/1162 585/1181/1163 596/1172/1154
f 585/1181/1163 586/1182/1164 596/1172/1154
f 586/1182/1164 587/1183/1165 596/1172/1154
f 587/1183/1165 588/1184/1166 596/1172/1154
f 588/1184/1166 589/1185/1167 596/1172/1154
f 589/1185/1167 590/1186/1168 596/1172/1154
f 590/1186/1168 591/1187/1169 596/1172/1154
f 591/1187/1169 592/1188/1170 596/1172/1154
f 592/1188/1170 593/1189/1171 596/1172/1154
f 593/1189/1171 594/1190/1172 596/1172/1154
f 594/1190/1172 575/1170/1152 596/1172/1154
s 43
f 597/1191/1173 598/1192/1174 618/1193/1175 617/1194/1176
f 598/1192/1174 599/1195/1177 619/1196/1178 618/1193/1175
f 599/1195/1177 600/1197/1179 620/1198/1180 619/1196/1178
f 600/1197/1179 601/1199/1181 621/1200/1182 620/1198/1180
f 601/1199/1181 602/1201/1183 622/1202/1184 621/1200/1182
f 602/1201/1183 603/1203/1185 623/1204/1186 622/1202/1184
f 603/1203/1185 604/1205/1187 624/1206/1188 623/1204/1186
f 604/1205/1187 605/1207/1189 625/1208/1190 624/1206/1188
f 605/1207/1189 606/1209/1191 626/1210/1192 625/1208/1190
f 606/1209/1191 607/1211/1193 627/1212/1194 626/1210/1192
f 607/1211/1193 608/1213/1195 628/1214/1196 627/1212/1194
f 608/1213/1195 609/1215/1197 629/1216/1198 628/1214/1196
f 609/1215/1197 610/1217/1199 630/1218/1200 629/1216/1198
f 610/1217/1199 611/1219/1201 631/1220/1202 630/1218/1200
f 611/1219/1201 612/1221/1203 632/1222/1204 631/1220/1202
f 612/1221/1203 613/1223/1205 633/1224/1206 632/1222/1204
f 613/1223/1205 614/1225/1207 634/1226/1208 633/1224/1206
f 614/1225/1207 615/1227/1209 635/1228/1210 634/1226/1208
f 615/1227/1209 616/1229/1211 636/1230/1212 635/1228/1210
f 616/1229/1211 597/1231/1173 617/1232/1176 636/1230/1212
s 44
f 598/1233/1213 597/1234/1214 637/1235/1215
f 599/1236/1216 598/1233/1213 637/1235/1215
f 600/1237/1217 599/1236/1216 637/1235/1215
f 601/1238/1218 600/1237/1217 637/1235/1215
f 602/1239/1219 601/1238/1218 637/1235/1215
f 603/1240/1220 602/1239/1219 637/1235/1215
f 604/1241/1221 603/1240/1220 637/1235/1215
f 605/1242/1222 604/1241/1221 637/1235/1215
f 606/1243/1223 605/1242/1222 637/1235/1215
f 607/1244/1224 606/1243/1223 637/1235/1215
f 608/1245/1225 607/1244/1224 637/1235/1215
f 609/1246/1226 608/1245/1225 637/1235/1215
f 610/1247/1227 609/1246/1226 637/1235/1215
f 611/1248/1228 610/1247/1227 637/1235/1215
f 612/1249/1229 611/1248/1228 637/1235/1215
f 613/1250/1230 612/1249/1229 637/1235/1215
f 614/1251/1231 613/1250/1230 637/1235/1215
f 615/1252/1232 614/1251/1231 637/1235/1215
f 616/1253/1233 615/1252/1232 637/1235/1215
f 597/1234/1214 616/1253/1233 637/1235/1215
s 45
f 617/1254/1234 618/1255/1235 638/1256/1236
f 618/1255/1235 619/1257/1237 638/1256/1236
f 619/1257/1237 620/1258/1238 638/1256/1236
f 620/1258/1238 621/1259/1239 638/1256/1236
f 621/1259/1239 622/1260/1240 638/1256/1236
f 622/1260/1240 623/1261/1241 638/1256/1236
f 623/1261/1241 624/1262/1242 638/1256/1236
f 624/1262/1242 625/1263/1243 638/1256/1236
f 625/1263/1243 626/1264/1244 638/1256/1236
f 626/1264/1244 627/1265/1245 638/1256/1236
f 627/1265/1245 628/1266/1246 638/1256/1236
f 628/1266/1246 629/1267/1247 638/1256/1236
f 629/1267/1247 630/1268/1248 638/1256/1236
f 630/1268/1248 631/1269/1249 638/1256/1236
f 631/1269/1249 632/1270/1250 638/1256/1236
f 632/1270/1250 633/1271/1251 638/1256/1236
f 633/1271/1251 634/1272/1252 638/1256/1236
f 634/1272/1252 635/1273/1253 638/1256/1236
f 635/1273/1253 636/1274/1254 638/1256/1236
f 636/1274/1254 617/1254/1234 638/1256/1236
s 46
f 639/1275/1255 640/1276/1256 660/1277/1257 659/1278/1258
f 640/1276/1256 641/1279/1259 661/1280/1260 660/1277/1257
f 641/1279/1259 642/1281/1261 662/1282/1262 661/1280/1260
f 642/1281/1261 643/1283/1263 663/1284/1264 662/1282/1262
f 643/1283/1263 644/1285/1265 664/1286/1266 663/1284/1264
f 644/1285/1265 645/1287/1267 665/1288/1268 664/1286/1266
f 645/1287/1267 646/1289/1269 666/1290/1270 665/1288/1268
f 646/1289/1269 647/1291/1271 667/1292/1272 666/1290/1270
f 647/1291/1271 648/1293/1273 668/1294/1274 667/1292/1272
f 648/1293/1273 649/1295/1275 669/1296/1276 668/1294/1274
f 649/1295/1275 650/1297/1277 670/1298/1278 669/1296/1276
f 650/1297/1277 651/1299/1279 671/1300/1280 670/1298/1278
f 651/1299/1279 652/1301/1281 672/1302/1282 671/1300/1280
f 652/1301/1281 653/1303/1283 673/1304/1284 672/1302/1282
f 653/1303/1283 654/1305/1285 674/1306/1286 673/1304/1284
f 654/1305/1285 655/1307/1287 675/1308/1288 674/1306/1286
f 655/1307/1287 656/1309/1289 676/1310/1290 675/1308/1288
f 656/1309/1289 657/1311/1291 677/1312/1292 676/1310/1290
f 657/1311/1291 658/1313/1293 678/1314/1294 677/1312/1292
f 658/1313/1293 639/1315/1255 659/1316/1258 678/1314/1294
s 47
f 640/1317/1295 639/1318/1296 679/1319/1297
f 641/1320/1298 640/1317/1295 679/1319/1297
f 642/1321/1299 641/1320/1298 679/1319/1297
f 643/1322/1300 642/1321/1299 679/1319/1297
f 644/1323/1301 643/1322/1300 679/1319/1297
f 645/1324/1302 644/1323/1301 679/1319/1297
f 646/1325/1303 645/1324/1302 679/1319/1297
f 647/1326/1304 646/1325/1303 679/1319/1297
f 648/1327/1305 647/1326/1304 679/1319/1297
f 649/1328/1306 648/1327/1305 679/1319/1297
f 650/1329/1307 649/1328/1306 679/1319/1297
f 651/1330/1308 650/1329/1307 679/1319/1297
f 652/1331/1309 651/1330/1308 679/1319/1297
f 653/1332/1310 652/1331/1309 679/1319/1297
f 654/1333/1311 653/1332/1310 679/1319/1297
f 655/1334/1312 654/1333/1311 679/1319/1297
f 656/1335/1313 655/1334/1312 679/1319/1297
f 657/1336/1314 656/1335/1313 679/1319/1297
f 658/1337/1315 657/1336/1314 679/1319/1297
f 639/1318/1296 658/1337/1315 679/1319/1297
s 48
f 659/1338/1316 660/1339/1317 680/1340/1318
f 660/1339/1317 661/1341/1319 680/1340/1318
f 661/1341/1319 662/1342/1320 680/1340/1318
f 662/1342/1320 663/1343/1321 680/1340/1318
f 663/1343/1321 664/1344/1322 680/1340/1318
f 664/1344/1322 665/1345/1323 680/1340/1318
f 665/1345/1323 666/1346/1324 680/1340/1318
f 666/1346/1324 667/1347/1325 680/1340/1318
f 667/1347/1325 668/1348/1326 680/1340/1318
f 668/1348/1326 669/1349/1327 680/1340/1318
f 669/1349/1327 670/1350/1328 680/1340/1318
f 670/1350/1328 671/1351/1329 680/1340/1318
f 671/1351/1329 672/1352/1330 680/1340/1318
f 672/1352/1330 673/1353/1331 680/1340/1318
f 673/1353/1331 674/1354/1332 680/1340/1318
f 674/1354/1332 675/1355/1333 680/1340/1318
f 675/1355/1333 676/1356/1334 680/1340/1318
f 676/1356/1334 677/1357/1335 680/1340/1318
f 677/1357/1335 678/1358/1336 680/1340/1318
f 678/1358/1336 659/1338/1316 680/1340/1318
s 49
f 681/1359/1337 682/1360/1338 702/1361/1339 701/1362/1340
f 682/1360/1338 683/1363/1341 703/1364/1342 702/1361/1339
f 683/1363/1341 684/1365/1343 704/1366/1344 703/1364/1342
f 684/1365/1343 685/1367/1345 705/1368/1346 704/1366/1344
f 685/1367/1345 686/1369/1347 706/1370/1348 705/1368/1346
f 686/1369/1347 687/1371/1349 707/1372/1350 706/1370/1348
f 687/1371/1349 688/1373/1351 708/1374/1352 707/1372/1350
f 688/1373/1351 689/1375/1353 709/1376/1354 708/1374/1352
f 689/1375/1353 690/1377/1355 710/1378/1356 709/1376/1354
f 690/1377/1355 691/1379/1357 711/1380/1358 710/1378/1356
f 691/1379/1357 692/1381/1359 712/1382/1360 711/1380/1358
f 692/1381/1359 693/1383/1361 713/1384/1362 712/1382/1360
f 693/1383/1361 694/1385/1363 714/1386/1364 713/1384/1362
f 694/1385/1363 695/1387/1365 715/1388/1366 714/1386/1364
f 695/1387/1365 696/1389/1367 716/1390/1368 715/1388/1366
f 696/1389/1367 697/1391/1369 717/1392/1370 716/1390/1368
f 697/1391/1369 698/1393/1371 718/1394/1372 717/1392/1370
f 698/1393/1371 699/1395/1373 719/1396/1374 718/1394/1372
f 699/1395/1373 700/1397/1375 720/1398/1376 719/1396/1374
f 700/1397/1375 681/1399/1337 701/1400/1340 720/1398/1376
s 50
f 682/1401/1377 681/1402/1378 721/1403/1379
f 683/1404/1380 682/1401/1377 721/1403/1379
f 684/1405/1381 683/1404/1380 721/1403/1379
f 685/1406/1382 684/1405/1381 721/1403/1379
f 686/1407/1383 685/1406/1382 721/1403/1379
f 687/1408/1384 686/1407/1383 721/1403/1379
f 688/1409/1385 687/1408/1384 721/1403/1379
f 689/1410/1386 688/1409/1385 721/1403/1379
f 690/1411/1387 689/1410/1386 721/1403/1379
f 691/1412/1388 690/1411/1387 721/1403/1379
f 692/1413/1389 691/1412/1388 721/1403/1379
f 693/1414/1390 692/1413/1389 721/1403/1379
f 694/1415/1391 693/1414/1390 721/1403/1379
f 695/1416/1392 694/1415/1391 721/1403/1379
f 696/1417/1393 695/1416/1392 721/1403/1379
f 697/1418/1394 696/1417/1393 721/1403/1379
f 698/1419/1395 697/1418/1394 721/1403/1379
f 699/1420/1396 698/1419/1395 721/1403/1379
f 700/1421/1397 699/1420/1396 721/1403/1379
f 681/1402/1378 700/1421/1397 721/1403/1379
s 51
f 701/1422/1398 702/1423/1399 722/1424/1400
f 702/1423/1399 703/1425/1401 722/1424/1400
f 703/1425/1401 704/1426/1402 722/1424/1400
f 704/1426/1402 705/1427/1403 722/1424/1400
f 705/1427/1403 706/1428/1404 722/1424/1400
f 706/1428/1404 707/1429/1405 722/1424/1400
f 707/1429/1405 708/1430/1406 722/1424/1400
f 708/1430/1406 709/1431/1407 722/1424/1400
f 709/1431/1407 710/1432/1408 722/1424/1400
f 710/1432/1408 711/1433/1409 722/1424/1400
f 711/1433/1409 712/1434/1410 722/1424/1400
f 712/1434/1410 713/1435/1411 722/1424/1400
f 713/1435/1411 714/1436/1412 722/1424/1400
f 714/1436/1412 715/1437/1413 722/1424/1400
f 715/1437/1413 716/1438/1414 722/1424/1400
f 716/1438/1414 717/1439/1415 722/1424/1400
f 717/1439/1415 718/1440/1416 722/1424/1400
f 718/1440/1416 719/1441/1417 722/1424/1400
f 719/1441/1417 720/1442/1418 722/1424/1400
f 720/1442/1418 701/1422/1398 722/1424/1400
s 52
f 723/1443/1419 724/1444/1420 744/1445/1421 743/1446/1422
f 724/1444/1420 725/1447/1423 745/1448/1424 744/1445/1421
f 725/1447/1423 726/1449/1425 746/1450/1426 745/1448/1424
f 726/1449/1425 727/1451/1427 747/1452/1428 746/1450/1426
f 727/1451/1427 728/1453/1429 748/1454/1430 747/1452/1428
f 728/1453/1429 729/1455/1431 749/1456/1432 748/1454/1430
f 729/1455/1431 730/1457/1433 750/1458/1434 749/1456/1432
f 730/1457/1433 731/1459/1435 751/1460/1436 750/1458/1434
f 731/1459/1435 732/1461/1437 752/1462/1438 751/1460/1436
f 732/1461/1437 733/1463/1439 753/1464/1440 752/1462/1438
f 733/1463/1439 734/1465/1441 754/1466/1442 753/1464/1440
f 734/1465/1441 735/1467/1443 755/1468/1444 754/1466/1442
f 735/1467/1443 736/1469/1445 756/1470/1446 755/1468/1444
f 736/1469/1445 737/1471/1447 757/1472/1448 756/1470/1446
f 737/1471/1447 738/1473/1449 758/1474/1450 757/1472/1448
f 738/1473/1449 739/1475/1451 759/1476/1452 758/1474/1450
f 739/1475/1451 740/1477/1453 760/1478/1454 759/1476/1452
f 740/1477/1453 741/1479/1455 761/1480/1456 760/1478/1454
f 741/1479/1455 742/1481/1457 762/1482/1458 761/1480/1456
f 742/1481/1457 723/1483/1419 743/1484/1422 762/1482/1458
s 53
f 724/1485/1459 723/1486/1460 763/1487/1461
f 725/1488/1462 724/1485/1459 763/1487/1461
f 726/1489/1463 725/1488/1462 763/1487/1461
f 727/1490/1464 726/1489/1463 763/1487/1461
f 728/1491/1465 727/1490/1464 763/1487/1461
f 729/1492/1466 728/1491/1465 763/1487/1461
f 730/1493/1467 729/1492/1466 763/1487/1461
f 731/1494/1468 730/1493/1467 763/1487/1461
f 732/1495/1469 731/1494/1468 763/1487/1461
f 733/1496/1470 732/1495/1469 763/1487/1461
f 734/1497/1471 733/1496/1470 763/1487/1461
f 735/1498/1472 734/1497/1471 763/1487/1461
f 736/1499/1473 735/1498/1472 763/1487/1461
f 737/1500/1474 736/1499/1473 763/1487/1461
f 738/1501/1475 737/1500/1474 763/1487/1461
f 739/1502/1476 738/1501/1475 763/1487/1461
f 740/1503/1477 739/1502/1476 763/1487/1461
f 741/1504/1478 740/1503/1477 763/1487/1461
f 742/1505/1479 741/1504/1478 763/1487/1461
f 723/1486/1460 742/1505/1479 763/1487/1461
s 54
f 743/1506/1480 744/1507/1481 764/1508/1482
f 744/1507/1481 745/1509/1483 764/1508/1482
f 745/1509/1483 746/1510/1484 764/1508/1482
f 746/1510/1484 747/1511/1485 764/1508/1482
f 747/1511/1485 748/1512/1486 764/1508/1482
f 748/1512/1486 749/1513/1487 764/1508/1482
f 749/1513/1487 750/1514/1488 764/1508/1482
f 750/1514/1488 751/1515/1489 764/1508/1482
f 751/1515/1489 752/1516/1490 764/1508/1482
f 752/1516/1490 753/1517/1491 764/1508/1482
f 753/1517/1491 754/1518/1492 764/1508/1482
f 754/1518/1492 755/1519/1493 764/1508/1482
f 755/1519/1493 756/1520/1494 764/1508/1482
f 756/1520/1494 757/1521/1495 764/1508/1482
f 757/1521/1495 758/1522/1496 764/1508/1482
f 758/1522/1496 759/1523/1497 764/1508/1482
f 759/1523/1497 760/1524/1498 764/1508/1482
f 760/1524/1498 761/1525/1499 764/1508/1482
f 761/1525/1499 762/1526/1500 764/1508/1482
f 762/1526/1500 743/1506/1480 764/1508/1482
s 55
f 765/1527/1501 766/1528/1502 786/1529/1503 785/1530/1504
f 766/1528/1502 767/1531/1505 787/1532/1506 786/1529/1503
f 767/1531/1505 768/1533/1507 788/1534/1508 787/1532/1506
f 768/1533/1507 769/1535/1509 789/1536/1510 788/1534/1508
f 769/1535/1509 770/1537/1511 790/1538/1512 789/1536/1510
f 770/1537/1511 771/1539/1513 791/1540/1514 790/1538/1512
f 771/1539/1513 772/1541/1515 792/1542/1516 791/1540/1514
f 772/1541/1515 773/1543/1517 793/1544/1518 792/1542/1516
f 773/1543/1517 774/1545/1519 794/1546/1520 793/1544/1518
f 774/1545/1519 775/1547/1521 795/1548/1522 794/1546/1520
f 775/1547/1521 776/1549/1523 796/1550/1524 795/1548/1522
f 776/1549/1523 777/1551/1525 797/1552/1526 796/1550/1524
f 777/1551/1525 778/1553/1527 798/1554/1528 797/1552/1526
f 778/1553/1527 779/1555/1529 799/1556/1530 798/1554/1528
f 779/1555/1529 780/1557/1531 800/1558/1532 799/1556/1530
f 780/1557/1531 781/1559/1533 801/1560/1534 800/1558/1532
f 781/1559/1533 782/1561/1535 802/1562/1536 801/1560/1534
f 782/1561/1535 783/1563/1537 803/1564/1538 802/1562/1536
f 783/1563/1537 784/1565/1539 804/1566/1540 803/1564/1538
f 784/1565/1539 765/1567/1501 785/1568/1504 804/1566/1540
s 56
f 766/1569/1541 765/1570/1542 805/1571/1543
f 767/1572/1544 766/1569/1541 805/1571/1543
f 768/1573/1545 767/1572/1544 805/1571/1543
f 769/1574/1546 768/1573/1545 805/1571/1543
f 770/1575/1547 769/1574/1546 805/1571/1543
f 771/1576/1548 770/1575/1547 805/1571/1543
f 772/1577/1549 771/1576/1548 805/1571/1543
f 773/1578/1550 772/1577/1549 805/1571/1543
f 774/1579/1551 773/1578/1550 805/1571/1543
f 775/1580/1552 774/1579/1551 805/1571/1543
f 776/1581/1553 775/1580/1552 805/1571/1543
f 777/1582/1554 776/1581/1553 805/1571/1543
f 778/1583/1555 777/1582/1554 805/1571/1543
f 779/1584/1556 778/1583/1555 805/1571/1543
f 780/1585/1557 779/1584/1556 805/1571/1543
f 781/1586/1558 780/1585/1557 805/1571/1543
f 782/1587/1559 781/1586/1558 805/1571/1543
f 783/1588/1560 782/1587/1559 805/1571/1543
f 784/1589/1561 783/1588/1560 805/1571/1543
f 765/1570/1542 784/1589/1561 805/1571/1543
s 57
f 785/1590/1562 786/1591/1563 806/1592/1564
f 786/1591/1563 787/1593/1565 806/1592/1564
f 787/1593/1565 788/1594/1566 806/1592/1564
f 788/1594/1566 789/1595/1567 806/1592/1564
f 789/1595/1567 790/1596/1568 806/1592/1564
f 790/1596/1568 791/1597/1569 806/1592/1564
f 791/1597/1569 792/1598/1570 806/1592/1564
f 792/1598/1570 793/1599/1571 806/1592/1564
f 793/1599/1571 794/1600/1572 806/1592/1564
f 794/1600/1572 795/1601/1573 806/1592/1564
f 795/1601/1573 796/1602/1574 806/1592/1564
f 796/1602/1574 797/1603/1575 806/1592/1564
f 797/1603/1575 798/1604/1576 806/1592/1564
f 798/1604/1576 799/1605/1577 806/1592/1564
f 799/1605/1577 800/1606/1578 806/1592/1564
f 800/1606/1578 801/1607/1579 806/1592/1564
f 801/1607/1579 802/1608/1580 806/1592/1564
f 802/1608/1580 803/1609/1581 806/1592/1564
f 803/1609/1581 804/1610/1582 806/1592/1564
f 804/1610/1582 785/1590/1562 806/1592/1564
s 58
f 807/1611/1583 808/1612/1584 828/1613/1585 827/1614/1586
f 808/1612/1584 809/1615/1587 829/1616/1588 828/1613/1585
f 809/1615/1587 810/1617/1589 830/1618/1590 829/1616/1588
f 810/1617/1589 811/1619/1591 831/1620/1592 830/1618/1590
f 811/1619/1591 812/1621/1593 832/1622/1594 831/1620/1592
f 812/1621/1593 813/1623/1595 833/1624/1596 832/1622/1594
f 813/1623/1595 814/1625/1597 834/1626/1598 833/1624/1596
f 814/1625/1597 815/1627/1599 835/1628/1600 834/1626/1598
f 815/1627/1599 816/1629/1601 836/1630/1602 835/1628/1600
f 816/1629/1601 817/1631/1603 837/1632/1604 836/1630/1602
f 817/1631/1603 818/1633/1605 838/1634/1606 837/1632/1604
f 818/1633/1605 819/1635/1607 839/1636/1608 838/1634/1606
f 819/1635/1607 820/1637/1609 840/1638/1610 839/1636/1608
f 820/1637/1609 821/1639/1611 841/1640/1612 840/1638/1610
f 821/1639/1611 822/1641/1613 842/1642/1614 841/1640/1612
f 822/1641/1613 823/1643/1615 843/1644/1616 842/1642/1614
f 823/1643/1615 824/1645/1617 844/1646/1618 843/1644/1616
f 824/1645/1617 825/1647/1619 845/1648/1620 844/1646/1618
f 825/1647/1619 826/1649/1621 846/1650/1622 845/1648/1620
f 826/1649/1621 807/1651/1583 827/1652/1586 846/1650/1622
s 59
f 808/1653/1623 807/1654/1624 847/1655/1625
f 809/1656/1626 808/1653/1623 847/1655/1625
f 810/1657/1627 809/1656/1626 847/1655/1625
f 811/1658/1628 810/1657/1627 847/1655/1625
f 812/1659/1629 811/1658/1628 847/1655/1625
f 813/1660/1630 812/1659/1629 847/1655/1625
f 814/1661/1631 813/1660/1630 847/1655/1625
f 815/1662/1632 814/1661/1631 847/1655/1625
f 816/1663/1633 815/1662/1632 847/1655/1625
f 817/1664/1634 816/1663/1633 847/1655/1625
f 818/1665/1635 817/1664/1634 847/1655/1625
f 819/1666/1636 818/1665/1635 847/1655/1625
f 820/1667/1637 819/1666/1636 847/1655/1625
f 821/1668/1638 820/1667/1637 847/1655/1625
f 822/1669/1639 821/1668/1638 847/1655/1625
f 823/1670/1640 822/1669/1639 847/1655/1625
f 824/1671/1641 823/1670/1640 847/1655/1625
f 825/1672/1642 824/1671/1641 847/1655/1625
f 826/1673/1643 825/1672/1642 847/1655/1625
f 807/1654/1624 826/1673/1643 847/1655/1625
s 60
f 827/1674/1644 828/1675/1645 848/1676/1646
f 828/1675/1645 829/1677/1647 848/1676/1646
f 829/1677/1647 830/1678/1648 848/1676/1646
f 830/1678/1648 831/1679/1649 848/1676/1646
f 831/1679/1649 832/1680/1650 848/1676/1646
f 832/1680/1650 833/1681/1651 848/1676/1646
f 833/1681/1651 834/1682/1652 848/1676/1646
f 834/1682/1652 835/1683/1653 848/1676/1646
f 835/1683/1653 836/1684/1654 848/1676/1646
f 836/1684/1654 837/1685/1655 848/1676/1646
f 837/1685/1655 838/1686/1656 848/1676/1646
f 838/1686/1656 839/1687/1657 848/1676/1646
f 839/1687/1657 840/1688/1658 848/1676/1646
f 840/1688/1658 841/1689/1659 848/1676/1646
f 841/1689/1659 842/1690/1660 848/1676/1646
f 842/1690/1660 843/1691/1661 848/1676/1646
f 843/1691/1661 844/1692/1662 848/1676/1646
f 844/1692/1662 845/1693/1663 848/1676/1646
f 845/1693/1663 846/1694/1664 848/1676/1646
f 846/1694/1664 827/1674/1644 848/1676/1646
s 61
f 849/1695/1665 850/1696/1666 870/1697/1667 869/1698/1668
f 850/1696/1666 851/1699/1669 871/1700/1670 870/1697/1667
f 851/1699/1669 852/1701/1671 872/1702/1672 871/1700/1670
f 852/1701/1671 853/1703/1673 873/1704/1674 872/1702/1672
f 853/1703/1673 854/1705/1675 874/1706/1676 873/1704/1674
f 854/1705/1675 855/1707/1677 875/1708/1678 874/1706/1676
f 855/1707/1677 856/1709/1679 876/1710/1680 875/1708/1678
f 856/1709/1679 857/1711/1681 877/1712/1682 876/1710/1680
f 857/1711/1681 858/1713/1683 878/1714/1684 877/1712/1682
f 858/1713/1683 859/1715/1685 879/1716/1686 878/1714/1684
f 859/1715/1685 860/1717/1687 880/1718/1688 879/1716/1686
f 860/1717/1687 861/1719/1689 881/1720/1690 880/1718/1688
f 861/1719/1689 862/1721/1691 882/1722/1692 881/1720/1690
f 862/1721/1691 863/1723/1693 883/1724/1694 882/1722/1692
f 863/1723/1693 864/1725/1695 884/1726/1696 883/1724/1694
f 864/1725/1695 865/1727/1697 885/1728/1698 884/1726/1696
f 865/1727/1697 866/1729/1699 886/1730/1700 885/1728/1698
f 866/1729/1699 867/1731/1701 887/1732/1702 886/1730/1700
f 867/1731/1701 868/1733/1703 888/1734/1704 887/1732/1702
f 868/1733/1703 849/1735/1665 869/1736/1668 888/1734/1704
s 62
f 850/1737/1705 849/1738/1706 889/1739/1707
f 851/1740/1708 850/1737/1705 889/1739/1707
f 852/1741/1709 851/1740/1708 889/1739/1707
f 853/1742/1710 852/1741/1709 889/1739/1707
f 854/1743/1711 853/1742/1710 889/1739/1707
f 855/1744/1712 854/1743/1711 889/1739/1707
f 856/1745/1713 855/1744/1712 889/1739/1707
f 857/1746/1714 856/1745/1713 889/1739/1707
f 858/1747/1715 857/1746/1714 889/1739/1707
f 859/1748/1716 858/1747/1715 889/1739/1707
f 860/1749/1717 859/1748/1716 889/1739/1707
f 861/1750/1718 860/1749/1717 889/1739/1707
f 862/1751/1719 861/1750/1718 889/1739/1707
f 863/1752/1720 862/1751/1719 889/1739/1707
f 864/1753/1721 863/1752/1720 889/1739/1707
f 865/1754/1722 864/1753/1721 889/1739/1707
f 866/1755/1723 865/1754/1722 889/1739/1707
f 867/1756/1724 866/1755/1723 889/1739/1707
f 868/1757/1725 867/1756/1724 889/1739/1707
f 849/1738/1706 868/1757/1725 889/1739/1707
s 63
f 869/1758/1726 870/1759/1727 890/1760/1728
f 870/1759/1727 871/1761/1729 890/1760/1728
f 871/1761/1729 872/1762/1730 890/1760/1728
f 872/1762/1730 873/1763/1731 890/1760/1728
f 873/1763/1731 874/1764/1732 890/1760/1728
f 874/1764/1732 875/1765/1733 890/1760/1728
f 875/1765/1733 876/1766/1734 890/1760/1728
f 876/1766/1734 877/1767/1735 890/1760/1728
f 877/1767/1735 878/1768/1736 890/1760/1728
f 878/1768/1736 879/1769/1737 890/1760/1728
f 879/1769/1737 880/1770/1738 890/1760/1728
f 880/1770/1738 881/1771/1739 890/1760/1728
f 881/1771/1739 882/1772/1740 890/1760/1728
f 882/1772/1740 883/1773/1741 890/1760/1728
f 883/1773/1741 884/1774/1742 890/1760/1728
f 884/1774/1742 885/1775/1743 890/1760/1728
f 885/1775/1743 886/1776/1744 890/1760/1728
f 886/1776/1744 887/1777/1745 890/1760/1728
f 887/1777/1745 888/1778/1746 890/1760/1728
f 888/1778/1746 869/1758/1726 890/1760/1728
