# This file uses centimeters as units for non-parametric coordinates.

mtllib VineEnemy.mtl
g default
v -0.736074 -0.048465 6.417388
v 0.673281 0.051977 6.443581
v 0.046461 -2.945278 3.534605
v 0.030171 -2.945228 3.550895
v -2.985446 -0.050963 2.759548
v -3.011663 0.054037 4.168641
v -0.102315 -2.945034 3.550895
v -0.118606 -2.945036 3.534605
v 0.672388 -0.059873 0.510184
v -0.736669 0.044603 0.483667
v -0.118606 -2.945246 3.402118
v -0.102315 -2.945295 3.385828
v 2.921757 -0.057375 4.168020
v 2.948229 0.042807 2.758704
v 0.030171 -2.945489 3.385828
v 0.046461 -2.945487 3.402118
v -0.836441 4.541975 4.311945
v -0.782223 4.489000 4.406313
v -1.247074 3.741093 2.065675
v -1.319048 3.738967 2.147697
v 0.838354 2.262835 2.472499
v 0.804208 2.434458 2.386795
v 1.487405 3.747954 4.541068
v 1.518148 3.658295 4.507758
v 1.931351 6.322230 -0.720166
v 1.891052 6.302304 -0.644290
v 2.939905 5.838335 -0.422334
v 2.869534 5.850806 -0.497407
v 3.254146 5.372387 0.937415
v 2.206790 5.889460 0.688321
v 2.278164 5.824321 0.791929
v 0.855756 9.194148 -0.599119
v 0.788329 9.107053 -0.674513
v 1.130472 9.094498 1.020678
v 1.199546 9.121795 0.908597
v -0.143746 8.067768 1.179646
v -0.029178 8.096806 1.244245
v -0.418100 8.167793 -0.441114
v -0.440420 8.082016 -0.340061
v -1.692504 12.645265 1.084191
v -1.705732 12.636540 0.992484
v -2.286150 11.915079 2.148337
v -2.200932 11.917406 2.111008
v -3.369394 11.772121 1.519089
v -2.815057 12.564430 0.399779
v -2.873339 12.490157 0.400521
v -1.882369 15.643757 4.186962
v -1.866696 15.654357 4.102775
v -2.824627 15.733783 4.693916
v -2.780140 15.663203 4.679000
v -3.075455 16.535430 3.931557
v -3.122282 16.466643 3.968650
v -2.208380 16.458717 3.393605
v 1.162853 17.982673 6.792680
v 1.182551 17.959954 6.742441
v 0.896923 18.849958 7.031396
v 0.900814 18.796172 7.062113
v 1.071002 19.216931 6.112499
v 1.051558 19.239741 6.162841
v 1.340325 18.350644 5.874785
v 1.336773 18.404533 5.844177
v 4.092309 18.294736 6.689870
v 4.101392 18.379078 6.659331
v 4.113894 18.452387 6.462133
v 4.113163 18.421184 6.376178
v 4.095928 18.224801 6.302668
v 4.086740 18.139559 6.333658
v 4.074369 18.068491 6.534158
v 4.074941 18.096127 6.613094
v -1.555216 0.103618 7.123337
v -3.287050 -0.016543 5.479639
v -0.030893 -2.945020 3.625689
v -0.041410 -2.945005 3.625560
v -3.691353 0.100790 1.940719
v -2.047746 -0.026653 0.208585
v -0.193399 -2.945023 3.473540
v -0.193271 -2.945040 3.463023
v 1.491967 0.087578 -0.196240
v 3.223450 -0.032446 1.447837
v -0.041251 -2.945503 3.311035
v -0.030733 -2.945518 3.311163
v 3.628126 0.092661 4.987198
v 1.984112 -0.022292 6.718993
v 0.121255 -2.945500 3.463183
v 0.121127 -2.945483 3.473700
v -1.655538 4.637431 3.679186
v -1.931645 4.136832 2.497219
v -0.807413 3.315048 1.266413
v 0.418480 2.792083 1.430786
v 1.717276 1.956068 3.028771
v 2.243203 3.179875 4.076121
v 1.201149 4.158862 5.214949
v -0.109515 4.514366 5.148453
v 2.034945 6.395665 -1.138466
v 2.570709 6.098828 -1.018317
v 3.326034 5.633053 -0.042144
v 3.527339 5.298420 0.778485
v 3.082991 5.378725 1.397586
v 2.543031 5.560504 1.346226
v 1.785910 6.134921 0.306184
v 1.580640 6.360538 -0.445714
v 1.342417 9.543632 -0.411343
v 1.560449 9.419576 0.468714
v 1.025673 8.893277 1.588994
v 0.379141 8.266212 1.681042
v -0.627186 7.747287 0.955663
v -0.734090 7.732402 0.052610
v -0.305727 8.401891 -1.044306
v 0.449166 8.892421 -1.154872
v -1.420226 12.559245 1.526852
v -1.701402 12.085341 2.092816
v -2.711489 11.665395 2.403026
v -3.314525 11.532357 2.004457
v -3.703076 11.963716 1.037124
v -3.362808 12.284910 0.394983
v -2.410151 12.854771 0.160881
v -1.749990 12.837863 0.483477
v -1.957195 15.398802 4.558663
v -2.509486 15.369764 4.799536
v -3.190626 15.929092 4.750378
v -3.383587 16.303470 4.278393
v -2.986087 16.820231 3.589962
v -2.505426 16.715695 3.241608
v -1.753697 16.290497 3.398389
v -1.633471 15.781607 3.761346
v 1.097627 18.128556 7.183741
v 0.868735 18.611963 7.304615
v 0.937728 19.258872 6.863760
v 0.953544 19.456341 6.313301
v 1.276402 19.100916 5.760166
v 1.360417 18.589263 5.600919
v 1.438745 17.971436 6.081016
v 1.274104 17.744153 6.591574
v 4.207440 18.692259 6.548854
v 4.193316 18.607101 6.763401
v 4.180338 18.277872 6.047319
v 4.203158 18.539677 6.152667
v 4.123425 17.808910 6.457819
v 4.138854 17.902037 6.223372
v 4.149097 18.204114 6.940125
v 4.130362 17.988828 6.853480
v -0.036381 -2.945259 3.469819
v -0.040458 -2.945232 3.483108
v -0.031685 -2.945244 3.483108
v -0.035764 -2.945260 3.469819
v -0.037529 -2.945260 3.468053
v -0.050818 -2.945247 3.463975
v -0.050818 -2.945234 3.472748
v -0.037529 -2.945259 3.468670
v -0.035764 -2.945265 3.466904
v -0.031685 -2.945291 3.453615
v -0.040459 -2.945279 3.453615
v -0.036381 -2.945264 3.466904
v -0.034615 -2.945263 3.468670
v -0.021325 -2.945277 3.472748
v -0.021325 -2.945290 3.463975
v -0.034615 -2.945264 3.468053
v 5.318577 18.288171 6.655116
v 5.036191 18.344638 6.833030
v 5.025609 18.246865 6.870435
v 5.310959 18.234985 6.702643
v 5.291159 18.016784 6.676389
v 4.992339 17.860345 6.701674
v 4.991024 17.823540 6.603840
v 5.288634 17.975668 6.629751
v 5.295005 17.995224 6.403745
v 5.016354 17.990766 6.212876
v 5.027137 18.088054 6.175111
v 5.300849 18.043459 6.362108
v 5.321807 18.265881 6.382891
v 5.060619 18.476796 6.345290
v 5.061582 18.514345 6.443667
v 5.325112 18.310704 6.435758
v 3.642519 18.302483 6.484896
v 3.223917 5.396849 0.972213
v 3.222039 5.315995 1.052726
v 2.885899 5.569808 1.205620
v 2.882512 5.450616 1.271914
v 2.844692 5.521366 1.254687
v 2.953507 5.389297 1.266273
v 3.233273 5.336687 1.001670
v 3.039692 5.532091 1.095102
v 2.967635 5.606602 1.607552
v 2.936003 5.549008 1.643511
v 2.985205 5.470336 1.647569
v 3.075022 5.397450 1.621546
v 3.138599 5.395766 1.568130
v 3.434676 5.255829 1.231531
v 3.428198 5.314709 1.200101
v 3.038955 5.608245 1.570700
v 3.278961 5.832041 1.804754
v 3.221066 5.832225 1.941214
v 3.224368 5.833294 2.143051
v 3.256283 5.867501 2.123465
v 3.307900 5.880920 2.005940
v 3.250836 5.959145 1.995163
v 3.208118 5.968238 1.936178
v 3.167941 6.503243 2.062352
v 3.265175 6.373227 1.949288
v 3.316199 6.344525 2.001392
v 3.235777 6.521817 2.305900
v 3.288342 6.482952 2.270176
v 3.441596 6.237855 1.890688
v 3.395289 6.271294 1.835058
v 3.185982 6.528000 2.082880
v 3.354288 7.139301 2.071799
v 3.462900 6.879525 1.824147
v 3.670551 7.129695 1.722280
v 3.517344 6.841546 1.865442
v 3.469223 7.084769 2.222113
v 3.626523 6.755721 1.850144
v 3.633898 6.755855 1.779471
v 3.586197 6.791714 1.726769
v 3.423624 7.079966 1.986433
v 3.222792 5.785875 1.981772
v 3.227078 5.817560 1.964010
v 3.140033 5.898226 2.182489
v 3.270114 5.809216 1.968174
v 3.215984 5.805125 1.966495
v 3.118052 5.887347 2.166317
v 3.157873 5.917286 2.164827
v 3.249081 5.821514 1.961144
v 3.161059 5.765360 2.248934
v 2.923814 5.897921 2.517791
v 3.241208 5.715348 2.131743
v 3.114421 5.773906 2.225731
v 3.694907 5.409738 1.592821
v 3.092703 5.768067 2.235295
v 2.877098 5.894134 2.490929
v 2.901896 5.883233 2.497661
v 3.171004 5.656782 2.449488
v 2.912045 5.726351 2.796253
v 2.936768 5.775374 2.700661
v 3.156749 5.665254 2.452870
v 3.123524 5.652613 2.452140
v 3.754010 5.301190 1.791038
v 3.116168 5.638901 2.441513
v 2.887736 5.762555 2.688378
v 2.913636 5.757990 2.683720
v -2.151951 16.448915 3.417083
v -2.134803 16.375888 3.370437
v -2.060088 16.480837 3.472859
v -2.037673 16.406577 3.418282
v -2.019743 16.450352 3.458667
v -2.070924 16.372729 3.380233
v -2.166903 16.407171 3.381734
v -2.116787 16.489070 3.459505
v -2.172378 16.739230 2.935549
v -2.044958 16.754353 2.946572
v -1.983365 16.727199 2.957159
v -2.017789 16.678892 2.939690
v -2.162107 16.708918 2.949904
v -2.132457 16.667245 2.941465
v -2.023133 16.666411 2.962108
v -2.235564 16.815311 2.412245
v -2.231191 16.783818 2.461791
v -2.172495 16.787750 2.399058
v -2.079808 16.751098 2.430627
v -2.112317 16.702079 2.452936
v -2.258902 16.738530 2.485090
v -2.229727 16.694432 2.493049
v -2.229493 16.657172 2.443554
v -2.310036 16.502452 1.964669
v -2.272329 16.291295 1.827257
v -2.236235 16.463690 2.038053
v -2.246631 16.499526 1.967312
v -2.086037 16.486755 2.040466
v -2.103985 16.438762 2.078197
v -2.249920 16.419895 2.075538
v -2.333068 16.388339 2.062317
v -2.216077 16.387618 2.076797
v -2.112781 16.756352 2.969547
v -2.126821 16.767962 2.947049
v -2.057532 16.795788 2.975845
v -2.109578 16.772384 2.927420
v -2.084447 16.773039 2.998895
v -2.075780 16.769763 2.986141
v -2.071200 16.783572 2.956094
v -2.127710 16.769179 2.929965
v -2.122168 16.996330 3.065752
v -2.135556 16.981253 3.025269
v -2.118950 16.980761 3.019573
v -2.113820 16.978419 3.081594
v -2.084420 16.997272 3.108221
v -2.095304 16.972588 3.071601
v -2.085297 16.981529 3.050154
v -2.094440 16.985198 3.026204
v -2.120171 17.167945 3.145939
v -2.086963 17.195687 3.173514
v -2.106300 17.160530 3.123180
v -2.091456 17.152600 3.115549
v -2.113728 17.146455 3.159544
v -2.100343 17.142839 3.163496
v -2.090399 17.125571 3.145486
v -2.066846 17.139196 3.132137
v -2.078267 17.143710 3.110444
v -3.400620 11.823399 1.479098
v -3.401149 11.755005 1.399819
v -3.461913 11.977502 1.474042
v -3.484585 11.875042 1.360251
v -3.488769 11.962213 1.417060
v -3.456414 11.805357 1.350386
v -3.385039 11.768951 1.457263
v -3.423765 11.923596 1.515366
v -3.970876 11.675712 1.573277
v -3.987763 11.949847 1.606671
v -3.980326 11.747186 1.594245
v -3.982660 11.928290 1.504589
v -3.981220 11.843376 1.489499
v -3.941430 11.613969 1.492651
v -3.983029 11.971621 1.552505
v -4.438269 12.116988 1.364399
v -4.444752 12.065493 1.337615
v -4.384102 12.344631 1.416080
v -4.440369 12.299336 1.446889
v -4.326241 12.175263 1.262656
v -4.350645 12.124136 1.251334
v -4.406418 12.051237 1.287382
v -4.333899 12.222564 1.310944
v -4.431585 12.664807 1.102340
v -4.376933 12.903041 0.951330
v -4.462477 12.636969 1.061326
v -4.312475 12.741571 1.165764
v -4.386876 12.750930 1.180017
v -4.285593 12.583394 1.010343
v -4.343993 12.678255 1.032454
v -4.438129 12.705460 1.061574
v -4.275355 12.616276 1.067781
v -3.932542 11.636074 1.548418
v -3.964215 11.641361 1.560579
v -3.951211 11.619561 1.532206
v -3.979255 11.634399 1.538284
v -3.930463 11.630380 1.530574
v -3.942347 11.647265 1.555160
v -3.974835 11.643989 1.549398
v -3.967279 11.627906 1.527171
v -3.942647 11.513142 1.623807
v -3.953160 11.519195 1.634554
v -3.977265 11.511602 1.646558
v -3.985394 11.515584 1.628055
v -3.989425 11.511373 1.614069
v -3.977511 11.511448 1.601307
v -3.959148 11.502119 1.595397
v -3.941027 11.515761 1.605300
v -3.948073 11.294115 1.628952
v -3.931703 11.347607 1.633855
v -3.942263 11.350910 1.645628
v -3.962401 11.340328 1.646328
v -3.974293 11.347192 1.638707
v -3.978386 11.345636 1.624200
v -3.966794 11.348668 1.611631
v -3.949305 11.341633 1.610987
v -3.930595 11.353687 1.616179
v 2.171072 2.616176 2.665107
v 2.418438 3.462960 3.692895
v 1.878685 4.242172 3.820196
v 1.859889 4.360490 3.811282
v 1.659922 5.197588 4.262877
v 0.506963 5.855788 4.011304
v -0.062205 5.583984 3.288647
v -0.101789 5.598364 3.176277
v -0.879495 5.721970 2.603279
v -1.247073 4.764584 1.723316
v -0.676521 4.011043 1.558241
v -0.595801 3.956579 1.491787
v -0.367707 3.142154 1.005560
v 0.662776 2.364792 1.405869
v 1.263494 2.667509 2.090371
v -0.835419 3.099503 5.171057
v -1.166692 3.161862 5.099788
v -2.108447 3.137296 4.851694
v -2.507976 3.009368 3.362033
v -1.756074 3.033114 2.632809
v -1.698709 3.075508 2.297053
v -1.437184 3.092473 1.384188
v 0.065970 2.985785 0.973446
v 0.799756 3.022686 1.730256
v 1.142768 3.052135 1.790500
v 2.064271 3.099534 2.056231
v 2.457714 2.985554 3.552982
v 1.699523 3.023939 4.288018
v 1.639827 3.055829 4.630693
v 1.377095 3.111029 5.548725
v -0.113939 3.014620 5.937444
v 1.583935 5.805479 1.439639
v 1.337658 5.586366 0.774539
v 1.394055 5.828537 0.137584
v 1.340437 5.868724 0.009539
v 1.144726 5.963516 -0.601298
v 1.516805 6.245934 -1.353118
v 2.015345 6.507886 -1.232426
v 2.093474 6.610381 -1.224643
v 2.583237 7.024705 -1.366954
v 3.090690 7.084836 -0.801709
v 3.123219 7.104577 -0.001331
v 3.105214 7.135511 0.148523
v 3.243071 7.085624 0.775082
v 2.784815 6.600346 1.550640
v 2.189976 6.252614 1.347833
v 3.020226 4.432058 0.909969
v 2.805223 3.889719 0.355915
v 2.025337 4.262563 -0.277837
v 1.727028 4.911417 -0.194234
v 1.553526 4.939509 -0.183148
v 0.727978 5.295418 -0.336367
v 0.699468 6.234007 0.123322
v 1.052368 6.480789 0.789449
v 1.070704 6.528168 0.919319
v 1.257035 6.931217 1.412910
v 2.222656 6.857966 2.054674
v 2.676091 6.236750 1.971206
v 2.749165 6.131875 2.019187
v 3.378814 5.678852 2.221782
v 3.581798 4.778332 1.541152
v -1.103982 8.304027 0.950404
v -1.155854 8.367391 0.070639
v -0.833762 8.738351 -0.253637
v -0.811447 8.827890 -0.338356
v -0.694505 9.099586 -0.864629
v 0.032577 9.579914 -0.882551
v 0.344633 9.734695 -0.403082
v 0.402186 9.811911 -0.323216
v 0.842709 10.138267 -0.057356
v 1.012281 9.936819 0.770404
v 0.658843 9.600771 1.111263
v 0.589235 9.569461 1.211400
v 0.437117 9.338042 1.754026
v -0.182787 8.724674 1.740949
v -0.521746 8.602142 1.272987
v 0.613719 7.577949 1.272556
v 1.077520 7.810357 1.644033
v 1.637776 8.441548 1.414718
v 1.699348 8.549031 0.787336
v 1.758721 8.560539 0.668648
v 2.068366 8.821564 0.168321
v 1.741952 8.796908 -0.670298
v 1.244914 8.398418 -0.791612
v 1.173801 8.301232 -0.848896
v 0.783236 8.023641 -1.264955
v 0.064645 7.548658 -0.976033
v 0.030985 7.406442 -0.349095
v 0.020848 7.333046 -0.237278
v -0.227465 7.031892 0.246732
v -0.033419 7.189374 1.114603
v -2.267890 13.354129 0.623472
v -1.643402 13.075393 0.859728
v -1.628501 12.801533 1.308430
v -1.603179 12.790999 1.399950
v -1.314743 12.536823 1.790438
v -1.765365 12.195417 2.279219
v -2.259224 12.139861 2.298271
v -2.332901 12.152385 2.340666
v -2.793909 11.999471 2.571702
v -3.396691 12.083895 2.216893
v -3.412743 12.406120 1.800727
v -2.836451 11.066944 1.418649
v -2.788549 10.975117 1.913453
v -2.234399 11.363179 2.304915
v -1.877631 11.690662 2.030180
v -1.789233 11.713212 1.993310
v -1.344243 12.043935 1.973206
v -1.186396 12.468870 1.334408
v -1.460956 12.344834 0.865582
v -1.467528 12.310220 0.776822
v -1.536273 12.379314 0.249019
v -2.167055 12.099581 -0.099348
v -2.502665 11.762566 0.175405
v -2.534363 11.669796 0.193921
v -2.949543 11.325096 0.215050
v -3.208504 11.032390 0.895180
v -1.478912 16.392795 3.564919
v -1.440912 15.950287 3.968186
v -1.631799 15.860423 4.292906
v -1.632229 15.842659 4.366856
v -1.685149 15.604784 4.710199
v -2.214681 15.750657 5.057682
v -2.389821 16.074671 4.986711
v -2.406002 16.148558 5.009483
v -2.698433 16.437950 5.120715
v -2.894609 16.850468 4.690314
v -2.626944 16.956036 4.392374
v -2.568360 17.006896 4.350557
v -2.464117 17.254108 4.014081
v -2.101515 17.021328 3.576931
v -1.866708 16.689922 3.644603
v -3.205756 15.787470 3.525390
v -3.467519 15.570302 3.804294
v -3.256172 15.328497 4.352683
v -2.821997 15.233257 4.346512
v -2.752719 15.175384 4.340566
v -2.432717 14.978179 4.505898
v -1.851323 15.158035 4.348647
v -1.765839 15.407620 3.997541
v -1.730421 15.416342 3.918604
v -1.451994 15.598726 3.624575
v -1.668338 16.028780 3.217588
v 1.071186 18.296049 5.657773
v 1.117017 18.491536 5.435008
v 0.826091 18.957277 5.612960
v 0.535661 18.974260 5.916123
v 0.496474 18.986014 5.963584
v 0.323232 19.170937 6.140707
v 0.301311 18.968738 6.690090
v 0.312974 18.512122 6.770574
v 0.323913 18.453195 6.792640
v 0.321798 18.248670 7.010650
v 0.694208 17.889333 6.928422
v 0.887856 17.778333 6.539172
v 0.916804 17.764703 6.489182
v 1.041996 17.611601 6.333240
v 1.170307 17.913732 5.876184
v 1.539426 17.999268 6.711972
v 1.536696 18.032185 6.749326
v 1.603340 18.190675 7.098148
v 1.561470 18.657810 7.211941
v 1.579106 18.761792 6.988770
v 1.583149 18.803380 6.950884
v 1.668720 19.172741 6.783509
v 1.639237 19.293227 6.305453
v 1.628444 19.077198 6.196769
v 1.627250 19.041179 6.156909
v 1.716100 18.889771 5.827654
v 1.630541 18.406018 5.691475
v 1.595364 18.288556 5.900325
v 1.590096 18.246046 5.936693
v 1.636017 17.883869 6.123336
v 1.569236 17.815300 6.633442
v 3.746337 18.325740 6.667313
v 3.738165 18.247806 6.687910
v 3.785981 18.139387 6.888633
v 3.782925 17.969797 6.749008
v 3.729550 18.112688 6.516429
v 3.729780 18.094623 6.443285
v 3.775741 17.885503 6.347409
v 3.804641 18.029933 6.162303
v 3.749697 18.260706 6.306939
v 3.758005 18.339439 6.285950
v 3.834733 18.414507 6.080587
v 3.860722 18.623459 6.237347
v 3.766464 18.472578 6.454527
v 3.766420 18.493795 6.533888
v 3.846194 18.685515 6.638938
v 3.837785 18.546230 6.806938
v 1.295524 2.848404 2.200199
v 2.744096 4.703818 1.337399
v 2.264007 6.082562 1.200288
v 0.582232 7.469195 1.185870
v -0.638650 8.627978 1.213098
v -2.960406 11.256103 1.370029
v -3.429612 12.358468 1.679449
v -3.631944 12.445525 1.290388
v -3.265334 12.788637 0.718610
v -2.797563 12.942393 0.741598
v -2.741832 12.974708 0.719549
v -1.709628 16.673546 3.720411
v 0.949388 18.135677 5.598641
v -3.126725 15.930743 3.605526
v -3.081161 16.176252 3.251453
v -2.600450 16.224632 2.926117
v -2.287098 15.988922 3.039286
v -2.208079 15.965322 3.050440
vt 0.597021 0.040188
vt 0.375000 0.312500
vt 0.378756 0.687500
vt 0.375000 0.687324
vt 0.389515 0.045765
vt 0.433693 0.312500
vt 0.437500 0.687500
vt 0.389515 0.266735
vt 0.496193 0.312500
vt 0.500000 0.687500
vt 0.610485 0.266735
vt 0.558693 0.312500
vt 0.562500 0.687500
vt 0.402795 0.959736
vt 0.384014 0.746545
vt 0.608113 0.951863
vt 0.524349 0.850790
vt 0.495755 0.858020
vt 0.485730 0.839505
vt 0.504245 0.829480
vt 0.597205 0.727763
vt 0.404379 0.312500
vt 0.408110 0.687500
vt 0.500171 0.000071
vt 0.506378 0.997358
vt 0.500000 0.992259
vt 0.493671 0.868611
vt 0.506329 0.868611
vt 0.466879 0.312500
vt 0.470610 0.687500
vt 0.343821 0.156079
vt 0.346392 0.850128
vt 0.351491 0.843750
vt 0.475139 0.837421
vt 0.475139 0.850079
vt 0.529379 0.312500
vt 0.533110 0.687500
vt 0.499829 0.312429
vt 0.493622 0.690142
vt 0.500000 0.695241
vt 0.506329 0.818889
vt 0.493671 0.818889
vt 0.591879 0.312500
vt 0.595610 0.687500
vt 0.656179 0.156421
vt 0.653608 0.837372
vt 0.648509 0.843750
vt 0.524861 0.850079
vt 0.524861 0.837421
vt 0.486353 0.083778
vt 0.427528 0.169897
vt 0.513647 0.228722
vt 0.572472 0.142603
vt 0.378808 0.312500
vt 0.404446 0.687500
vt 0.408121 0.312500
vt 0.433744 0.687500
vt 0.441308 0.312500
vt 0.466946 0.687500
vt 0.441256 0.687500
vt 0.470621 0.312500
vt 0.496244 0.687500
vt 0.503808 0.312500
vt 0.529446 0.687500
vt 0.503756 0.687500
vt 0.533121 0.312500
vt 0.558744 0.687500
vt 0.566308 0.312500
vt 0.591946 0.687500
vt 0.566256 0.687500
vt 0.595621 0.312500
vt 0.621193 0.312500
vt 0.621244 0.687500
vt 0.597205 0.959736
vt 0.493425 0.997276
vt 0.384013 0.940955
vt 0.346473 0.837175
vt 0.402795 0.727763
vt 0.506575 0.690223
vt 0.615987 0.746545
vt 0.653526 0.850325
vt 0.615986 0.940955
vt 0.506615 0.002740
vt 0.597064 0.040205
vt 0.402974 0.040189
vt 0.493385 0.002740
vt 0.493431 0.002721
vt 0.346490 0.149635
vt 0.383938 0.059229
vt 0.383955 0.059186
vt 0.383939 0.253276
vt 0.346490 0.162865
vt 0.346471 0.162819
vt 0.493385 0.309760
vt 0.402979 0.272312
vt 0.402936 0.272295
vt 0.597026 0.272311
vt 0.506615 0.309760
vt 0.506569 0.309779
vt 0.653510 0.162865
vt 0.616063 0.253271
vt 0.616045 0.253314
vt 0.616061 0.059224
vt 0.653510 0.149635
vt 0.653529 0.149681
vt 0.506569 0.002721
vt 0.597153 0.040242
vt 0.402898 0.040221
vt 0.493490 0.002696
vt 0.346471 0.149681
vt 0.383992 0.059097
vt 0.383971 0.253352
vt 0.346446 0.162760
vt 0.493431 0.309779
vt 0.597102 0.272279
vt 0.506510 0.309804
vt 0.653529 0.162819
vt 0.616008 0.253403
vt 0.616029 0.059148
vt 0.653554 0.149740
vt 0.506510 0.002697
vt 0.597184 0.040255
vt 0.402831 0.040249
vt 0.493509 0.002689
vt 0.346446 0.149740
vt 0.384005 0.059066
vt 0.383999 0.253419
vt 0.346438 0.162741
vt 0.493490 0.309804
vt 0.402815 0.272245
vt 0.597169 0.272251
vt 0.506491 0.309812
vt 0.653553 0.162760
vt 0.615995 0.253435
vt 0.616001 0.059081
vt 0.653561 0.149759
vt 0.506491 0.002689
vt 0.597179 0.040253
vt 0.402816 0.040255
vt 0.493501 0.002692
vt 0.346438 0.149759
vt 0.384003 0.059071
vt 0.384005 0.253434
vt 0.346442 0.162749
vt 0.493509 0.309812
vt 0.597184 0.272245
vt 0.506499 0.309808
vt 0.653561 0.162741
vt 0.615997 0.253429
vt 0.615995 0.059066
vt 0.653558 0.149751
vt 0.506499 0.002692
vt 0.597159 0.040245
vt 0.402828 0.040250
vt 0.493491 0.002696
vt 0.346442 0.149751
vt 0.383995 0.059091
vt 0.384000 0.253422
vt 0.346446 0.162759
vt 0.493501 0.309808
vt 0.402841 0.272255
vt 0.597172 0.272250
vt 0.506509 0.309804
vt 0.653558 0.162748
vt 0.616000 0.059078
vt 0.653554 0.149741
vt 0.506508 0.002696
vt 0.597218 0.040269
vt 0.402844 0.040243
vt 0.493602 0.002650
vt 0.346446 0.149741
vt 0.384019 0.059032
vt 0.383993 0.253406
vt 0.346400 0.162648
vt 0.493491 0.309804
vt 0.402782 0.272231
vt 0.597156 0.272257
vt 0.506398 0.309850
vt 0.653554 0.162759
vt 0.615981 0.253468
vt 0.616007 0.059094
vt 0.653600 0.149852
vt 0.653569 0.162723
vt 0.566659 0.183931
vt 0.572393 0.170089
vt 0.597292 0.272200
vt 0.527624 0.222933
vt 0.493527 0.309819
vt 0.472319 0.222909
vt 0.486161 0.228643
vt 0.384050 0.253542
vt 0.433317 0.183874
vt 0.346431 0.149777
vt 0.433341 0.128569
vt 0.427607 0.142411
vt 0.402708 0.040300
vt 0.472376 0.089567
vt 0.506473 0.002681
vt 0.527681 0.089591
vt 0.513839 0.083857
vt 0.615950 0.058958
vt 0.566683 0.128626
vt 0.504245 0.858020
vt 0.485730 0.847995
vt 0.495755 0.829480
vt 0.514270 0.847995
vt 0.514270 0.839505
vt 0.566683 0.128626
vt 0.572472 0.142603
vt 0.572393 0.170089
vt 0.566659 0.183931
vt 0.527624 0.222933
vt 0.513647 0.228722
vt 0.486161 0.228643
vt 0.472319 0.222909
vt 0.433317 0.183874
vt 0.427528 0.169897
vt 0.427607 0.142411
vt 0.433341 0.128569
vt 0.472376 0.089567
vt 0.486353 0.083778
vt 0.513839 0.083857
vt 0.527681 0.089591
vt 0.499253 0.156560
vt 0.500777 0.156507
vt 0.393423 0.262838
vt 0.402891 0.272276
vt 0.402831 0.272251
vt 0.448169 0.291031
vt 0.425500 0.281641
vt 0.425530 0.281653
vt 0.398157 0.267557
vt 0.398127 0.267545
vt 0.411817 0.274585
vt 0.402831 0.272251
vt 0.425500 0.281641
vt 0.448169 0.291031
vt 0.425530 0.281653
vt 0.402891 0.272276
vt 0.398157 0.267557
vt 0.393423 0.262838
vt 0.398127 0.267545
vt 0.402831 0.272251
vt 0.425500 0.281641
vt 0.425530 0.281653
vt 0.402891 0.272276
vt 0.398157 0.267557
vt 0.393423 0.262838
vt 0.398127 0.267545
vt 0.402831 0.272251
vt 0.425500 0.281641
vt 0.448169 0.291031
vt 0.425530 0.281653
vt 0.402891 0.272276
vt 0.398157 0.267557
vt 0.393423 0.262838
vt 0.398127 0.267545
vt 0.402831 0.272251
vt 0.425500 0.281641
vt 0.448169 0.291031
vt 0.425530 0.281653
vt 0.402891 0.272276
vt 0.398157 0.267557
vt 0.393423 0.262838
vt 0.398127 0.267545
vt 0.448169 0.291031
vt 0.436834 0.286336
vt 0.436849 0.286342
vt 0.448169 0.291031
vt 0.442501 0.288683
vt 0.442509 0.288686
vt 0.442509 0.288686
vt 0.442501 0.288683
vt 0.442487 0.288678
vt 0.436849 0.286342
vt 0.442509 0.288686
vt 0.448169 0.291031
vt 0.442501 0.288683
vt 0.436834 0.286336
vt 0.442501 0.288683
vt 0.448169 0.291031
vt 0.442509 0.288686
vt 0.436849 0.286342
vt 0.442509 0.288686
vt 0.448169 0.291031
vt 0.442501 0.288683
vt 0.436834 0.286336
vt 0.442501 0.288683
vt 0.448169 0.291031
vt 0.442509 0.288686
vt 0.606580 0.262833
vt 0.616001 0.253419
vt 0.615993 0.253439
vt 0.634780 0.208084
vt 0.625386 0.230761
vt 0.625390 0.230752
vt 0.611291 0.258126
vt 0.611287 0.258136
vt 0.618263 0.244686
vt 0.617896 0.245681
vt 0.606580 0.262833
vt 0.615993 0.253439
vt 0.625386 0.230761
vt 0.634780 0.208084
vt 0.616001 0.253419
vt 0.611291 0.258126
vt 0.625390 0.230752
vt 0.606580 0.262833
vt 0.611287 0.258136
vt 0.615993 0.253439
vt 0.625386 0.230761
vt 0.634780 0.208084
vt 0.616001 0.253419
vt 0.611291 0.258126
vt 0.625390 0.230752
vt 0.606580 0.262833
vt 0.611287 0.258136
vt 0.615993 0.253439
vt 0.625386 0.230761
vt 0.634780 0.208084
vt 0.616001 0.253419
vt 0.611291 0.258126
vt 0.625390 0.230752
vt 0.611287 0.258136
vt 0.608934 0.260485
vt 0.613640 0.255787
vt 0.611287 0.258136
vt 0.610110 0.259310
vt 0.612463 0.256962
vt 0.612463 0.256962
vt 0.610110 0.259310
vt 0.611453 0.257970
vt 0.610110 0.259310
vt 0.608934 0.260485
vt 0.611287 0.258136
vt 0.610110 0.259310
vt 0.611287 0.258136
vt 0.612463 0.256962
vt 0.613640 0.255787
vt 0.612463 0.256962
vt 0.610110 0.259310
vt 0.608934 0.260485
vt 0.611287 0.258136
vt 0.610110 0.259310
vt 0.611287 0.258136
vt 0.612463 0.256962
vt 0.613640 0.255787
vt 0.612463 0.256962
vt 0.393411 0.262835
vt 0.402818 0.272246
vt 0.402831 0.272251
vt 0.448161 0.291028
vt 0.425496 0.281640
vt 0.425490 0.281637
vt 0.398115 0.267540
vt 0.398121 0.267543
vt 0.411508 0.274437
vt 0.410495 0.273915
vt 0.393411 0.262835
vt 0.398121 0.267543
vt 0.402831 0.272251
vt 0.448161 0.291028
vt 0.425490 0.281637
vt 0.402818 0.272246
vt 0.425496 0.281640
vt 0.398115 0.267540
vt 0.393411 0.262835
vt 0.398121 0.267543
vt 0.402831 0.272251
vt 0.448161 0.291028
vt 0.425490 0.281637
vt 0.402818 0.272246
vt 0.425496 0.281640
vt 0.398115 0.267540
vt 0.393411 0.262835
vt 0.398121 0.267543
vt 0.402831 0.272251
vt 0.448161 0.291028
vt 0.425490 0.281637
vt 0.402818 0.272246
vt 0.425496 0.281640
vt 0.398115 0.267540
vt 0.395763 0.265188
vt 0.400467 0.269893
vt 0.398115 0.267540
vt 0.399291 0.268717
vt 0.396939 0.266364
vt 0.396939 0.266364
vt 0.399291 0.268717
vt 0.398129 0.267555
vt 0.398115 0.267540
vt 0.396939 0.266364
vt 0.395763 0.265188
vt 0.396939 0.266364
vt 0.398115 0.267540
vt 0.399291 0.268717
vt 0.400467 0.269893
vt 0.399291 0.268717
vt 0.398115 0.267540
vt 0.396939 0.266364
vt 0.395763 0.265188
vt 0.396939 0.266364
vt 0.398115 0.267540
vt 0.399291 0.268717
vt 0.400467 0.269893
vt 0.399291 0.268717
vt 0.493443 0.309784
vt 0.506557 0.309784
vt 0.597116 0.272273
vt 0.616037 0.253332
vt 0.653534 0.162807
vt 0.653534 0.149693
vt 0.616023 0.059134
vt 0.597082 0.040213
vt 0.506557 0.002716
vt 0.493443 0.002716
vt 0.402884 0.040227
vt 0.383963 0.059168
vt 0.346466 0.149693
vt 0.346466 0.162807
vt 0.383977 0.253366
vt 0.616035 0.059163
vt 0.597056 0.040202
vt 0.506578 0.002725
vt 0.494779 0.002191
vt 0.493422 0.002725
vt 0.402913 0.040215
vt 0.385067 0.056501
vt 0.383952 0.059194
vt 0.346475 0.149672
vt 0.345941 0.161471
vt 0.346475 0.162828
vt 0.383965 0.253337
vt 0.400251 0.271183
vt 0.402944 0.272298
vt 0.493422 0.309775
vt 0.505221 0.310309
vt 0.506578 0.309775
vt 0.597087 0.272285
vt 0.614933 0.255999
vt 0.616048 0.253306
vt 0.653525 0.162828
vt 0.654059 0.151029
vt 0.653525 0.149672
vt 0.493495 0.309805
vt 0.506505 0.309805
vt 0.597172 0.272250
vt 0.616005 0.253410
vt 0.653555 0.162755
vt 0.653555 0.149745
vt 0.616000 0.059078
vt 0.597161 0.040245
vt 0.506505 0.002695
vt 0.493495 0.002695
vt 0.402828 0.040250
vt 0.383995 0.059090
vt 0.346445 0.149745
vt 0.346445 0.162755
vt 0.384000 0.253422
vt 0.383993 0.253405
vt 0.346452 0.162772
vt 0.346452 0.149728
vt 0.383984 0.059116
vt 0.402845 0.040243
vt 0.493478 0.002702
vt 0.506522 0.002702
vt 0.597134 0.040234
vt 0.616007 0.059095
vt 0.653548 0.149728
vt 0.653548 0.162772
vt 0.616016 0.253384
vt 0.597155 0.272257
vt 0.506522 0.309798
vt 0.493478 0.309798
vt 0.493508 0.309811
vt 0.506492 0.309811
vt 0.597182 0.272246
vt 0.615995 0.253434
vt 0.653561 0.162742
vt 0.653561 0.149758
vt 0.615996 0.059068
vt 0.597184 0.040255
vt 0.506492 0.002689
vt 0.493508 0.002689
vt 0.402818 0.040254
vt 0.384005 0.059066
vt 0.346439 0.149758
vt 0.346439 0.162742
vt 0.384004 0.253432
vt 0.384003 0.253430
vt 0.346440 0.162745
vt 0.346440 0.149755
vt 0.384002 0.059073
vt 0.402820 0.040253
vt 0.493505 0.002690
vt 0.506495 0.002690
vt 0.597177 0.040252
vt 0.615997 0.059070
vt 0.653560 0.149755
vt 0.653560 0.162745
vt 0.615998 0.253427
vt 0.597180 0.272247
vt 0.506495 0.309810
vt 0.493505 0.309810
vt 0.653558 0.162750
vt 0.653558 0.149750
vt 0.616001 0.059079
vt 0.597176 0.040252
vt 0.506500 0.002692
vt 0.493500 0.002692
vt 0.402829 0.040249
vt 0.384002 0.059073
vt 0.346442 0.149750
vt 0.346442 0.162750
vt 0.383999 0.253421
vt 0.384001 0.253424
vt 0.346441 0.162747
vt 0.346441 0.149753
vt 0.384003 0.059071
vt 0.402826 0.040251
vt 0.493503 0.002691
vt 0.506497 0.002691
vt 0.597179 0.040253
vt 0.615999 0.059076
vt 0.653559 0.149753
vt 0.653559 0.162747
vt 0.615997 0.253429
vt 0.597174 0.272249
vt 0.506497 0.309809
vt 0.493503 0.309809
vt 0.653556 0.162754
vt 0.653560 0.149755
vt 0.616000 0.059077
vt 0.597167 0.040248
vt 0.506504 0.002694
vt 0.493505 0.002690
vt 0.402827 0.040250
vt 0.383998 0.059083
vt 0.346444 0.149746
vt 0.346440 0.162745
vt 0.384000 0.253423
vt 0.402833 0.272252
vt 0.493496 0.309806
vt 0.506495 0.309810
vt 0.597172 0.272250
vt 0.383994 0.253408
vt 0.346445 0.162757
vt 0.346445 0.149743
vt 0.383996 0.059088
vt 0.402842 0.040244
vt 0.493493 0.002695
vt 0.506507 0.002695
vt 0.597162 0.040246
vt 0.616006 0.059092
vt 0.653555 0.149743
vt 0.653555 0.162757
vt 0.597276 0.272207
vt 0.506411 0.309844
vt 0.493523 0.309817
vt 0.402788 0.272234
vt 0.384043 0.253526
vt 0.346405 0.162661
vt 0.346433 0.149773
vt 0.384016 0.059038
vt 0.402724 0.040293
vt 0.493589 0.002656
vt 0.506477 0.002683
vt 0.597212 0.040266
vt 0.615957 0.058974
vt 0.653595 0.149839
vt 0.653567 0.162727
vt 0.607684 0.070647
vt 0.585551 0.048545
vt 0.507709 0.016301
vt 0.492385 0.016262
vt 0.414397 0.048566
vt 0.392295 0.070699
vt 0.360051 0.148541
vt 0.360012 0.163865
vt 0.392316 0.241853
vt 0.414449 0.263955
vt 0.492291 0.296199
vt 0.507615 0.296238
vt 0.585603 0.263934
vt 0.607705 0.241801
vt 0.639949 0.163959
vt 0.639988 0.148635
vt 0.535660 0.083932
vt 0.572336 0.120632
vt 0.581781 0.143435
vt 0.581707 0.169244
vt 0.572318 0.191910
vt 0.535618 0.228586
vt 0.512816 0.238031
vt 0.487006 0.237957
vt 0.464340 0.228568
vt 0.427664 0.191868
vt 0.418219 0.169065
vt 0.418293 0.143256
vt 0.427682 0.120590
vt 0.464382 0.083914
vt 0.487184 0.074469
vt 0.512994 0.074543
vt 0.402927 0.272291
vt 0.402900 0.272280
vt 0.402828 0.272250
vt 0.402819 0.272246
vt 0.402816 0.272245
vt 0.402818 0.272246
vt 0.402832 0.272252
vt 0.493501 0.309808
vt 0.506500 0.309808
vt 0.597171 0.272251
vt 0.615998 0.253428
vt 0.615992 0.253442
vt 0.615982 0.253465
vt 0.402839 0.272255
vt 0.493493 0.309805
vt 0.506507 0.309805
vt 0.597158 0.272256
vt 0.616001 0.253420
vn 0.103881 0.449347 0.887297
vn -0.331956 0.148105 0.931596
vn -0.318095 0.307845 0.896687
vn 0.011107 0.506917 0.861923
vn -0.065611 -0.692457 0.718470
vn 0.283542 -0.634791 0.718780
vn 0.135133 -0.679575 0.721052
vn -0.074185 -0.691615 0.718446
vn -0.001464 -0.999998 0.001580
vn -0.001463 -0.999998 0.001582
vn -0.001468 -0.999998 0.001583
vn -0.001458 -0.999998 0.001566
vn -0.001457 -0.999998 0.001568
vn -0.001464 -0.999998 0.001573
vn -0.885757 0.451531 0.107486
vn -0.932615 0.144515 -0.330673
vn -0.930301 0.184920 -0.316772
vn -0.870384 0.483856 0.091185
vn -0.718417 -0.692706 -0.063525
vn -0.718753 -0.634194 0.284942
vn -0.720965 -0.679297 0.136989
vn -0.718394 -0.691889 -0.072111
vn -0.001464 -0.999998 0.001585
vn -0.001466 -0.999998 0.001584
vn -0.001465 -0.999998 0.001584
vn -0.001470 -0.999998 0.001583
vn -0.001470 -0.999998 0.001581
vn -0.001468 -0.999998 0.001584
vn -0.107892 0.450439 -0.886264
vn 0.332025 0.141515 -0.932595
vn 0.148722 0.336776 -0.929766
vn -0.200081 0.666033 -0.718587
vn 0.063537 -0.694923 -0.716272
vn -0.285401 -0.636231 -0.716768
vn -0.137123 -0.681456 -0.718899
vn 0.072111 -0.694107 -0.716251
vn -0.001464 -0.999998 0.001587
vn -0.001463 -0.999998 0.001584
vn -0.001464 -0.999998 0.001584
vn -0.001462 -0.999998 0.001586
vn -0.001462 -0.999998 0.001586
vn -0.001464 -0.999998 0.001586
vn 0.885893 0.450374 -0.111163
vn 0.932497 0.142664 0.331808
vn 0.945183 0.217747 0.243343
vn 0.892828 0.440254 -0.095056
vn 0.716360 -0.694631 0.065698
vn 0.716846 -0.637015 -0.283450
vn 0.718981 -0.681782 -0.135054
vn 0.716339 -0.693788 0.074274
vn -0.001464 -0.999998 0.001583
vn -0.001462 -0.999998 0.001589
vn -0.001462 -0.999998 0.001579
vn -0.001463 -0.999998 0.001583
vn -0.001463 -0.999998 0.001583
vn -0.001465 -0.999998 0.001584
vn -0.323584 0.780316 0.535164
vn -0.607188 0.694957 0.385172
vn -0.660614 0.727949 0.183521
vn -0.318353 0.892926 0.318330
vn -0.601195 0.338888 -0.723685
vn -0.594750 -0.269252 -0.757480
vn -0.480945 -0.491273 -0.726183
vn -0.562268 0.100567 -0.820818
vn 0.902206 -0.015194 0.431038
vn 0.690279 0.351468 0.632443
vn 0.488003 0.426013 0.761817
vn 0.857340 0.155580 0.490676
vn 0.550989 -0.772030 -0.316830
vn 0.246485 -0.967801 -0.051043
vn 0.406382 0.046083 -0.912540
vn -0.159434 0.189397 -0.968870
vn 0.910214 0.144414 -0.388143
vn 0.939013 -0.214941 -0.268430
vn 0.944696 0.310412 0.105796
vn 0.845497 0.516062 -0.137168
vn 0.520594 -0.635448 -0.570252
vn 0.236519 -0.876669 -0.418939
vn -0.380263 -0.782503 -0.493041
vn -0.488520 -0.819529 -0.299533
vn 0.103418 0.508905 -0.854588
vn 0.511307 0.595078 -0.620038
vn 0.672921 0.610194 -0.418140
vn 0.295970 0.610305 -0.734800
vn 0.653614 0.616715 0.438692
vn 0.602615 0.290181 0.743405
vn 0.461409 0.092393 0.882364
vn 0.587543 0.492606 0.641976
vn -0.898626 0.362649 0.246895
vn 0.327338 0.862309 -0.386359
vn -0.814666 0.425038 0.394541
vn -0.826645 -0.404767 -0.390924
vn -0.588285 -0.303407 -0.749577
vn -0.415391 -0.156095 -0.896150
vn -0.753257 -0.295093 -0.587813
vn 0.921735 0.226249 -0.314985
vn 0.971387 -0.182592 -0.151879
vn 0.963666 -0.208340 0.167160
vn 0.973805 0.206346 -0.095525
vn 0.538737 -0.375404 0.754211
vn 0.203924 -0.687234 0.697227
vn -0.184796 -0.612124 0.768866
vn 0.251811 -0.470905 0.845482
vn -0.967068 -0.235504 0.096527
vn 0.139110 -0.617764 -0.773961
vn -0.940379 -0.166063 0.296835
vn 0.696218 -0.664894 -0.270549
vn 0.603904 -0.791864 0.090835
vn 0.389769 -0.877789 0.278508
vn 0.615765 -0.786862 0.041011
vn -0.168564 -0.476358 0.862942
vn -0.507570 -0.165023 0.845660
vn -0.638429 0.094445 0.763865
vn -0.356336 -0.225357 0.906774
vn -0.746709 0.625649 0.225807
vn -0.632531 0.752893 -0.181816
vn -0.414707 0.823368 -0.387406
vn -0.553595 0.832394 0.025554
vn 0.155456 -0.815368 0.557682
vn 0.155456 -0.815368 0.557682
vn 0.059526 -0.248289 0.966855
vn 0.060334 -0.252881 0.965614
vn 0.125191 0.579213 0.805506
vn 0.125191 0.579213 0.805506
vn 0.168101 0.917781 0.359750
vn 0.169143 0.930870 0.323840
vn 0.280907 0.828889 -0.483771
vn 0.280907 0.828889 -0.483771
vn 0.159320 0.328401 -0.931005
vn 0.146500 0.282111 -0.948130
vn -0.056365 -0.568997 -0.820406
vn -0.056365 -0.568996 -0.820406
vn -0.023615 -0.948916 -0.314644
vn -0.020892 -0.961687 -0.273354
vn -0.410772 -0.767904 0.491518
vn -0.410772 -0.767904 0.491518
vn -0.410772 -0.767904 0.491518
vn -0.410772 -0.767904 0.491518
vn -0.775796 0.388858 0.496921
vn -0.775796 0.388858 0.496921
vn -0.801803 0.401314 0.442786
vn -0.834915 0.417053 0.359144
vn -0.001469 -0.999998 0.001588
vn -0.001466 -0.999998 0.001585
vn -0.492102 -0.769049 -0.407920
vn -0.492102 -0.769049 -0.407920
vn -0.492102 -0.769049 -0.407920
vn -0.492102 -0.769049 -0.407920
vn -0.498443 0.389482 -0.774506
vn -0.498443 0.389482 -0.774506
vn -0.493648 0.395496 -0.774529
vn -0.455690 0.441090 -0.773166
vn -0.001463 -0.999998 0.001584
vn -0.001464 -0.999998 0.001585
vn 0.408521 -0.770654 -0.489083
vn 0.408521 -0.770654 -0.489083
vn 0.408521 -0.770654 -0.489083
vn 0.408521 -0.770654 -0.489083
vn 0.777641 0.384447 -0.497469
vn 0.777640 0.384447 -0.497469
vn 0.734885 0.446246 -0.510694
vn 0.492824 0.688024 -0.532679
vn -0.001464 -0.999998 0.001583
vn -0.001465 -0.999998 0.001583
vn 0.489178 -0.769348 0.410864
vn 0.489178 -0.769348 0.410864
vn 0.489178 -0.769348 0.410864
vn 0.489178 -0.769347 0.410864
vn 0.498734 0.386397 0.775862
vn 0.498734 0.386397 0.775862
vn 0.439031 0.394366 0.807296
vn 0.406001 0.397908 0.822698
vn -0.001462 -0.999998 0.001579
vn -0.001465 -0.999998 0.001576
vn -0.821283 0.554200 -0.135488
vn -0.821283 0.554200 -0.135488
vn -0.785765 0.509155 -0.351190
vn -0.783399 0.506690 -0.359932
vn -0.531961 -0.771950 0.348010
vn -0.531961 -0.771950 0.348010
vn -0.085137 -0.757360 -0.647424
vn -0.012370 -0.683310 -0.730024
vn 0.871861 -0.468531 0.142609
vn 0.871861 -0.468531 0.142609
vn 0.897839 -0.361053 0.252042
vn 0.899157 -0.350568 0.261953
vn 0.151823 0.612409 0.775826
vn 0.151823 0.612409 0.775826
vn 0.116775 0.752669 0.647961
vn 0.107801 0.781905 0.614006
vn 0.469601 -0.316679 -0.824130
vn 0.469601 -0.316679 -0.824130
vn 0.699362 0.353462 -0.621255
vn 0.701219 0.453616 -0.550022
vn 0.960272 0.153182 0.233268
vn 0.960272 0.153182 0.233268
vn 0.756914 0.273141 0.593697
vn 0.703448 0.289971 0.648905
vn -0.211707 -0.936036 0.281101
vn -0.211707 -0.936036 0.281101
vn -0.580770 -0.737080 0.345571
vn -0.636904 -0.686574 0.350670
vn 0.695260 -0.700805 -0.159643
vn 0.695260 -0.700805 -0.159643
vn -0.191667 -0.592470 -0.782460
vn -0.421300 -0.427603 -0.799789
vn 0.718342 0.695018 -0.030566
vn 0.718342 0.695018 -0.030566
vn 0.754535 0.629749 0.184646
vn 0.755370 0.625329 0.195908
vn 0.134648 -0.074565 0.988084
vn 0.134648 -0.074565 0.988084
vn -0.042710 -0.233643 0.971384
vn -0.053355 -0.242834 0.968599
vn -0.796992 -0.601515 0.054623
vn -0.796992 -0.601515 0.054623
vn -0.808339 -0.563287 -0.171161
vn -0.807876 -0.560989 -0.180630
vn -0.208676 0.191613 -0.959030
vn -0.208676 0.191613 -0.959030
vn -0.015835 0.300598 -0.953619
vn -0.007944 0.304735 -0.952404
vn 0.775193 -0.629653 0.051122
vn 0.775193 -0.629653 0.051122
vn 0.648328 -0.458388 0.607908
vn 0.635424 -0.445012 0.631031
vn -0.468281 -0.421264 0.776692
vn -0.468281 -0.421264 0.776692
vn -0.725113 -0.349939 0.593088
vn -0.725161 -0.349919 0.593042
vn -0.881362 0.341736 -0.326216
vn -0.881362 0.341736 -0.326216
vn -0.768468 0.414369 -0.487602
vn -0.764424 0.416331 -0.492265
vn 0.429768 0.611324 -0.664516
vn 0.429768 0.611324 -0.664516
vn 0.705726 0.452953 -0.544779
vn 0.716628 0.444276 -0.537647
vn 0.273420 -0.714020 0.644529
vn 0.273420 -0.714020 0.644529
vn 0.019097 -0.661761 0.749472
vn 0.027119 -0.664196 0.747067
vn -0.765581 0.283607 0.577453
vn -0.765581 0.283607 0.577453
vn -0.692128 0.525684 0.494586
vn -0.696163 0.516355 0.498734
vn -0.192278 0.809871 -0.554201
vn -0.192278 0.809871 -0.554201
vn 0.016266 0.708391 -0.705633
vn 0.009102 0.712791 -0.701317
vn 0.701446 -0.372641 -0.607546
vn 0.701446 -0.372641 -0.607546
vn 0.720793 -0.542875 -0.430980
vn 0.720698 -0.547538 -0.425202
vn 0.142891 0.279547 0.949440
vn 0.161351 -0.192978 0.967846
vn 0.175184 0.009149 0.984493
vn 0.160199 0.449203 0.878950
vn 0.202812 0.977430 0.059147
vn 0.183278 0.939890 0.288124
vn 0.251568 0.967830 0.004372
vn 0.223966 0.910937 -0.346457
vn 0.274762 0.103748 -0.955899
vn 0.348064 0.266236 -0.898871
vn 0.236151 -0.013919 -0.971617
vn 0.100784 -0.448951 -0.887855
vn 0.046027 -0.965392 0.256709
vn 0.015001 -0.961263 -0.275224
vn 0.053003 -0.995238 0.081800
vn 0.019430 -0.843917 0.536122
vn 0.509855 -0.529400 0.678073
vn 0.509855 -0.529400 0.678073
vn -0.715994 -0.682757 -0.145589
vn -0.715994 -0.682757 -0.145589
vn -0.678265 -0.528370 0.510668
vn -0.678265 -0.528370 0.510668
vn 0.145457 -0.684990 -0.713885
vn 0.145457 -0.684990 -0.713884
vn -0.511405 -0.530050 -0.676396
vn -0.511405 -0.530050 -0.676396
vn 0.713968 -0.684439 0.147627
vn 0.713968 -0.684439 0.147627
vn 0.676476 -0.531553 -0.509737
vn 0.676476 -0.531553 -0.509737
vn -0.147535 -0.682282 0.716048
vn -0.147535 -0.682282 0.716048
vn 0.250714 0.511834 0.821686
vn 0.028519 0.566365 0.823661
vn -0.893322 0.029862 -0.448424
vn -0.876014 0.007659 -0.482226
vn -0.816405 0.515762 0.259754
vn -0.815097 0.570779 0.099136
vn 0.449260 0.026108 -0.893019
vn 0.442807 0.034889 -0.895938
vn -0.264039 0.515298 -0.815323
vn -0.360316 0.818225 -0.447974
vn 0.892870 0.027511 0.449473
vn 0.888037 0.016159 0.459488
vn 0.814485 0.514190 -0.268745
vn 0.868920 0.468605 -0.159333
vn -0.453993 0.031491 0.890449
vn -0.507482 0.098084 0.856062
vn -0.305514 0.779893 0.546287
vn -0.279672 0.910165 0.305588
vn -0.593810 -0.271702 -0.757343
vn -0.499925 -0.465357 -0.730423
vn -0.558395 0.432815 -0.707719
vn -0.567006 0.143343 -0.811145
vn -0.041192 -0.998163 0.044433
vn -0.221701 -0.969886 0.100847
vn 0.537687 -0.839387 0.079514
vn 0.651365 -0.737271 0.179317
vn 0.664246 0.382636 0.642158
vn 0.499286 0.429571 0.752451
vn 0.906423 -0.026982 0.421508
vn 0.874685 0.145104 0.462462
vn -0.614947 0.690238 0.381329
vn -0.661497 0.715886 0.223446
vn -0.614639 -0.143745 -0.775600
vn -0.196637 0.210114 -0.957698
vn 0.932506 -0.234788 -0.274421
vn 0.989655 0.143459 -0.001654
vn 0.890245 0.183732 -0.416781
vn 0.800583 0.590053 -0.104426
vn 0.093207 -0.405981 0.909116
vn 0.086293 -0.418514 0.904102
vn -0.141622 -0.393824 0.908210
vn -0.243719 -0.426330 0.871116
vn 0.230430 -0.880481 -0.414313
vn -0.216125 -0.843392 -0.491914
vn 0.666436 -0.473349 -0.576024
vn -0.767909 -0.639211 -0.041520
vn 0.239442 -0.969658 -0.049307
vn 0.424209 0.055129 -0.903885
vn 0.060820 0.497419 -0.865376
vn 0.276556 0.612320 -0.740663
vn 0.594362 0.265288 0.759181
vn 0.460983 0.078391 0.883940
vn 0.650924 0.644311 0.401450
vn 0.582954 0.507836 0.634245
vn -0.497275 -0.592104 0.634138
vn -0.504407 -0.608245 0.612871
vn -0.624173 -0.686810 0.372425
vn -0.633781 -0.684680 0.359909
vn -0.561032 -0.291461 -0.774786
vn -0.395439 -0.152631 -0.905722
vn -0.840283 -0.410318 -0.354350
vn -0.765972 -0.292315 -0.572572
vn 0.537652 0.597622 -0.594793
vn 0.685382 0.605852 -0.403975
vn 0.817075 0.442952 -0.369028
vn 0.965290 0.236825 -0.110136
vn 0.184028 -0.703602 0.686351
vn -0.201472 -0.620064 0.758241
vn 0.566684 -0.344714 0.748360
vn 0.283737 -0.455280 0.843928
vn -0.990952 -0.121580 0.056847
vn -0.993948 -0.109397 0.009996
vn -0.979309 0.081532 -0.185221
vn -0.964039 0.125213 -0.234415
vn -0.217888 0.584640 -0.781487
vn -0.195347 0.583503 -0.788266
vn 0.107155 0.554273 -0.825409
vn 0.128298 0.553908 -0.822633
vn 0.971301 -0.183670 -0.151129
vn 0.963897 -0.221068 0.148430
vn 0.697754 -0.645275 -0.311063
vn 0.627095 -0.778240 0.033078
vn -0.537775 -0.129902 0.833021
vn -0.654109 0.114973 0.747611
vn -0.145059 -0.493706 0.857445
vn -0.338855 -0.235864 0.910794
vn -0.621066 0.756140 -0.206229
vn -0.428395 0.813917 -0.392449
vn -0.749637 0.607519 0.262613
vn -0.549520 0.834071 0.048501
vn 0.525556 0.176753 -0.832195
vn 0.530755 0.169755 -0.830351
vn 0.589751 -0.147181 -0.794060
vn 0.586723 -0.138252 -0.797899
vn 0.591392 -0.797931 0.116454
vn 0.363787 -0.879939 0.305560
vn 0.005170 -0.467444 -0.884008
vn 0.005170 -0.467444 -0.884008
vn 0.176664 -0.580130 -0.795135
vn 0.197636 -0.592267 -0.781127
vn -0.286075 -0.779026 -0.557925
vn -0.241032 -0.963467 0.116768
vn 0.374099 0.906809 -0.194285
vn 0.374099 0.906809 -0.194285
vn 0.370274 0.826380 -0.424256
vn 0.367160 0.806121 -0.464071
vn 0.154024 0.530397 -0.833640
vn -0.067210 -0.083556 -0.994234
vn 0.138962 0.372420 0.917602
vn 0.138962 0.372420 0.917602
vn 0.243473 0.459629 0.854086
vn 0.255281 0.469107 0.845441
vn 0.057074 0.846210 0.529785
vn 0.011172 0.998947 -0.044490
vn 0.170585 -0.911362 0.374594
vn 0.170585 -0.911362 0.374594
vn 0.167417 -0.833881 0.525942
vn 0.167010 -0.827500 0.536052
vn 0.066276 -0.481399 0.873992
vn -0.068653 0.213649 0.974495
vn 0.514982 0.372318 0.772123
vn 0.514982 0.372318 0.772123
vn 0.514982 0.372318 0.772123
vn 0.514982 0.372318 0.772123
vn 0.416001 -0.804941 0.423100
vn 0.416001 -0.804941 0.423100
vn 0.416001 -0.804941 0.423100
vn 0.416001 -0.804941 0.423100
vn 0.477547 -0.462243 -0.747182
vn 0.477547 -0.462243 -0.747182
vn 0.477547 -0.462243 -0.747182
vn 0.477547 -0.462243 -0.747182
vn 0.581603 0.707386 -0.401675
vn 0.581603 0.707386 -0.401675
vn 0.581603 0.707386 -0.401675
vn 0.581603 0.707386 -0.401675
vn 0.296029 -0.948273 -0.114652
vn 0.996285 -0.084411 0.017069
vn 0.318826 -0.571741 0.755951
vn -0.059983 0.997048 0.047931
vn -0.059983 0.997048 0.047931
vn -0.059983 0.997048 0.047931
vn -0.059983 0.997048 0.047931
vn 0.086084 -0.162662 0.982920
vn 0.086084 -0.162662 0.982920
vn 0.086084 -0.162662 0.982919
vn 0.086084 -0.162662 0.982920
vn 0.187603 -0.974618 -0.122167
vn 0.187603 -0.974618 -0.122167
vn 0.187603 -0.974618 -0.122167
vn 0.187603 -0.974618 -0.122167
vn 0.015992 0.113805 -0.993375
vn 0.015992 0.113805 -0.993374
vn 0.015992 0.113805 -0.993374
vn 0.015992 0.113805 -0.993375
vn -0.182007 -0.011391 0.983231
vn -0.182007 -0.011391 0.983231
vn -0.182007 -0.011391 0.983231
vn -0.182007 -0.011391 0.983231
vn 0.044404 -0.985272 -0.165126
vn 0.044404 -0.985272 -0.165126
vn 0.044404 -0.985272 -0.165126
vn 0.044404 -0.985272 -0.165126
vn 0.323600 0.123998 -0.938034
vn 0.323600 0.123998 -0.938034
vn 0.323600 0.123998 -0.938034
vn 0.323600 0.123998 -0.938034
vn 0.066044 0.990251 0.122640
vn 0.066044 0.990251 0.122640
vn 0.066044 0.990251 0.122640
vn 0.066044 0.990251 0.122640
vn -0.246278 -0.969198 0.001628
vn -0.246278 -0.969198 0.001628
vn -0.246278 -0.969198 0.001628
vn -0.246278 -0.969198 0.001628
vn 0.183286 0.165235 -0.969074
vn 0.183286 0.165235 -0.969074
vn 0.183286 0.165235 -0.969074
vn 0.183286 0.165235 -0.969074
vn 0.373263 0.907340 0.193415
vn 0.373263 0.907340 0.193415
vn 0.373263 0.907340 0.193415
vn 0.373263 0.907340 0.193415
vn -0.067308 -0.122665 0.990163
vn -0.067308 -0.122665 0.990163
vn -0.067308 -0.122665 0.990163
vn -0.067308 -0.122665 0.990163
vn -0.123824 0.061864 -0.990374
vn -0.123824 0.061864 -0.990374
vn -0.123824 0.061864 -0.990374
vn -0.123824 0.061864 -0.990374
vn 0.219777 0.963034 0.155768
vn 0.219777 0.963034 0.155768
vn 0.219777 0.963034 0.155768
vn 0.219777 0.963034 0.155768
vn 0.237185 -0.154508 0.959099
vn 0.237185 -0.154508 0.959099
vn 0.237185 -0.154508 0.959099
vn 0.237185 -0.154508 0.959099
vn -0.117896 -0.986147 -0.116682
vn -0.117896 -0.986147 -0.116682
vn -0.117896 -0.986147 -0.116682
vn -0.117896 -0.986147 -0.116682
vn 0.445761 0.712997 0.541233
vn 0.344637 -0.158790 0.925209
vn 0.330877 -0.783116 -0.526545
vn 0.414178 0.094245 -0.905304
vn 0.454758 0.491576 -0.742663
vn 0.458992 0.877011 0.142046
vn 0.258379 0.510476 0.820155
vn 0.258379 0.510476 0.820155
vn 0.258379 0.510476 0.820155
vn 0.289133 0.448079 0.845948
vn 0.093241 0.232172 0.968195
vn 0.071492 0.214794 0.974039
vn 0.265904 -0.585455 -0.765857
vn 0.282140 -0.599460 -0.749029
vn 0.549988 -0.677195 -0.488795
vn 0.256600 -0.572223 -0.778921
vn 0.371671 0.246224 0.895117
vn 0.371671 0.246224 0.895117
vn 0.690053 -0.349114 0.633993
vn 0.597290 -0.177271 0.782189
vn 0.771171 0.623645 0.127915
vn -0.902707 0.376475 -0.208295
vn 0.692777 0.637894 0.336379
vn 0.938910 0.007109 0.344088
vn 0.963726 -0.130134 -0.233019
vn -0.425949 0.094356 -0.899814
vn -0.736244 0.147234 -0.660506
vn -0.771821 0.624796 0.117990
vn -0.771821 0.624796 0.117990
vn -0.771821 0.624796 0.117990
vn -0.771821 0.624796 0.117990
vn -0.852575 -0.461638 0.244961
vn -0.852575 -0.461639 0.244961
vn -0.852575 -0.461639 0.244961
vn -0.852575 -0.461638 0.244961
vn -0.600791 -0.770323 0.213665
vn -0.600791 -0.770323 0.213665
vn -0.600791 -0.770323 0.213665
vn -0.600791 -0.770323 0.213665
vn -0.137588 -0.984858 0.105470
vn -0.137588 -0.984858 0.105470
vn -0.137588 -0.984858 0.105470
vn -0.137588 -0.984858 0.105470
vn -0.308718 -0.949968 0.047482
vn -0.308718 -0.949968 0.047482
vn -0.308718 -0.949968 0.047482
vn -0.308718 -0.949968 0.047482
vn 0.673371 -0.263704 -0.690675
vn 0.673371 -0.263704 -0.690675
vn 0.673371 -0.263704 -0.690675
vn 0.673371 -0.263704 -0.690675
vn 0.512160 0.847242 -0.140977
vn 0.512160 0.847242 -0.140977
vn 0.512160 0.847242 -0.140977
vn 0.512160 0.847241 -0.140977
vn 0.070836 0.988478 -0.133767
vn 0.070836 0.988478 -0.133767
vn 0.070836 0.988478 -0.133767
vn 0.070836 0.988478 -0.133767
vn -0.618372 0.783578 -0.060174
vn -0.618372 0.783578 -0.060174
vn -0.618372 0.783578 -0.060174
vn -0.618372 0.783578 -0.060174
vn -0.806047 -0.072889 -0.587346
vn 0.071729 0.897147 -0.435870
vn -0.680873 -0.565106 -0.465905
vn 0.572440 -0.691399 0.440771
vn 0.572440 -0.691399 0.440771
vn 0.572440 -0.691399 0.440771
vn 0.572440 -0.691399 0.440771
vn 0.484601 -0.673171 0.558572
vn 0.484601 -0.673171 0.558572
vn 0.484601 -0.673171 0.558572
vn 0.484601 -0.673171 0.558572
vn 0.914229 0.382901 -0.132560
vn 0.914229 0.382901 -0.132560
vn 0.914229 0.382901 -0.132560
vn 0.914229 0.382901 -0.132560
vn 0.057859 0.755066 -0.653091
vn 0.057859 0.755066 -0.653091
vn 0.057859 0.755066 -0.653091
vn 0.057859 0.755066 -0.653091
vn -0.267516 -0.544495 0.794959
vn -0.267516 -0.544495 0.794959
vn -0.267516 -0.544495 0.794959
vn -0.267516 -0.544495 0.794959
vn -0.838723 -0.160354 0.520413
vn -0.838723 -0.160354 0.520413
vn -0.838723 -0.160354 0.520413
vn -0.838723 -0.160354 0.520413
vn 0.526961 -0.212895 0.822792
vn 0.526961 -0.212895 0.822793
vn 0.526961 -0.212895 0.822792
vn 0.526961 -0.212895 0.822793
vn 0.882500 -0.164684 0.440537
vn 0.882500 -0.164684 0.440537
vn 0.882500 -0.164684 0.440537
vn 0.882500 -0.164684 0.440537
vn 0.122716 -0.420897 -0.898769
vn 0.122716 -0.420897 -0.898769
vn 0.122716 -0.420897 -0.898769
vn 0.122716 -0.420897 -0.898769
vn -0.553625 0.064904 -0.830233
vn -0.553625 0.064904 -0.830233
vn -0.553625 0.064904 -0.830233
vn -0.553625 0.064904 -0.830233
vn 0.941697 -0.008608 0.336352
vn 0.941697 -0.008608 0.336352
vn 0.941697 -0.008608 0.336352
vn 0.941697 -0.008608 0.336352
vn 0.751291 -0.188538 0.632468
vn 0.751291 -0.188538 0.632468
vn 0.751291 -0.188538 0.632468
vn 0.751291 -0.188538 0.632468
vn -0.459659 0.390326 0.797721
vn -0.459659 0.390326 0.797721
vn -0.459659 0.390326 0.797721
vn -0.459659 0.390326 0.797721
vn -0.887909 0.290021 -0.357078
vn -0.887909 0.290021 -0.357078
vn -0.887909 0.290021 -0.357078
vn -0.887909 0.290021 -0.357078
vn 0.791539 -0.191559 0.580319
vn 0.791539 -0.191559 0.580320
vn 0.791539 -0.191559 0.580320
vn 0.791539 -0.191559 0.580320
vn 0.851529 -0.268835 0.450141
vn 0.851529 -0.268835 0.450141
vn 0.851529 -0.268835 0.450141
vn 0.851529 -0.268835 0.450141
vn 0.573781 -0.366561 -0.732399
vn 0.573781 -0.366561 -0.732399
vn 0.573781 -0.366561 -0.732399
vn 0.573781 -0.366561 -0.732399
vn -0.711351 0.153320 -0.685911
vn -0.711351 0.153320 -0.685911
vn -0.711351 0.153320 -0.685911
vn -0.711351 0.153320 -0.685911
vn -0.554483 0.137785 -0.820710
vn -0.554483 0.137785 -0.820709
vn -0.554483 0.137785 -0.820710
vn -0.554483 0.137785 -0.820709
vn -0.741789 -0.061574 0.667801
vn -0.741789 -0.061574 0.667801
vn -0.741789 -0.061574 0.667801
vn -0.741789 -0.061574 0.667801
vn -0.741789 -0.061574 0.667801
vn -0.741789 -0.061574 0.667801
vn -0.776083 -0.358923 0.518526
vn -0.776083 -0.358923 0.518526
vn -0.776083 -0.358923 0.518526
vn -0.776083 -0.358923 0.518526
vn -0.776083 -0.358923 0.518526
vn -0.776083 -0.358923 0.518526
vn -0.947889 0.138271 -0.287032
vn -0.947889 0.138271 -0.287032
vn -0.947889 0.138271 -0.287032
vn -0.947889 0.138271 -0.287032
vn -0.947889 0.138271 -0.287032
vn -0.947889 0.138271 -0.287032
vn -0.610290 0.031438 0.791554
vn -0.610290 0.031438 0.791554
vn -0.610290 0.031438 0.791554
vn -0.610290 0.031438 0.791554
vn -0.610290 0.031438 0.791554
vn -0.610290 0.031438 0.791554
vn -0.784199 -0.378854 -0.491429
vn 0.635502 0.736166 0.232802
vn -0.300107 0.762098 -0.573710
vn 0.100171 0.977915 -0.183434
vn 0.602553 0.787657 0.128557
vn 0.264915 -0.929247 -0.257526
vn -0.760099 -0.382853 -0.525046
vn -0.760099 -0.382853 -0.525046
vn -0.760099 -0.382853 -0.525046
vn -0.760099 -0.382853 -0.525046
vn -0.873428 -0.297255 -0.385698
vn -0.873428 -0.297255 -0.385698
vn -0.873428 -0.297255 -0.385698
vn -0.873428 -0.297255 -0.385698
vn 0.761785 0.447678 0.468261
vn 0.761785 0.447678 0.468261
vn 0.761785 0.447678 0.468261
vn 0.761785 0.447678 0.468261
vn -0.511320 0.853841 -0.097505
vn -0.511319 0.853842 -0.097505
vn -0.511319 0.853841 -0.097505
vn -0.511319 0.853841 -0.097505
vn 0.692209 -0.496052 0.524193
vn 0.692209 -0.496052 0.524193
vn 0.692210 -0.496052 0.524193
vn 0.692210 -0.496052 0.524193
vn 0.348610 -0.911066 0.220067
vn 0.348610 -0.911066 0.220067
vn 0.348610 -0.911066 0.220067
vn 0.348610 -0.911066 0.220067
vn -0.787175 -0.506667 -0.351631
vn -0.787175 -0.506667 -0.351631
vn -0.787175 -0.506667 -0.351631
vn -0.787175 -0.506667 -0.351631
vn 0.787549 0.436722 0.434789
vn 0.787548 0.436722 0.434789
vn 0.787548 0.436722 0.434789
vn 0.787549 0.436722 0.434789
vn -0.703684 -0.626311 -0.335505
vn -0.703684 -0.626311 -0.335505
vn -0.703684 -0.626311 -0.335505
vn -0.703684 -0.626311 -0.335505
vn -0.805517 -0.525031 -0.274745
vn -0.805517 -0.525031 -0.274745
vn -0.805517 -0.525031 -0.274745
vn -0.805517 -0.525031 -0.274745
vn 0.682042 0.683399 0.260355
vn 0.682042 0.683399 0.260355
vn 0.682042 0.683399 0.260355
vn 0.682042 0.683399 0.260355
vn -0.506963 0.728880 0.460134
vn -0.506963 0.728880 0.460134
vn -0.506963 0.728880 0.460134
vn -0.506963 0.728880 0.460134
vn -0.226922 -0.815300 -0.532721
vn -0.226922 -0.815300 -0.532721
vn -0.226922 -0.815300 -0.532721
vn -0.226922 -0.815300 -0.532721
vn 0.728970 -0.544686 -0.414632
vn 0.728970 -0.544686 -0.414632
vn 0.728970 -0.544686 -0.414632
vn 0.728970 -0.544686 -0.414632
vn -0.701321 -0.671461 -0.239351
vn -0.701321 -0.671461 -0.239351
vn -0.701321 -0.671461 -0.239351
vn -0.701321 -0.671461 -0.239351
vn 0.719508 0.609491 0.332909
vn 0.719509 0.609491 0.332909
vn 0.719508 0.609491 0.332909
vn 0.719509 0.609491 0.332909
vn 0.212472 0.614482 -0.759782
vn 0.212472 0.614482 -0.759782
vn 0.212472 0.614482 -0.759782
vn 0.281416 0.529089 -0.800543
vn 0.505330 0.225249 -0.833009
vn 0.477025 0.301557 -0.825536
vn -0.636870 0.583887 -0.503461
vn -0.634349 0.577182 -0.514259
vn -0.317504 0.652105 -0.688441
vn -0.275439 0.662356 -0.696720
vn 0.432154 0.291965 -0.853229
vn 0.432154 0.291965 -0.853229
vn 0.321418 0.500849 -0.803642
vn 0.739159 0.029516 -0.672884
vn 0.684966 -0.727883 -0.031750
vn -0.659229 0.690345 -0.298062
vn -0.831163 -0.555833 0.014749
vn 0.231211 -0.924012 0.304538
vn -0.674051 0.735152 0.072157
vn 0.440442 0.663095 0.605240
vn -0.038974 0.826206 -0.562019
vn 0.454126 0.775750 0.438157
vn 0.454126 0.775750 0.438157
vn 0.454126 0.775750 0.438157
vn 0.454126 0.775750 0.438157
vn 0.899010 -0.402026 -0.173654
vn 0.899010 -0.402026 -0.173654
vn 0.899010 -0.402026 -0.173654
vn 0.899010 -0.402026 -0.173654
vn -0.754882 -0.537133 -0.376352
vn -0.754882 -0.537133 -0.376352
vn -0.754882 -0.537133 -0.376352
vn -0.754882 -0.537133 -0.376352
vn 0.781137 -0.552905 -0.290036
vn 0.781137 -0.552905 -0.290036
vn 0.781137 -0.552905 -0.290036
vn 0.781137 -0.552905 -0.290036
vn 0.080026 -0.822403 -0.563249
vn 0.080026 -0.822403 -0.563249
vn 0.080026 -0.822403 -0.563249
vn 0.080026 -0.822403 -0.563249
vn -0.997495 0.050333 0.049694
vn -0.997495 0.050333 0.049694
vn -0.997495 0.050333 0.049694
vn -0.997495 0.050333 0.049694
vn 0.389460 0.920483 -0.032113
vn 0.389460 0.920483 -0.032113
vn 0.389460 0.920483 -0.032113
vn 0.389460 0.920483 -0.032113
vn 0.806609 -0.563581 -0.178212
vn 0.806609 -0.563581 -0.178212
vn 0.806609 -0.563581 -0.178212
vn 0.806608 -0.563581 -0.178212
vn -0.816359 -0.560666 0.138605
vn -0.816359 -0.560666 0.138605
vn -0.816359 -0.560666 0.138605
vn -0.816359 -0.560666 0.138605
vn 0.408502 -0.902751 -0.134782
vn 0.408502 -0.902751 -0.134782
vn 0.408502 -0.902751 -0.134782
vn 0.408502 -0.902751 -0.134782
vn -0.308677 -0.947853 0.079328
vn -0.308677 -0.947853 0.079328
vn -0.308677 -0.947853 0.079328
vn -0.308677 -0.947853 0.079328
vn -0.935337 0.305021 0.179184
vn -0.935337 0.305021 0.179184
vn -0.935337 0.305021 0.179184
vn -0.935337 0.305021 0.179184
vn -0.866140 -0.363452 0.343081
vn -0.866140 -0.363452 0.343081
vn -0.866140 -0.363452 0.343081
vn -0.866140 -0.363452 0.343081
vn 0.146107 0.805018 -0.574978
vn 0.146107 0.805017 -0.574978
vn 0.146107 0.805017 -0.574978
vn 0.146107 0.805017 -0.574978
vn 0.371410 0.753304 -0.542759
vn 0.371410 0.753304 -0.542759
vn 0.371410 0.753304 -0.542759
vn 0.371410 0.753304 -0.542759
vn 0.914327 -0.332174 0.231660
vn 0.914327 -0.332174 0.231660
vn 0.914327 -0.332174 0.231660
vn 0.914327 -0.332174 0.231660
vn -0.756354 0.562779 -0.333481
vn -0.756354 0.562779 -0.333481
vn -0.756354 0.562779 -0.333481
vn -0.756354 0.562779 -0.333481
vn 0.296680 -0.771352 0.563025
vn 0.296680 -0.771352 0.563025
vn 0.296680 -0.771352 0.563025
vn 0.296680 -0.771352 0.563025
vn -0.084250 -0.803418 0.589425
vn -0.084250 -0.803418 0.589425
vn -0.084250 -0.803418 0.589425
vn -0.084250 -0.803418 0.589425
vn -0.933332 0.282787 -0.221185
vn -0.933332 0.282787 -0.221185
vn -0.933332 0.282787 -0.221185
vn -0.933332 0.282787 -0.221185
vn -0.680761 0.625189 0.381710
vn -0.680761 0.625189 0.381710
vn -0.680761 0.625189 0.381710
vn -0.680761 0.625189 0.381710
vn -0.680761 0.625189 0.381710
vn -0.680761 0.625189 0.381710
vn 0.130144 0.854169 0.503447
vn 0.130144 0.854169 0.503447
vn 0.130144 0.854169 0.503447
vn 0.130144 0.854169 0.503447
vn 0.130144 0.854169 0.503447
vn 0.130144 0.854169 0.503447
vn 0.343255 0.938327 -0.041448
vn 0.343255 0.938327 -0.041448
vn 0.343255 0.938327 -0.041448
vn 0.343255 0.938327 -0.041448
vn 0.343255 0.938327 -0.041448
vn 0.343255 0.938327 -0.041448
vn -0.640766 0.747441 0.175357
vn -0.640766 0.747441 0.175357
vn -0.640766 0.747441 0.175357
vn -0.640767 0.747441 0.175357
vn -0.640766 0.747441 0.175357
vn -0.640766 0.747441 0.175357
vn 0.227791 0.772930 -0.592192
vn -0.575252 0.081771 0.813879
vn 0.409140 -0.268887 0.871954
vn 0.617734 -0.317815 0.719304
vn 0.949828 0.129819 0.284557
vn 0.660701 0.621449 -0.421040
vn -0.953058 -0.137886 0.269569
vn -0.953058 -0.137886 0.269569
vn -0.953058 -0.137886 0.269569
vn -0.953058 -0.137886 0.269569
vn -0.241360 0.386910 -0.889970
vn -0.241360 0.386910 -0.889970
vn -0.241360 0.386910 -0.889970
vn -0.241360 0.386910 -0.889970
vn 0.954068 -0.131409 0.269233
vn 0.954068 -0.131409 0.269233
vn 0.954068 -0.131409 0.269233
vn 0.954068 -0.131409 0.269233
vn 0.435326 -0.412779 0.800065
vn 0.435326 -0.412779 0.800065
vn 0.435326 -0.412779 0.800065
vn 0.435326 -0.412779 0.800065
vn 0.809723 -0.136151 0.570798
vn 0.809724 -0.136151 0.570798
vn 0.809724 -0.136151 0.570798
vn 0.809724 -0.136151 0.570798
vn 0.823968 0.289985 -0.486811
vn 0.823968 0.289985 -0.486811
vn 0.823968 0.289985 -0.486811
vn 0.823968 0.289985 -0.486811
vn 0.384779 0.365956 -0.847361
vn 0.384779 0.365956 -0.847362
vn 0.384779 0.365956 -0.847362
vn 0.384779 0.365956 -0.847361
vn -0.790753 -0.294293 0.536750
vn -0.790753 -0.294293 0.536750
vn -0.790753 -0.294293 0.536750
vn -0.790753 -0.294293 0.536750
vn -0.992503 0.112569 -0.047609
vn -0.992503 0.112569 -0.047609
vn -0.992503 0.112569 -0.047609
vn -0.992503 0.112569 -0.047609
vn -0.221615 0.498571 -0.838042
vn -0.221615 0.498571 -0.838041
vn -0.221615 0.498571 -0.838042
vn -0.221615 0.498571 -0.838041
vn -0.450226 -0.368287 0.813425
vn -0.450226 -0.368287 0.813425
vn -0.450226 -0.368287 0.813425
vn -0.450226 -0.368287 0.813425
vn 0.995500 0.066108 -0.067893
vn 0.995500 0.066108 -0.067893
vn 0.995500 0.066108 -0.067893
vn 0.995500 0.066108 -0.067893
vn 0.777243 -0.327878 0.537018
vn 0.777243 -0.327878 0.537018
vn 0.777243 -0.327878 0.537018
vn 0.777243 -0.327878 0.537018
vn 0.913565 0.106329 -0.392547
vn 0.913565 0.106329 -0.392547
vn 0.913565 0.106329 -0.392547
vn 0.913565 0.106329 -0.392547
vn 0.090816 0.467652 -0.879235
vn 0.090816 0.467652 -0.879235
vn 0.090816 0.467652 -0.879235
vn 0.090816 0.467652 -0.879235
vn -0.945487 -0.132659 0.297414
vn -0.945487 -0.132659 0.297414
vn -0.945487 -0.132659 0.297414
vn -0.945487 -0.132659 0.297414
vn -0.873615 -0.158448 0.460098
vn -0.873615 -0.158448 0.460098
vn -0.873615 -0.158448 0.460098
vn -0.878656 -0.166843 0.447357
vn -0.976627 -0.007243 0.214820
vn -0.967480 -0.023593 0.251845
vn -0.286300 -0.272255 0.918645
vn -0.313026 -0.304474 0.899617
vn -0.487297 -0.430013 0.760020
vn -0.450965 -0.391027 0.802327
vn -0.897173 -0.201277 0.393151
vn -0.897173 -0.201277 0.393151
vn 0.838435 0.525685 0.143815
vn -0.637857 0.653753 0.407118
vn 0.840036 0.143446 -0.523224
vn -0.602005 -0.347644 -0.718842
vn 0.208484 -0.524997 -0.825174
vn 0.949377 0.273615 -0.154335
vn 0.164564 0.139222 0.976492
vn 0.164564 0.139222 0.976492
vn 0.164564 0.139222 0.976492
vn 0.164564 0.139222 0.976492
vn -0.256759 0.105889 -0.960657
vn -0.256759 0.105889 -0.960657
vn -0.256759 0.105889 -0.960657
vn -0.256759 0.105889 -0.960657
vn 0.195450 -0.980713 0.000588
vn 0.902264 -0.304124 0.305659
vn 0.442489 -0.294023 0.847204
vn 0.221635 -0.270290 0.936921
vn 0.221635 -0.270290 0.936921
vn 0.221635 -0.270290 0.936921
vn 0.221635 -0.270290 0.936921
vn -0.178572 0.612018 -0.770419
vn -0.178572 0.612018 -0.770419
vn -0.178572 0.612018 -0.770419
vn -0.178572 0.612018 -0.770419
vn -0.002425 0.998271 0.058726
vn -0.002425 0.998271 0.058726
vn -0.002425 0.998271 0.058726
vn -0.002425 0.998271 0.058726
vn -0.184106 -0.241637 -0.952742
vn -0.184106 -0.241637 -0.952742
vn -0.184106 -0.241637 -0.952741
vn -0.184106 -0.241637 -0.952742
vn -0.246881 0.119908 0.961599
vn -0.246881 0.119908 0.961599
vn -0.246881 0.119908 0.961599
vn -0.246881 0.119908 0.961599
vn 0.586666 0.057791 -0.807764
vn 0.586666 0.057791 -0.807764
vn 0.586666 0.057791 -0.807764
vn 0.586666 0.057791 -0.807764
vn -0.618787 -0.320497 0.717206
vn -0.618787 -0.320497 0.717206
vn -0.618787 -0.320497 0.717206
vn -0.618787 -0.320497 0.717206
vn 0.705877 0.544027 -0.453620
vn 0.705877 0.544027 -0.453620
vn 0.705877 0.544028 -0.453620
vn 0.705877 0.544027 -0.453620
vn 0.702482 0.685978 -0.189617
vn 0.702482 0.685978 -0.189617
vn 0.702482 0.685978 -0.189617
vn 0.702482 0.685978 -0.189617
vn 0.369052 -0.138681 -0.919004
vn 0.369052 -0.138681 -0.919004
vn 0.369052 -0.138681 -0.919004
vn 0.369052 -0.138681 -0.919004
vn -0.929926 0.151907 0.334905
vn -0.929926 0.151907 0.334905
vn -0.929927 0.151907 0.334905
vn -0.929927 0.151907 0.334905
vn 0.157637 0.496890 0.853376
vn 0.157637 0.496891 0.853376
vn 0.157637 0.496890 0.853376
vn 0.157637 0.496890 0.853376
vn -0.324400 -0.403090 -0.855736
vn -0.324400 -0.403090 -0.855736
vn -0.324400 -0.403090 -0.855736
vn -0.324400 -0.403090 -0.855736
vn -0.366330 -0.365336 -0.855764
vn -0.366330 -0.365336 -0.855764
vn -0.366330 -0.365336 -0.855764
vn -0.366330 -0.365336 -0.855764
vn -0.990633 0.105518 0.086668
vn -0.990633 0.105518 0.086668
vn -0.990633 0.105518 0.086668
vn -0.990633 0.105518 0.086668
vn 0.994465 -0.093967 0.047005
vn 0.994465 -0.093967 0.047005
vn 0.994465 -0.093967 0.047005
vn 0.994465 -0.093967 0.047005
vn 0.939992 0.055373 0.336674
vn 0.939992 0.055373 0.336674
vn 0.939992 0.055373 0.336674
vn 0.939992 0.055373 0.336674
vn -0.287466 -0.336038 -0.896907
vn -0.287466 -0.336038 -0.896907
vn -0.287466 -0.336038 -0.896907
vn -0.287466 -0.336038 -0.896907
vn 0.277386 -0.931354 0.235873
vn 0.277386 -0.931354 0.235873
vn 0.277386 -0.931354 0.235873
vn 0.277386 -0.931354 0.235873
vn 0.277386 -0.931354 0.235873
vn 0.277386 -0.931354 0.235873
vn 0.233853 -0.321375 0.917623
vn 0.233853 -0.321375 0.917623
vn 0.233853 -0.321375 0.917623
vn 0.233853 -0.321375 0.917623
vn 0.233853 -0.321375 0.917623
vn 0.233853 -0.321375 0.917623
vn -0.634907 -0.355650 0.685861
vn -0.634907 -0.355650 0.685861
vn -0.634907 -0.355650 0.685861
vn -0.634907 -0.355650 0.685861
vn -0.634907 -0.355650 0.685861
vn -0.634907 -0.355650 0.685861
vn -0.613567 -0.760787 -0.211516
vn -0.613567 -0.760787 -0.211516
vn -0.613567 -0.760787 -0.211516
vn -0.613567 -0.760787 -0.211516
vn -0.613567 -0.760787 -0.211516
vn -0.613567 -0.760787 -0.211516
vn -0.187160 -0.396030 0.898961
vn -0.788785 -0.463797 0.403375
vn -0.823077 -0.507741 -0.254448
vn -0.470998 -0.409676 -0.781234
vn 0.166890 -0.344884 -0.923690
vn 0.817830 -0.339562 -0.464600
vn 0.755180 0.297331 0.584206
vn 0.755180 0.297331 0.584206
vn 0.755180 0.297331 0.584206
vn 0.755180 0.297331 0.584206
vn 0.164095 0.521771 0.837154
vn 0.164095 0.521771 0.837154
vn 0.164095 0.521771 0.837154
vn 0.164095 0.521771 0.837154
vn -0.723736 0.416870 0.549932
vn -0.723736 0.416870 0.549932
vn -0.723736 0.416870 0.549932
vn -0.723736 0.416870 0.549932
vn -0.955992 0.206700 0.208216
vn -0.955992 0.206700 0.208216
vn -0.955992 0.206700 0.208216
vn -0.955992 0.206700 0.208216
vn -0.710294 -0.329037 -0.622268
vn -0.710294 -0.329037 -0.622268
vn -0.710294 -0.329037 -0.622268
vn -0.710294 -0.329037 -0.622268
vn -0.264137 -0.472983 -0.840547
vn -0.264137 -0.472983 -0.840547
vn -0.264137 -0.472983 -0.840547
vn -0.264137 -0.472983 -0.840547
vn 0.461004 -0.480244 -0.746217
vn 0.461004 -0.480244 -0.746217
vn 0.461004 -0.480244 -0.746217
vn 0.461004 -0.480244 -0.746217
vn 0.994449 -0.021435 0.103016
vn 0.994449 -0.021435 0.103016
vn 0.994449 -0.021435 0.103016
vn 0.994449 -0.021435 0.103016
vn 0.745683 0.090555 0.660118
vn 0.745683 0.090555 0.660118
vn 0.745683 0.090555 0.660118
vn 0.745683 0.090555 0.660118
vn 0.256509 0.050282 0.965233
vn 0.256509 0.050282 0.965233
vn 0.256509 0.050282 0.965233
vn 0.256509 0.050282 0.965233
vn -0.801527 -0.042972 0.596413
vn -0.801527 -0.042972 0.596413
vn -0.801527 -0.042972 0.596413
vn -0.801527 -0.042972 0.596413
vn -0.958163 -0.045918 0.282517
vn -0.958163 -0.045918 0.282517
vn -0.958163 -0.045918 0.282517
vn -0.958163 -0.045918 0.282517
vn -0.724456 -0.090528 -0.683351
vn -0.724456 -0.090528 -0.683351
vn -0.724456 -0.090528 -0.683351
vn -0.724456 -0.090528 -0.683351
vn -0.219467 -0.091823 -0.971289
vn -0.219467 -0.091823 -0.971289
vn -0.219467 -0.091823 -0.971289
vn -0.219467 -0.091823 -0.971289
vn 0.407944 -0.049166 -0.911682
vn 0.407944 -0.049166 -0.911682
vn 0.407944 -0.049166 -0.911682
vn 0.407944 -0.049166 -0.911682
vn 0.993257 0.070681 0.091898
vn 0.993257 0.070681 0.091898
vn 0.993257 0.070681 0.091898
vn 0.993257 0.070681 0.091898
vn 0.956448 -0.197644 0.214813
vn 0.935961 -0.247529 0.250412
vn 0.588629 0.668421 -0.454675
vn 0.588629 0.668421 -0.454675
vn 0.681120 0.529677 0.505488
vn 0.502935 0.483279 0.716588
vn 0.754582 0.367820 -0.543429
vn 0.800370 0.361452 -0.478289
vn 0.904088 0.358640 0.232385
vn 0.715678 0.562506 -0.413995
vn 0.906195 0.362205 0.218216
vn 0.708308 0.571995 -0.413669
vn 0.290373 0.928739 0.230493
vn 0.161325 0.896885 0.411790
vn 0.552115 0.779163 -0.296772
vn 0.552115 0.779163 -0.296772
vn -0.722107 0.690689 -0.038852
vn -0.705057 0.709004 0.014403
vn -0.876374 0.313239 -0.365855
vn -0.466792 0.838485 -0.281156
vn -0.245874 0.965310 0.087883
vn -0.152031 0.980863 -0.121634
vn -0.218995 0.974665 0.045491
vn -0.153419 0.980664 -0.121491
vn -0.712616 0.352083 -0.606808
vn -0.721137 0.377305 -0.581036
vn -0.520994 -0.003373 -0.853554
vn -0.520994 -0.003373 -0.853554
vn -0.192887 -0.606386 -0.771421
vn -0.342891 -0.585768 -0.734372
vn 0.109598 -0.642510 -0.758400
vn 0.115443 -0.620679 -0.775519
vn -0.347735 -0.021480 -0.937347
vn 0.176434 -0.220208 -0.959364
vn -0.417148 0.046055 -0.907671
vn 0.178472 -0.192075 -0.965016
vn 0.279727 -0.588928 -0.758232
vn 0.189435 -0.620053 -0.761347
vn 0.688377 -0.350634 -0.634975
vn 0.688377 -0.350634 -0.634975
vn 0.755298 -0.582209 0.300929
vn 0.676977 -0.730941 0.086183
vn 0.809415 -0.409971 0.420443
vn 0.803896 -0.346430 0.483465
vn -0.560053 0.411084 0.719271
vn -0.331599 0.583869 0.741039
vn -0.341913 0.590514 0.731019
vn -0.888899 0.441879 0.120840
vn -0.888899 0.441879 0.120840
vn -0.640546 -0.193197 -0.743220
vn -0.736587 -0.059058 -0.673759
vn -0.683629 0.612492 -0.396869
vn -0.653318 0.631012 -0.418329
vn 0.150158 0.849025 -0.506566
vn 0.150158 0.849025 -0.506566
vn -0.703740 0.455463 0.545256
vn -0.196133 0.674441 0.711801
vn -0.214859 0.677704 0.703244
vn -0.223131 0.676226 0.702091
vn -0.822781 0.566122 0.050368
vn -0.822781 0.566122 0.050368
vn 0.434566 -0.477160 0.763853
vn 0.896035 -0.036040 0.442517
vn 0.938477 0.238193 0.250052
vn 0.937467 0.238592 0.253436
vn 0.141433 0.407194 0.902325
vn 0.141433 0.407194 0.902325
vn -0.678524 0.358365 0.641233
vn -0.709879 -0.640121 0.293798
vn -0.697953 -0.643839 0.313579
vn -0.764878 -0.615549 0.189896
vn -0.764878 -0.615549 0.189896
vn -0.579590 -0.635407 -0.510229
vn -0.543381 -0.651011 -0.530021
vn -0.526804 -0.493528 -0.692031
vn -0.580369 -0.498305 -0.644099
vn -0.806618 -0.581466 -0.106130
vn -0.846415 -0.462912 -0.263236
vn -0.826904 -0.551535 -0.109720
vn -0.855391 -0.458135 -0.241697
vn -0.408240 -0.241198 -0.880434
vn -0.432219 -0.264310 -0.862164
vn -0.220280 -0.066484 -0.973168
vn -0.220280 -0.066484 -0.973168
vn 0.409242 0.318528 -0.855021
vn 0.434705 0.308774 -0.845985
vn 0.604859 0.378878 -0.700427
vn 0.551310 0.378832 -0.743333
vn -0.090818 0.248039 -0.964484
vn 0.091730 0.316606 -0.944111
vn -0.098356 0.250859 -0.963014
vn 0.062623 0.309708 -0.948767
vn 0.722243 0.590656 -0.359849
vn 0.713241 0.586977 -0.383074
vn 0.768337 0.605170 -0.208395
vn 0.768336 0.605170 -0.208395
vn 0.792550 0.474646 0.382851
vn 0.814329 0.456724 0.358150
vn 0.676357 0.311459 0.667484
vn 0.688349 0.360425 0.629499
vn 0.696726 0.706463 0.124432
vn 0.680235 0.670761 0.295569
vn 0.686789 0.716363 0.123068
vn 0.673902 0.687246 0.271201
vn 0.377230 0.258338 0.889359
vn 0.392534 0.276076 0.877325
vn 0.198745 0.059235 0.978260
vn 0.198745 0.059235 0.978260
vn -0.360089 -0.468980 0.806470
vn -0.304673 -0.407099 0.861072
vn -0.405770 -0.564783 0.718590
vn -0.403032 -0.534716 0.742728
vn -0.815526 -0.491863 -0.304939
vn -0.814205 -0.500760 -0.293785
vn -0.807927 -0.301686 -0.506202
vn -0.807927 -0.301686 -0.506202
vn -0.342631 -0.065904 -0.937156
vn -0.300186 -0.058622 -0.952078
vn -0.116316 0.163563 -0.979652
vn -0.155739 0.153996 -0.975721
vn -0.708140 -0.205661 -0.675457
vn -0.574677 0.044282 -0.817182
vn -0.714971 -0.191813 -0.672328
vn -0.591843 0.039425 -0.805088
vn 0.097191 0.357802 -0.928726
vn 0.083385 0.351045 -0.932638
vn 0.333641 0.460767 -0.822422
vn 0.333641 0.460767 -0.822422
vn 0.722578 0.604603 -0.335166
vn 0.750330 0.592679 -0.292808
vn 0.873844 0.485198 0.031306
vn 0.853723 0.520622 -0.010474
vn 0.355133 0.653445 -0.668499
vn 0.471290 0.830877 -0.295854
vn 0.342304 0.665552 -0.663226
vn 0.443144 0.844379 -0.301077
vn 0.735881 0.610093 0.293711
vn 0.746981 0.606338 0.272714
vn 0.470775 0.616269 0.631334
vn 0.470775 0.616269 0.631334
vn 0.421764 0.045224 0.905577
vn 0.397947 -0.002322 0.917406
vn 0.194148 -0.295911 0.935277
vn 0.259709 -0.132928 0.956494
vn 0.548660 0.448318 0.705679
vn 0.383562 0.282987 0.879090
vn 0.537598 0.446756 0.715121
vn 0.384026 0.285157 0.878185
vn -0.131034 -0.323765 0.937020
vn -0.119009 -0.308920 0.943613
vn -0.303336 -0.528491 0.792896
vn -0.303336 -0.528491 0.792896
vn -0.694268 -0.689592 0.206046
vn -0.683348 -0.697676 0.215136
vn -0.769248 -0.625395 -0.130914
vn -0.774702 -0.627373 -0.078989
vn 0.764798 0.424364 -0.484767
vn 0.772009 0.426807 -0.470998
vn 0.889948 0.433976 0.140205
vn 0.889948 0.433976 0.140205
vn 0.963294 -0.163417 0.212979
vn 0.951531 -0.213533 0.221343
vn 0.757655 0.077881 0.647992
vn 0.813754 0.123526 0.567931
vn 0.974669 0.214700 -0.062641
vn 0.931464 0.172590 0.320292
vn 0.971303 0.228756 -0.065127
vn 0.932493 0.166328 0.320613
vn 0.601439 -0.444350 0.663946
vn 0.607927 -0.441764 0.659750
vn 0.367053 -0.512354 0.776380
vn 0.367053 -0.512354 0.776380
vn -0.256568 -0.591131 0.764681
vn -0.283051 -0.599866 0.748361
vn -0.672525 -0.482818 0.560889
vn -0.613804 -0.496882 0.613476
vn 0.191935 -0.483775 0.853887
vn -0.148964 -0.549846 0.821875
vn 0.188508 -0.484368 0.854314
vn -0.135187 -0.549970 0.824171
vn -0.793956 -0.302357 0.527461
vn -0.802533 -0.293987 0.519146
vn -0.944181 -0.099460 0.314055
vn -0.944181 -0.099460 0.314055
vn -0.922995 0.211731 -0.321327
vn -0.946215 0.174081 -0.272715
vn -0.798778 0.391434 -0.456873
vn -0.769190 0.405704 -0.493712
vn 0.706165 -0.586459 -0.396732
vn 0.710947 -0.577745 -0.400956
vn 0.548535 -0.792222 -0.267385
vn 0.548535 -0.792222 -0.267385
vn 0.330853 -0.885517 0.326185
vn 0.300741 -0.885689 0.353707
vn -0.233814 -0.699233 0.675577
vn -0.085836 -0.780746 0.618925
vn 0.586187 -0.804052 0.099421
vn 0.283512 -0.877608 0.386555
vn 0.570289 -0.812356 0.121854
vn 0.286063 -0.877936 0.383923
vn -0.036969 -0.627278 0.777918
vn -0.040157 -0.624476 0.780011
vn -0.257948 -0.396393 0.881099
vn -0.257948 -0.396393 0.881099
vn -0.651268 0.192572 0.734007
vn -0.678092 0.236934 0.695739
vn -0.626496 0.617901 0.475081
vn -0.619152 0.565483 0.544866
vn -0.391791 -0.133679 0.910291
vn -0.449687 0.264913 0.852996
vn -0.395683 -0.072734 0.915503
vn -0.440221 0.261098 0.859089
vn -0.650417 0.608625 0.454459
vn -0.645719 0.616754 0.450180
vn -0.460384 0.839293 0.289194
vn -0.460384 0.839293 0.289194
vn -0.335242 0.822564 -0.459350
vn -0.309166 0.805079 -0.506225
vn -0.034477 0.617691 -0.785664
vn -0.062034 0.659541 -0.749105
vn -0.475897 0.878104 -0.049564
vn -0.230528 0.899598 -0.370917
vn -0.457310 0.887080 -0.062900
vn -0.230056 0.905073 -0.357654
vn 0.068546 0.666071 -0.742732
vn 0.068249 0.666414 -0.742451
vn 0.256928 0.401796 -0.878947
vn 0.256928 0.401796 -0.878947
vn 0.600776 -0.233833 -0.764455
vn 0.600006 -0.248921 -0.760284
vn 0.587167 -0.667876 -0.457358
vn 0.617998 -0.560955 -0.550825
vn 0.023655 -0.039015 0.998959
vn 0.030898 -0.082324 0.996127
vn -0.034858 0.303737 0.952118
vn -0.034858 0.303737 0.952118
vn 0.163570 -0.762545 0.625916
vn 0.164813 -0.789122 0.591713
vn 0.144305 -0.517323 0.843536
vn 0.144305 -0.517323 0.843536
vn 0.127261 0.739643 0.660858
vn 0.171452 0.160373 0.972052
vn 0.013109 0.862100 0.506569
vn -0.127984 0.933488 -0.334993
vn -0.035478 0.928096 -0.370647
vn -0.176549 0.458021 -0.871233
vn 0.147801 0.987150 0.060741
vn 0.157209 0.981852 0.106071
vn 0.061892 0.951316 -0.301939
vn 0.061892 0.951316 -0.301939
vn 0.295840 0.547447 0.782803
vn 0.295207 0.518666 0.802396
vn 0.287105 0.759206 0.584104
vn 0.287105 0.759206 0.584104
vn 0.141705 0.660980 -0.736902
vn 0.265448 0.937260 -0.226010
vn 0.005871 0.485989 -0.873945
vn -0.234362 -0.255585 -0.937950
vn -0.174380 -0.394500 -0.902198
vn -0.329764 -0.873443 -0.358264
vn 0.073800 0.042654 -0.996360
vn 0.088208 0.086436 -0.992345
vn -0.042644 -0.297769 -0.953685
vn -0.042644 -0.297769 -0.953685
vn 0.353559 0.735143 -0.578413
vn 0.359005 0.761646 -0.539454
vn 0.294327 0.507959 -0.809537
vn 0.294327 0.507959 -0.809537
vn 0.005014 -0.707548 -0.706648
vn 0.171653 -0.176955 -0.969135
vn -0.131423 -0.856627 -0.498917
vn -0.326909 -0.894663 0.304483
vn -0.249630 -0.902008 0.352231
vn -0.309848 -0.382621 0.870400
vn -0.046638 -0.993724 -0.101670
vn -0.035236 -0.988417 -0.147619
vn -0.136269 -0.948679 0.285375
vn -0.136269 -0.948679 0.285375
vn 0.201095 -0.653316 -0.729889
vn 0.207164 -0.619664 -0.757034
vn 0.144885 -0.860457 -0.488489
vn 0.144885 -0.860457 -0.488489
vn -0.028585 -0.681757 0.731020
vn 0.047616 -0.975063 0.216761
vn -0.129730 -0.497058 0.857965
vn -0.218839 0.351015 0.910438
vn -0.112574 0.469904 0.875510
vn -0.170072 0.886352 0.430646
vn 0.553234 -0.642934 -0.529687
vn 0.296963 -0.532668 -0.792514
vn 0.788498 -0.265513 0.554774
vn 0.788498 -0.265513 0.554774
vn 0.942809 -0.278326 0.183431
vn 0.651730 -0.120976 -0.748741
vn 0.651730 -0.120976 -0.748741
vn 0.651730 -0.120976 -0.748741
vn -0.091339 0.005157 0.995807
vn -0.054628 0.069303 0.996099
vn -0.229077 -0.136494 0.963791
vn -0.207822 -0.098169 0.973228
vn -0.555775 -0.457715 0.693983
vn -0.522505 -0.433069 0.734466
vn -0.778473 -0.623299 0.074013
vn -0.778473 -0.623299 0.074013
vn -0.725742 -0.531244 0.437126
vn -0.713751 -0.516646 0.472902
vn -0.713751 -0.516646 0.472902
vn -0.713751 -0.516646 0.472902
vn -0.990556 0.048213 0.128350
vn -0.986720 0.030474 0.159544
vn -0.712507 0.438705 -0.547605
vn -0.718080 0.436531 -0.542035
vn 0.271380 0.515819 -0.812578
vn 0.209297 0.537546 -0.816847
vn -0.196057 0.658612 -0.726492
vn -0.185018 0.661132 -0.727099
vn 0.530994 0.177710 -0.828532
vn 0.553182 0.133910 -0.822227
vn 0.636255 -0.250751 -0.729591
vn 0.635938 -0.249806 -0.730192
vn -0.974300 0.185528 -0.127745
vn -0.985268 0.154499 -0.073329
vn -0.478250 0.497212 -0.723918
vn -0.478250 0.497212 -0.723918
vn 0.607936 0.377136 -0.698701
vn 0.562410 0.409585 -0.718287
vn 0.322130 0.542298 -0.775980
vn 0.322130 0.542298 -0.775980
vn 0.214407 0.579985 -0.785905
vn 0.181766 0.589744 -0.786870
vn 0.181766 0.589744 -0.786870
vn 0.181766 0.589744 -0.786870
s 1
g pCylinder2
usemtl initialShadingGroup
f 1/1/1 2/103/2 369/422/3 370/423/4
s 2
f 2/2/5 1/54/6 4/3/7 3/4/8
s 3
f 3/16/9 4/74/10 145/28/11 144/203/12 155/206/13 154/17/14
s 4
f 5/5/15 6/85/16 373/427/17 374/428/18
s 5
f 6/6/19 5/58/20 8/7/21 7/57/22
s 3
f 7/14/23 8/76/24 149/35/25 148/204/26 143/18/27 142/27/28
s 7
f 9/8/29 10/91/30 377/433/31 378/434/32
s 8
f 10/9/33 9/63/34 12/10/35 11/62/36
s 3
f 11/15/37 12/78/38 153/42/39 152/205/40 147/19/41 146/34/42
s 10
f 13/11/43 14/97/44 381/439/45 382/440/46
s 11
f 14/12/47 13/68/48 16/13/49 15/67/50
s 3
f 15/21/51 16/80/52 157/49/53 156/207/54 151/20/55 150/41/56
s 13
f 17/84/57 18/119/58 360/413/59 361/414/60
s 14
f 19/90/61 20/108/62 364/417/63 365/418/64
s 15
f 23/102/65 24/115/66 356/409/67 357/410/68
s 16
f 25/107/69 26/135/70 391/451/71 392/452/72
s 17
f 27/111/73 28/123/74 395/455/75 396/456/76
s 18
f 30/118/77 31/131/78 387/447/79 388/448/80
s 19
f 32/122/81 33/150/82 421/481/83 422/482/84
s 20
f 34/126/85 35/139/86 425/485/87 426/486/88
s 21
f 320/375/89 321/358/90 322/374/91
s 22
f 38/134/92 39/146/93 417/477/94 418/478/95
s 23
f 40/138/96 41/165/97 447/507/98 448/508/99
s 24
f 42/142/100 43/154/101 451/511/102 452/512/103
s 25
f 263/317/104 264/299/105 265/316/106
s 26
f 47/153/107 48/181/108 473/533/109 474/534/110
s 27
f 49/157/111 50/169/112 477/537/113 478/538/114
s 28
f 51/161/115 52/173/116 481/541/117 482/542/118
s 29
f 54/168/119 55/201/120 512/572/121 513/573/122
s 30
f 56/172/123 57/196/124 516/576/125 517/577/126
s 31
f 58/176/127 59/191/128 520/580/129 521/581/130
s 32
f 60/180/131 61/186/132 524/584/133 525/585/134
s 3
f 144/203/12 143/18/27 148/204/26 147/19/41 152/205/40 151/20/55 156/207/54 155/206/13
s off
f 70/22/135 71/56/136 73/23/137 72/55/138
s 33
f 71/24/139 70/83/140 371/424/141 372/425/142
s 3
f 72/25/143 73/26/144 142/27/28 145/28/11
s off
f 74/29/145 75/61/146 77/30/147 76/59/148
s 34
f 75/31/149 74/88/150 375/430/151 376/431/152
s 3
f 76/32/153 77/33/154 146/34/42 149/35/25
s off
f 78/36/155 79/66/156 81/37/157 80/64/158
s 35
f 79/38/159 78/94/160 379/436/161 380/437/162
s 3
f 80/39/163 81/40/164 150/41/56 153/42/39
s off
f 82/43/165 83/71/166 85/44/167 84/69/168
s 36
f 83/45/169 82/100/170 383/442/171 384/443/172
s 3
f 84/46/173 85/47/174 154/48/14 157/49/53
s 37
f 87/87/175 86/106/176 362/415/177 363/416/178
s 38
f 89/93/179 88/110/180 366/419/181 367/420/182
s 39
f 91/99/183 90/114/184 354/407/185 355/408/186
s 40
f 93/105/187 92/117/188 358/411/189 359/412/190
s 41
f 95/109/191 94/121/192 393/453/193 394/454/194
s 42
f 97/113/195 96/125/196 397/457/197 398/458/198
s 43
f 99/116/199 98/129/200 385/445/201 386/446/202
s 44
f 101/120/203 100/133/204 389/449/205 390/450/206
s 45
f 103/124/207 102/137/208 423/483/209 424/484/210
s 46
f 105/128/211 104/141/212 427/487/213 428/488/214
s 47
f 107/132/215 106/145/216 415/475/217 416/476/218
s 48
f 109/136/219 108/148/220 419/479/221 420/480/222
s 49
f 111/140/223 110/152/224 449/509/225 450/510/226
s 50
f 113/144/227 112/156/228 453/513/229 454/514/230
s 51
f 115/147/231 114/160/232 551/611/233 552/612/234
s 52
f 117/151/235 116/164/236 445/505/237 446/506/238
s 53
f 119/155/239 118/167/240 475/535/241 476/536/242
s 54
f 121/159/243 120/171/244 479/539/245 480/540/246
s 55
f 123/163/247 122/175/248 483/543/249 484/544/250
s 56
f 125/166/251 124/179/252 471/531/253 472/532/254
s 57
f 127/170/255 126/198/256 514/574/257 515/575/258
s 58
f 129/174/259 128/193/260 518/578/261 519/579/262
s 59
f 131/178/263 130/188/264 522/582/265 523/583/266
s 60
f 133/182/267 132/183/268 526/586/269 527/587/270
s 2
f 1/54/6 70/22/271 72/55/272 4/3/7
s 5
f 71/56/273 6/6/19 7/57/22 73/23/274
f 5/58/20 74/29/275 76/59/276 8/60/21
s 8
f 75/61/277 10/9/33 11/62/36 77/30/278
f 9/63/34 78/36/279 80/64/280 12/65/35
s 11
f 79/66/281 14/12/47 15/67/50 81/37/282
f 13/68/48 82/43/283 84/69/284 16/70/49
s 2
f 83/71/285 2/72/5 3/73/8 85/44/286
s 3
f 4/74/10 72/25/143 145/28/11
f 73/75/144 7/14/23 142/27/28
f 8/76/24 76/32/153 149/35/25
f 77/77/154 11/15/37 146/34/42
f 12/78/38 80/39/163 153/42/39
f 81/79/164 15/21/51 150/41/56
f 16/80/52 84/46/173 157/49/53
f 85/81/174 3/82/9 154/48/14
s 1
f 70/83/287 1/1/1 370/423/4 371/424/288
s 4
f 6/85/16 71/86/289 372/426/290 373/427/17
f 74/88/291 5/89/15 374/429/18 375/430/292
s 7
f 10/91/30 75/92/293 376/432/294 377/433/31
f 78/94/295 9/95/29 378/435/32 379/436/296
s 10
f 14/97/44 79/98/297 380/438/298 381/439/45
f 82/100/299 13/101/43 382/441/46 383/442/300
s 1
f 2/103/2 83/104/301 384/444/302 369/422/3
s 13
f 86/106/303 17/84/57 361/414/60 362/415/304
s 14
f 20/108/62 87/87/305 363/416/306 364/417/63
f 88/110/307 19/90/61 365/418/64 366/419/308
s 61
f 22/112/309 89/93/310 367/420/311 368/421/312
s 15
f 24/115/66 91/99/313 355/408/314 356/409/67
f 92/117/315 23/102/65 357/410/68 358/411/316
s 13
f 18/119/58 93/105/317 359/412/318 360/413/59
s 16
f 94/121/319 25/107/69 392/452/72 393/453/320
s 17
f 28/123/74 95/109/321 394/454/322 395/455/75
f 96/125/323 27/111/73 396/456/76 397/457/324
s 62
f 29/127/325 97/113/326 398/458/327 399/459/328
s 18
f 31/131/78 99/116/329 386/446/330 387/447/79
f 100/133/331 30/118/77 388/448/80 389/449/332
s 16
f 26/135/70 101/120/333 390/450/334 391/451/71
s 19
f 102/137/335 32/122/81 422/482/84 423/483/336
s 20
f 35/139/86 103/124/337 424/484/338 425/485/87
f 104/141/339 34/126/85 426/486/88 427/487/340
s 63
f 37/143/341 105/128/342 428/488/343 429/489/344
s 22
f 39/146/93 107/132/345 416/476/346 417/477/94
f 108/148/347 38/134/92 418/478/95 419/479/348
s 19
f 33/150/82 109/136/349 420/480/350 421/481/83
s 23
f 110/152/351 40/138/96 448/508/99 449/509/352
s 24
f 43/154/101 111/140/353 450/510/354 451/511/102
f 112/156/355 42/142/100 452/512/103 453/513/356
s 64
f 44/158/357 113/144/358 454/514/359 455/515/360
s 65
f 46/162/361 115/147/362 552/612/363 553/613/364
s 23
f 41/165/97 117/151/365 446/506/366 447/507/98
s 26
f 118/167/367 47/153/107 474/534/110 475/535/368
s 27
f 50/169/112 119/155/369 476/536/370 477/537/113
f 120/171/371 49/157/111 478/538/114 479/539/372
s 28
f 52/173/116 121/159/373 480/540/374 481/541/117
f 122/175/375 51/161/115 482/542/118 483/543/376
s 66
f 53/177/377 123/163/378 484/544/379 485/545/380
s 26
f 48/181/108 125/166/381 472/532/382 473/533/109
s 67
f 132/183/383 60/180/384 525/585/385 526/586/386
s 59
f 61/186/387 131/178/263 523/583/266 524/584/388
s 68
f 130/188/389 58/176/390 521/581/391 522/582/392
s 58
f 59/191/393 129/174/259 519/579/262 520/580/394
s 69
f 128/193/395 56/172/396 517/577/397 518/578/398
s 57
f 57/196/399 127/170/255 515/575/258 516/576/400
s 70
f 126/198/401 54/168/402 513/573/403 514/574/404
s 60
f 55/201/405 133/182/267 527/587/270 512/572/406
s 3
f 142/27/28 143/18/27 144/203/12 145/28/11
f 146/34/42 147/19/41 148/204/26 149/35/25
f 150/41/56 151/20/55 152/205/40 153/42/39
f 154/17/14 155/206/13 156/207/54 157/49/53
s off
f 158/208/407 159/209/408 160/210/409 161/211/410
f 162/212/411 163/213/412 164/214/413 165/215/414
f 166/216/415 167/217/416 168/218/417 169/219/418
f 170/220/419 171/221/420 172/222/421 173/223/422
s 71
f 64/197/423 174/225/424 65/194/425
s off
f 62/202/426 140/53/427 159/209/428 158/208/429
f 140/53/430 141/185/431 160/210/432 159/209/433
f 141/185/434 69/184/435 161/211/436 160/210/437
f 69/184/438 62/202/439 158/208/440 161/211/441
f 68/187/442 138/52/443 163/213/444 162/212/445
f 138/52/446 139/190/447 164/214/448 163/213/449
f 139/190/450 67/189/451 165/215/452 164/214/453
f 67/189/454 68/187/455 162/212/456 165/215/457
f 66/192/458 136/51/459 167/217/460 166/216/461
f 136/51/462 137/195/463 168/218/464 167/217/465
f 137/195/466 65/194/467 169/219/468 168/218/469
f 65/194/470 66/192/471 166/216/472 169/219/473
f 64/197/474 134/50/475 171/221/476 170/220/477
f 134/50/478 135/200/479 172/222/480 171/221/481
f 135/200/482 63/199/483 173/223/484 172/222/485
f 63/199/486 64/197/487 170/220/488 173/223/489
s 71
f 174/224/424 67/189/490 66/192/491
f 65/194/425 174/224/424 66/192/491
f 63/199/492 174/225/424 64/197/423
f 62/202/493 69/184/494 174/225/424
f 68/187/495 174/225/424 69/184/494
f 62/202/493 174/225/424 63/199/492
f 67/189/490 174/225/424 68/187/495
s 62
f 98/129/496 178/229/497 179/230/498 177/228/499 546/606/500 385/445/501
s 61
f 90/114/502 21/96/503 544/604/504 354/407/505
f 21/96/503 22/112/309 368/421/312 544/604/504
s 62
f 177/228/499 182/233/506 175/226/507 29/127/325 399/459/328 546/606/500
s 74
f 206/258/508 207/259/509 208/234/510
f 209/260/511 208/234/510 207/259/509
f 210/261/512 208/234/510 209/260/511
f 211/262/513 208/234/510 210/261/512
f 212/263/514 208/234/510 211/262/513
f 213/264/515 208/234/510 212/263/514
f 214/265/516 208/234/510 213/264/515
f 206/258/508 208/234/510 214/265/516
s off
f 177/228/517 179/230/518 184/236/519 183/235/520
f 179/230/521 178/229/522 185/237/523 184/236/524
f 178/229/525 180/231/526 186/238/527 185/237/528
f 180/231/529 176/227/530 187/239/531 186/238/532
f 176/227/533 181/232/534 188/240/535 187/239/536
f 181/232/537 175/226/538 189/241/539 188/240/540
f 175/226/541 182/233/542 190/242/543 189/241/544
f 182/233/545 177/228/546 183/235/547 190/242/548
f 183/235/549 184/236/550 192/244/551 191/243/552
s 75
f 231/284/553 232/274/554 233/283/555
s off
f 186/238/556 187/239/557 194/246/558 193/245/559
f 187/239/560 188/240/561 195/247/562 194/246/563
f 188/240/564 189/241/565 196/248/566 195/247/567
f 189/241/568 190/242/569 197/249/570 196/248/571
f 190/242/572 183/235/573 191/243/574 197/249/575
f 191/243/576 192/244/577 199/251/578 198/250/579
f 193/245/580 194/246/581 202/254/582 201/253/583
f 194/246/584 195/247/585 203/255/586 202/254/587
f 195/247/588 196/248/589 204/256/590 203/255/591
f 196/248/592 197/249/593 205/257/594 204/256/595
f 197/249/596 191/243/597 198/250/598 205/257/599
f 198/250/600 199/251/601 207/259/602 206/258/603
f 199/251/604 200/252/605 209/260/606 207/259/607
f 200/252/608 201/253/609 210/261/610 209/260/611
f 201/253/612 202/254/613 211/262/614 210/261/615
f 202/254/616 203/255/617 212/263/618 211/262/619
f 203/255/620 204/256/621 213/264/622 212/263/623
f 204/256/624 205/257/625 214/265/626 213/264/627
f 205/257/628 198/250/629 206/258/630 214/265/631
f 184/236/632 185/237/633 215/266/634 219/270/635 216/267/636 192/244/637
f 185/237/638 186/238/639 193/245/640 217/268/641 220/271/642 215/266/643
f 218/269/644 221/272/645 217/268/646 193/245/647 201/253/648 200/252/649
f 192/244/650 216/267/651 222/273/652 218/269/653 200/252/654 199/251/655
s 75
f 234/285/656 232/274/554 231/284/553
f 235/287/657 232/274/554 236/286/658
f 235/287/657 237/288/659 232/274/554
f 232/274/554 238/289/660 239/290/661
f 233/283/555 232/274/554 239/290/661
f 236/286/658 232/274/554 234/285/656
f 232/274/554 237/288/659 238/289/660
s off
f 217/268/662 221/272/663 223/276/664 224/275/665
f 221/272/666 218/269/667 225/277/668 223/276/669
f 222/273/670 216/267/671 226/279/672 227/278/673
f 216/267/674 219/270/675 228/280/676 226/279/677
f 215/266/678 220/271/679 230/282/680 229/281/681
f 220/271/682 217/268/683 224/275/684 230/282/685
f 218/269/686 222/273/687 227/278/688 225/277/689
f 219/270/690 215/266/691 229/281/692 228/280/693
f 224/275/694 223/276/695 231/284/696 233/283/697
f 223/276/698 225/277/699 234/285/700 231/284/701
f 227/278/702 226/279/703 235/287/704 236/286/705
f 226/279/706 228/280/707 237/288/708 235/287/709
f 229/281/710 230/282/711 239/290/712 238/289/713
f 230/282/714 224/275/715 233/283/716 239/290/717
f 225/277/718 227/278/719 236/286/720 234/285/721
f 228/280/722 229/281/723 238/289/724 237/288/725
s 66
f 124/179/726 243/294/727 244/295/728 242/293/729 555/615/730 471/531/731
s 65
f 116/164/732 45/149/733 554/614/734 445/505/735
f 45/149/733 46/162/361 553/613/364 554/614/734
s 66
f 242/293/729 247/298/736 240/291/737 53/177/377 485/545/380 555/615/730
s 25
f 266/318/738 264/299/105 263/317/104
f 266/318/738 267/319/739 264/299/105
f 264/299/105 267/319/739 268/320/740
f 269/322/741 264/300/105 270/321/742
f 264/299/105 268/320/740 271/323/743
f 270/321/742 264/300/105 271/323/743
f 265/316/106 264/299/105 269/322/741
s 77
f 288/342/744 289/332/745 290/341/746
s off
f 242/293/747 244/295/748 250/303/749 249/302/750
f 244/295/751 243/294/752 251/304/753 250/303/754
f 241/292/755 246/297/756 252/306/757 253/305/758
f 243/294/759 245/296/760 254/307/761 251/304/762
f 245/296/763 241/292/764 253/305/765 254/307/766
f 246/297/767 240/291/768 248/301/769 252/306/770
f 249/302/771 250/303/772 258/311/773 257/310/774
f 250/303/775 251/304/776 259/312/777 258/311/778
f 253/305/779 252/306/780 260/314/781 261/313/782
f 251/304/783 254/307/784 262/315/785 259/312/786
f 254/307/787 253/305/788 261/313/789 262/315/790
f 252/306/791 248/301/792 256/308/793 260/314/794
f 256/308/795 255/309/796 263/317/797 265/316/798
f 255/309/799 257/310/800 266/318/801 263/317/802
f 257/310/803 258/311/804 267/319/805 266/318/806
f 258/311/807 259/312/808 268/320/809 267/319/810
f 261/313/811 260/314/812 269/322/813 270/321/814
f 259/312/815 262/315/816 271/323/817 268/320/818
f 262/315/819 261/313/820 270/321/821 271/323/822
f 260/314/823 256/308/824 265/316/825 269/322/826
f 240/291/827 247/298/828 272/324/829 276/328/830 273/325/831 248/301/832
f 247/298/833 242/293/834 249/302/835 274/326/836 277/329/837 272/324/838
f 275/327/839 278/330/840 274/326/841 249/302/842 257/310/843 255/309/844
f 248/301/845 273/325/846 279/331/847 275/327/848 255/309/849 256/308/850
s 77
f 290/341/746 289/332/745 291/343/851
f 289/332/745 292/344/852 293/345/853
f 289/332/745 293/345/853 294/346/854
f 295/347/855 289/332/745 294/346/854
f 296/348/856 289/332/745 295/347/855
f 291/343/851 289/332/745 296/348/856
f 288/342/744 292/344/852 289/332/745
s off
f 279/331/857 273/325/858 280/334/859 281/333/860
f 275/327/861 279/331/862 281/333/863 282/335/864
f 276/328/865 272/324/866 284/337/867 283/336/868
f 272/324/869 277/329/870 285/338/871 284/337/872
f 277/329/873 274/326/874 286/339/875 285/338/876
f 274/326/877 278/330/878 287/340/879 286/339/880
f 278/330/881 275/327/882 282/335/883 287/340/884
f 273/325/885 276/328/886 283/336/887 280/334/888
f 281/333/889 280/334/890 288/342/891 290/341/892
f 282/335/893 281/333/894 290/341/895 291/343/896
f 283/336/897 284/337/898 293/345/899 292/344/900
f 284/337/901 285/338/902 294/346/903 293/345/904
f 285/338/905 286/339/906 295/347/907 294/346/908
f 286/339/909 287/340/910 296/348/911 295/347/912
f 287/340/913 282/335/914 291/343/915 296/348/916
f 280/334/917 283/336/918 292/344/919 288/342/920
s 64
f 114/160/921 300/352/922 301/353/923 299/351/924 550/610/925 551/611/926
s 63
f 106/145/927 36/130/928 548/608/929 415/475/930
f 36/130/928 37/143/341 429/489/344 548/608/929
s 64
f 299/351/924 304/356/931 297/349/932 44/158/357 455/515/360 550/610/925
s 21
f 323/377/933 321/357/90 324/376/934
f 321/357/90 325/378/935 326/379/936
f 322/374/91 321/358/90 327/380/937
f 324/376/934 321/357/90 320/375/89
f 321/357/90 328/381/938 325/378/935
f 323/377/933 328/381/938 321/357/90
f 327/380/937 321/358/90 326/379/936
s off
f 304/356/939 299/351/940 306/361/941 307/360/942
f 300/352/943 302/354/944 309/363/945 308/362/946
s 80
f 345/390/947 346/399/948 347/400/949
s off
f 297/349/950 304/356/951 307/360/952 305/359/953
f 301/353/954 300/352/955 308/362/956 311/365/957
f 299/351/958 301/353/959 311/365/960 306/361/961
f 302/354/962 298/350/963 310/364/964 309/363/965
f 307/360/966 306/361/967 314/369/968 315/368/969
f 308/362/970 309/363/971 317/371/972 316/370/973
f 305/359/974 307/360/975 315/368/976 312/367/977
f 311/365/978 308/362/979 316/370/980 319/373/981
f 306/361/982 311/365/983 319/373/984 314/369/985
f 309/363/986 310/364/987 318/372/988 317/371/989
f 313/366/990 312/367/991 320/375/992 322/374/993
f 315/368/994 314/369/995 323/377/996 324/376/997
f 316/370/998 317/371/999 326/379/1000 325/378/1001
f 318/372/1002 313/366/1003 322/374/1004 327/380/1005
f 312/367/1006 315/368/1007 324/376/1008 320/375/1009
f 319/373/1010 316/370/1011 325/378/1012 328/381/1013
f 314/369/1014 319/373/1015 328/381/1016 323/377/1017
f 317/371/1018 318/372/1019 327/380/1020 326/379/1021
f 298/350/1022 303/355/1023 329/382/1024 333/386/1025 331/384/1026 310/364/1027
f 303/355/1028 297/349/1029 305/359/1030 330/383/1031 334/387/1032 329/382/1033
f 332/385/1034 335/388/1035 330/383/1036 305/359/1037 312/367/1038 313/366/1039
f 310/364/1040 331/384/1041 336/389/1042 332/385/1043 313/366/1044 318/372/1045
s 80
f 348/401/1046 345/390/947 347/400/949
f 349/402/1047 345/390/947 348/401/1046
f 350/403/1048 345/390/947 349/402/1047
f 351/404/1049 345/390/947 350/403/1048
f 352/405/1050 345/390/947 351/404/1049
f 352/405/1050 353/406/1051 345/390/947
f 346/399/948 345/390/947 353/406/1051
s off
f 329/382/1052 334/387/1053 338/392/1054 337/391/1055
f 334/387/1056 330/383/1057 339/393/1058 338/392/1059
f 330/383/1060 335/388/1061 340/394/1062 339/393/1063
f 335/388/1064 332/385/1065 341/395/1066 340/394/1067
f 332/385/1068 336/389/1069 342/396/1070 341/395/1071
f 336/389/1072 331/384/1073 343/397/1074 342/396/1075
f 331/384/1076 333/386/1077 344/398/1078 343/397/1079
f 333/386/1080 329/382/1081 337/391/1082 344/398/1083
f 337/391/1084 338/392/1085 347/400/1086 346/399/1087
f 338/392/1088 339/393/1089 348/401/1090 347/400/1091
f 339/393/1092 340/394/1093 349/402/1094 348/401/1095
f 340/394/1096 341/395/1097 350/403/1098 349/402/1099
f 341/395/1100 342/396/1101 351/404/1102 350/403/1103
f 342/396/1104 343/397/1105 352/405/1106 351/404/1107
f 343/397/1108 344/398/1109 353/406/1110 352/405/1111
f 344/398/1112 337/391/1113 346/399/1114 353/406/1115
s 39
f 413/473/1116 414/474/1117 98/129/1118 99/116/1119
s 15
f 412/472/1120 413/473/1121 99/116/1122 31/131/1123
f 411/471/1124 412/472/1120 31/131/1123 30/118/1125
f 410/470/1126 411/471/1124 30/118/1125 100/133/1127
s 40
f 409/469/1128 410/470/1129 100/133/1130 101/120/1131
s 13
f 408/468/1132 409/469/1133 101/120/1134 26/135/1135
f 407/467/1136 408/468/1132 26/135/1135 25/107/1137
f 406/466/1138 407/467/1136 25/107/1137 94/121/1139
s 37
f 405/465/1140 406/466/1141 94/121/1142 95/109/1143
s 14
f 404/464/1144 405/465/1145 95/109/1146 28/123/1147
f 403/463/1148 404/464/1144 28/123/1147 27/111/1149
f 402/462/1150 403/463/1148 27/111/1149 96/125/1151
s 38
f 401/461/1152 402/462/1153 96/125/1154 97/113/1155
s 61
f 400/460/1156 401/461/1157 97/113/1158 29/127/1159
s 1
f 370/423/4 369/422/3 18/119/1160 17/84/1161
f 371/424/288 370/423/4 17/84/1161 86/106/1162
s 33
f 372/425/142 371/424/141 86/106/1163 87/87/1164
s 4
f 373/427/17 372/426/290 87/87/1165 20/108/1166
f 374/428/18 373/427/17 20/108/1166 19/90/1167
f 375/430/292 374/429/18 19/90/1167 88/110/1168
s 34
f 376/431/152 375/430/151 88/110/1169 89/93/1170
s 7
f 377/433/31 376/432/294 89/93/1171 22/112/1172
f 378/434/32 377/433/31 22/112/1172 21/96/1173
f 379/436/296 378/435/32 21/96/1173 90/114/1174
s 35
f 380/437/162 379/436/161 90/114/1175 91/99/1176
s 10
f 381/439/45 380/438/298 91/99/1177 24/115/1178
f 382/440/46 381/439/45 24/115/1178 23/102/1179
f 383/442/300 382/441/46 23/102/1179 92/117/1180
s 36
f 384/443/172 383/442/171 92/117/1181 93/105/1182
s 1
f 369/422/3 384/444/302 93/105/1183 18/119/1160
s 43
f 443/503/1184 444/504/1185 106/145/1186 107/132/1187
s 18
f 442/502/1188 443/503/1189 107/132/1190 39/146/1191
f 441/501/1192 442/502/1188 39/146/1191 38/134/1193
f 440/500/1194 441/501/1192 38/134/1193 108/148/1195
s 44
f 439/499/1196 440/500/1197 108/148/1198 109/136/1199
s 16
f 438/498/1200 439/499/1201 109/136/1202 33/150/1203
f 437/497/1204 438/498/1200 33/150/1203 32/122/1205
f 436/496/1206 437/497/1204 32/122/1205 102/137/1207
s 41
f 435/495/1208 436/496/1209 102/137/1210 103/124/1211
s 17
f 434/494/1212 435/495/1213 103/124/1214 35/139/1215
f 433/493/1216 434/494/1212 35/139/1215 34/126/1217
f 432/492/1218 433/493/1216 34/126/1217 104/141/1219
s 42
f 431/491/1220 432/492/1221 104/141/1222 105/128/1223
s 62
f 430/490/1224 431/491/1225 105/128/1226 37/143/1227
s 61
f 368/421/312 367/420/311 401/461/1157 400/460/1156
s 38
f 367/420/182 366/419/181 402/462/1153 401/461/1152
s 14
f 366/419/308 365/418/64 403/463/1148 402/462/1150
f 365/418/64 364/417/63 404/464/1144 403/463/1148
f 364/417/63 363/416/306 405/465/1145 404/464/1144
s 37
f 363/416/178 362/415/177 406/466/1141 405/465/1140
s 13
f 362/415/304 361/414/60 407/467/1136 406/466/1138
f 361/414/60 360/413/59 408/468/1132 407/467/1136
f 360/413/59 359/412/318 409/469/1133 408/468/1132
s 40
f 359/412/190 358/411/189 410/470/1129 409/469/1128
s 15
f 358/411/316 357/410/68 411/471/1124 410/470/1126
f 357/410/68 356/409/67 412/472/1120 411/471/1124
f 356/409/67 355/408/314 413/473/1121 412/472/1120
s 39
f 355/408/186 354/407/185 414/474/1117 413/473/1116
s 47
f 469/529/1228 470/530/1229 114/160/1230 115/147/1231
s 22
f 468/528/1232 469/529/1233 115/147/1234 46/162/1235
f 467/527/1236 468/528/1232 46/162/1235 45/149/1237
f 466/526/1238 467/527/1236 45/149/1237 116/164/1239
s 48
f 465/525/1240 466/526/1241 116/164/1242 117/151/1243
s 19
f 464/524/1244 465/525/1245 117/151/1246 41/165/1247
f 463/523/1248 464/524/1244 41/165/1247 40/138/1249
f 462/522/1250 463/523/1248 40/138/1249 110/152/1251
s 45
f 461/521/1252 462/522/1253 110/152/1254 111/140/1255
s 20
f 460/520/1256 461/521/1257 111/140/1258 43/154/1259
f 459/519/1260 460/520/1256 43/154/1259 42/142/1261
f 458/518/1262 459/519/1260 42/142/1261 112/156/1263
s 46
f 457/517/1264 458/518/1265 112/156/1266 113/144/1267
s 63
f 456/516/1268 457/517/1269 113/144/1270 44/158/1271
s 62
f 399/459/328 398/458/327 431/491/1225 430/490/1224
s 42
f 398/458/198 397/457/197 432/492/1221 431/491/1220
s 17
f 397/457/324 396/456/76 433/493/1216 432/492/1218
f 396/456/76 395/455/75 434/494/1212 433/493/1216
f 395/455/75 394/454/322 435/495/1213 434/494/1212
s 41
f 394/454/194 393/453/193 436/496/1209 435/495/1208
s 16
f 393/453/320 392/452/72 437/497/1204 436/496/1206
f 392/452/72 391/451/71 438/498/1200 437/497/1204
f 391/451/71 390/450/334 439/499/1201 438/498/1200
s 44
f 390/450/206 389/449/205 440/500/1197 439/499/1196
s 18
f 389/449/332 388/448/80 441/501/1192 440/500/1194
f 388/448/80 387/447/79 442/502/1188 441/501/1192
f 387/447/79 386/446/330 443/503/1189 442/502/1188
s 43
f 386/446/202 385/445/201 444/504/1185 443/503/1184
s 52
f 495/555/1272 496/556/1273 124/179/1274 125/166/1275
s 23
f 494/554/1276 495/555/1277 125/166/1278 48/181/1279
f 493/553/1280 494/554/1276 48/181/1279 47/153/1281
f 492/552/1282 493/553/1280 47/153/1281 118/167/1283
s 49
f 491/551/1284 492/552/1285 118/167/1286 119/155/1287
s 24
f 490/550/1288 491/551/1289 119/155/1290 50/169/1291
f 489/549/1292 490/550/1288 50/169/1291 49/157/1293
f 488/548/1294 489/549/1292 49/157/1293 120/171/1295
s 50
f 487/547/1296 488/548/1297 120/171/1298 121/159/1299
s 64
f 486/546/1300 487/547/1301 121/159/1302 52/173/1303
s 63
f 429/489/344 428/488/343 457/517/1269 456/516/1268
s 46
f 428/488/214 427/487/213 458/518/1265 457/517/1264
s 20
f 427/487/340 426/486/88 459/519/1260 458/518/1262
f 426/486/88 425/485/87 460/520/1256 459/519/1260
f 425/485/87 424/484/338 461/521/1257 460/520/1256
s 45
f 424/484/210 423/483/209 462/522/1253 461/521/1252
s 19
f 423/483/336 422/482/84 463/523/1248 462/522/1250
f 422/482/84 421/481/83 464/524/1244 463/523/1248
f 421/481/83 420/480/350 465/525/1245 464/524/1244
s 48
f 420/480/222 419/479/221 466/526/1241 465/525/1240
s 22
f 419/479/348 418/478/95 467/527/1236 466/526/1238
f 418/478/95 417/477/94 468/528/1232 467/527/1236
f 417/477/94 416/476/346 469/529/1233 468/528/1232
s 47
f 416/476/218 415/475/217 470/530/1229 469/529/1228
s 56
f 510/570/1304 511/571/1305 132/183/1306 133/182/1307
s 26
f 509/569/1308 510/570/1309 133/182/1310 55/201/1311
f 508/568/1312 509/569/1308 55/201/1311 54/168/1313
f 507/567/1314 508/568/1312 54/168/1313 126/198/1315
s 53
f 506/566/1316 507/567/1317 126/198/1318 127/170/1319
s 27
f 505/565/1320 506/566/1321 127/170/1322 57/196/1323
f 504/564/1324 505/565/1320 57/196/1323 56/172/1325
f 503/563/1326 504/564/1324 56/172/1325 128/193/1327
s 54
f 502/562/1328 503/563/1329 128/193/1330 129/174/1331
s 28
f 501/561/1332 502/562/1333 129/174/1334 59/191/1335
f 500/560/1336 501/561/1332 59/191/1335 58/176/1337
f 499/559/1338 500/560/1336 58/176/1337 130/188/1339
s 55
f 498/558/1340 499/559/1341 130/188/1342 131/178/1343
s 66
f 497/557/1344 498/558/1345 131/178/1346 61/186/1347
s 64
f 455/515/360 454/514/359 487/547/1301 486/546/1300
s 50
f 454/514/230 453/513/229 488/548/1297 487/547/1296
s 24
f 453/513/356 452/512/103 489/549/1292 488/548/1294
f 452/512/103 451/511/102 490/550/1288 489/549/1292
f 451/511/102 450/510/354 491/551/1289 490/550/1288
s 49
f 450/510/226 449/509/225 492/552/1285 491/551/1284
s 23
f 449/509/352 448/508/99 493/553/1280 492/552/1282
f 448/508/99 447/507/98 494/554/1276 493/553/1280
f 447/507/98 446/506/366 495/555/1277 494/554/1276
s 52
f 446/506/238 445/505/237 496/556/1273 495/555/1272
s 66
f 485/545/380 484/544/379 498/558/1345 497/557/1344
s 55
f 484/544/250 483/543/249 499/559/1341 498/558/1340
s 28
f 483/543/376 482/542/118 500/560/1336 499/559/1338
f 482/542/118 481/541/117 501/561/1332 500/560/1336
f 481/541/117 480/540/374 502/562/1333 501/561/1332
s 54
f 480/540/246 479/539/245 503/563/1329 502/562/1328
s 27
f 479/539/372 478/538/114 504/564/1324 503/563/1326
f 478/538/114 477/537/113 505/565/1320 504/564/1324
f 477/537/113 476/536/370 506/566/1321 505/565/1320
s 53
f 476/536/242 475/535/241 507/567/1317 506/566/1316
s 26
f 475/535/368 474/534/110 508/568/1312 507/567/1314
f 474/534/110 473/533/109 509/569/1308 508/568/1312
f 473/533/109 472/532/382 510/570/1309 509/569/1308
s 56
f 472/532/254 471/531/253 511/571/1305 510/570/1304
s 29
f 528/588/1348 529/589/1349 62/202/1350 63/199/1351
s 70
f 543/603/1352 528/588/1353 63/199/1354 135/200/1355
s 57
f 542/602/1356 543/603/1357 135/200/1358 134/50/1359
f 541/601/1360 542/602/1356 134/50/1359 64/197/1361
s 30
f 540/600/1362 541/601/1363 64/197/1364 65/194/1365
s 69
f 539/599/1366 540/600/1367 65/194/1368 137/195/1369
s 58
f 538/598/1370 539/599/1371 137/195/1372 136/51/1373
f 537/597/1374 538/598/1370 136/51/1373 66/192/1375
s 31
f 536/596/1376 537/597/1377 66/192/1378 67/189/1379
s 68
f 535/595/1380 536/596/1381 67/189/1382 139/190/1383
s 59
f 534/594/1384 535/595/1385 139/190/1386 138/52/1387
f 533/593/1388 534/594/1384 138/52/1387 68/187/1389
s 32
f 532/592/1390 533/593/1391 68/187/1392 69/184/1393
s 67
f 531/591/1394 532/592/1395 69/184/1396 141/185/1397
s 60
f 530/590/1398 531/591/1399 141/185/1400 140/53/1401
f 529/589/1402 530/590/1398 140/53/1401 62/202/1403
s 29
f 513/573/122 512/572/121 529/589/1349 528/588/1348
s 60
f 512/572/406 527/587/270 530/590/1398 529/589/1402
f 527/587/270 526/586/269 531/591/1399 530/590/1398
s 67
f 526/586/386 525/585/385 532/592/1395 531/591/1394
s 32
f 525/585/134 524/584/133 533/593/1391 532/592/1390
s 59
f 524/584/388 523/583/266 534/594/1384 533/593/1388
f 523/583/266 522/582/265 535/595/1385 534/594/1384
s 68
f 522/582/392 521/581/391 536/596/1381 535/595/1380
s 31
f 521/581/130 520/580/129 537/597/1377 536/596/1376
s 58
f 520/580/394 519/579/262 538/598/1370 537/597/1374
f 519/579/262 518/578/261 539/599/1371 538/598/1370
s 69
f 518/578/398 517/577/397 540/600/1367 539/599/1366
s 30
f 517/577/126 516/576/125 541/601/1363 540/600/1362
s 57
f 516/576/400 515/575/258 542/602/1356 541/601/1360
f 515/575/258 514/574/257 543/603/1357 542/602/1356
s 70
f 514/574/404 513/573/403 528/588/1353 543/603/1352
s 61
f 544/604/504 368/421/312 400/460/1156 545/605/1404
f 354/407/505 544/604/504 545/605/1404 414/474/1405
f 545/605/1404 400/460/1156 29/127/1159 175/226/1406 181/232/1407 176/227/1408
f 414/474/1405 545/605/1404 176/227/1408 180/231/1409 178/229/1410 98/129/1411
s 62
f 546/606/500 399/459/328 430/490/1224 547/607/1412
f 385/445/501 546/606/500 547/607/1412 444/504/1413
f 547/607/1412 430/490/1224 37/143/1227 36/130/1414
f 444/504/1413 547/607/1412 36/130/1414 106/145/1415
s 63
f 548/608/929 429/489/344 456/516/1268 549/609/1416
f 415/475/930 548/608/929 549/609/1416 470/530/1417
f 549/609/1416 456/516/1268 44/158/1271 297/349/1418 303/355/1419 298/350/1420
f 470/530/1417 549/609/1416 298/350/1420 302/354/1421 300/352/1422 114/160/1423
s 64
f 550/610/925 455/515/360 486/546/1300 557/617/1424
f 551/611/926 550/610/925 557/617/1424 558/618/1425
s 51
f 552/612/234 551/611/233 558/618/1426 559/619/1427
s 65
f 553/613/364 552/612/363 559/619/1428 560/620/1429
f 554/614/734 553/613/364 560/620/1429 561/621/1430
f 445/505/735 554/614/734 561/621/1430 496/556/1431
s 66
f 555/615/730 485/545/380 497/557/1344 556/616/1432
f 471/531/731 555/615/730 556/616/1432 511/571/1433
f 556/616/1432 497/557/1344 61/186/1347 60/180/1434
f 511/571/1433 556/616/1432 60/180/1434 132/183/1435
s 64
f 557/617/1424 486/546/1300 52/173/1303 51/161/1436
f 558/618/1425 557/617/1424 51/161/1436 122/175/1437
s 51
f 559/619/1427 558/618/1426 122/175/1438 123/163/1439
s 65
f 560/620/1429 559/619/1428 123/163/1440 53/177/1441
f 561/621/1430 560/620/1429 53/177/1441 240/291/1442 246/297/1443 241/292/1444
f 496/556/1431 561/621/1430 241/292/1444 245/296/1445 243/294/1446 124/179/1447
